tree
version=v4
num_class=1
num_tree_per_iteration=1
label_index=0
max_feature_idx=24
objective=binary sigmoid:1
feature_names=Column_0 Column_1 Column_2 Column_3 Column_4 Column_5 Column_6 Column_7 Column_8 Column_9 Column_10 Column_11 Column_12 Column_13 Column_14 Column_15 Column_16 Column_17 Column_18 Column_19 Column_20 Column_21 Column_22 Column_23 Column_24
feature_infos=[0:388.56599999999997] [0.65000000000000002:633762.76000000001] [0.089999999999999997:2122.6300000000001] [7.4400000000000004:558945.81000000006] [0:7727.0820000000003] [56.82:64.310000000000002] [-0.20379:0.46565000000000001] [0:0] [0:1] [0:1] [-306548.56:294510.96000000002] [-310039.40999999997:302894.02000000002] [12:46] [0:1] [0:1] [0:0.97599999999999998] [0:68] [1:53] [-0.44102000000000002:3.2280000000000002] [-1:259] [1:22] [1:273] [0:30] [0:23] [3.9600000000000002e-06:27.726509910000001]
tree_sizes=1512 1408 1406 1486 1388 1723 1501 1386 1724 1730 1312 1727 1723 1416 1525 1526 1537 1530 1422 1623 1749 1734 1726 1730 1719 1636 1410 1725 1528 1620 1729 1524 1625 1735 1633 1735 1733 1636 1630 1621 1707 1721 1624 1719 1714 1621 1424 1621 1629 1533 1523 1099 1627 1069 1504 1086 1612 1590 1097 1716 979 1611 981 1725 1512 951 1520 1623 1193 1480 1179 1403 884 1483 886 1728 1721 1055 1046 887 1176 1519 1179 993 1724 875 1733 1511 1172 982 1724 881 1058 1375 1179 1059 988 784 1286 1516 1382 1091 992 885 995 1377 1595 1167 787 1289 985 997 1482 1723 1292 1162 1080 985 1729 1724 1621 1164 1079 1734 1439 1491 1490 787 1631 784 1196 1103 1491 1734 1741 1300 1003 1735 1521 1307 1722 1202 1723 1296 1206 1079 1512 786 994 1311 1531 1744 1292 1722 1532 1288 1303 877 1509 1734 1296 1313 1007 1748 1734 1740 1207 1724 1290 1608 1281 779 1000 1718 1302 1491 1584 876 688 1311 1622 1714 1741 1204 1284 1522 792 1098 1730 1098 1623 1204 1193 1095 1272 1293 1316 903 1746 1313 690 1739 1407 1199 772 1207 1401 1211 689 1422 1321 772 897 1301 1412 1080 690 996 1737 1625 1318 1315 1082 1624 1528 1099 1320 790 1108 1733 1607 1625 1291 795 998 1733 1181 1421 1732 1303 1507 1306 1742 1624 1387 1287 1308 790 1739 1298 1513 1414 1204 875 1084 1635 791 789 1413 1741 1410 1492 1743 1528 1311 1485 1399 1626 1413 791 899 1393 1103 1082 1212 794 1632 1316 786 1635 1311 1729 1310 1610 1190 981 1075 1006 1628 1635 981 1624 1175 1071 1491 985 1502 1628 1390 1633

Tree=0
num_leaves=13
num_cat=0
split_feature=6 18 22 11 6 12 16 4 5 2 0 6
split_gain=809.243 535.27 151.951 217.608 79.8784 70.1142 57.3178 22.75 99.9747 14.0997 11.3484 5.81802
threshold=0.029630000000000004 0.14275000000000002 8.3500000000000032 -16804.339999999997 -0.0058749999999999991 24.500000000000004 11.500000000000002 22.812500000000004 57.565000000000005 37.860000000000007 1.1055000000000004 0.036470000000000009
decision_type=10 10 10 10 8 10 10 8 10 10 10 8
left_child=1 5 4 -4 -3 6 -1 9 11 -2 -11 -9
right_child=7 2 3 -5 -6 -7 -8 8 -10 10 -12 -13
leaf_value=-0.063976139793261028 4.0778547706455874e-08 -0.075636322857815935 0.028968940045602992 -0.026986305393412423 0.02221325586371466 0.044093227178833121 0.0079713081651889093 -0.016333673938190869 0.072333325337752205 0.057817662845639557 0.038542193213701545 -0.074418563872615084
leaf_weight=326.0817985534668 8.0414748191833478 13.249999999999998 148.03687047958374 439.74309349060059 395.09217619895935 10.082949638366697 18.103687047958374 5.5207374095916748 22.978111505508423 283.50922656059265 73.30991005897522 10.249999999999998
leaf_count=1191 18 53 238 1249 695 12 37 15 14 277 102 41
internal_value=4.07785e-08 -0.0148559 0.00015032 -0.0128469 0.0189007 -0.0570471 -0.0601277 0.0496617 0.0193613 0.052794 0.0539729 -0.0564412
internal_weight=1754 1350.39 996.122 587.78 408.342 354.268 344.185 403.609 38.7488 364.861 356.819 15.7707
internal_count=3942 3475 2235 1487 748 1240 1228 467 70 397 379 56
is_linear=0
shrinkage=1


Tree=1
num_leaves=12
num_cat=0
split_feature=6 18 22 11 6 12 16 22 4 18 2
split_gain=746.42 496.148 143.525 198.652 74.2379 64.8717 53.0197 21.5187 17.8789 101.572 12.3132
threshold=0.029940000000000005 0.14275000000000002 8.3500000000000032 -16804.339999999997 -0.0058749999999999991 24.500000000000004 11.500000000000002 23.150000000000002 22.812500000000004 1.5330200000000003 37.860000000000007
decision_type=10 10 10 10 8 10 10 10 8 10 10
left_child=1 5 4 -4 -3 6 -1 8 10 -10 -2
right_child=7 2 3 -5 -6 -7 -8 -9 9 -11 -12
leaf_value=-0.06150068354566731 0.00040016831830585797 -0.072822585300733766 0.027450458881001942 -0.025944480913383229 0.021551167744308871 0.042432703533843201 0.0076611024895964046 0.0046104079448459397 -0.073138978349454806 0.069717047925690057 0.053939136977951822
leaf_weight=325.99816319346428 7.7914748191833487 13.231067836284636 148.50539925694466 439.91295023262501 397.31250903010368 10.078050613403319 18.10339879989624 18.591387569904327 11.488738775253294 22.948042571544647 339.21289548277855
leaf_count=1192 17 53 240 1250 697 12 37 39 46 14 345
internal_value=0 -0.0141922 0.00021749 -0.0124228 0.0183761 -0.0548339 -0.0577982 0.0479687 0.0500209 0.0211206 0.0527969
internal_weight=1753.17 1353.14 998.962 588.418 410.544 354.18 344.102 400.033 381.441 34.4368 347.004
internal_count=3942 3481 2240 1490 750 1241 1229 461 422 60 362
is_linear=0
shrinkage=0.04


Tree=2
num_leaves=12
num_cat=0
split_feature=6 18 22 11 6 12 16 22 4 18 21
split_gain=689.456 456.524 129.3 247.239 65.1631 60.0938 49.1559 19.639 16.0901 94.203 10.6075
threshold=0.029630000000000004 0.14275000000000002 10.050000000000002 -16804.339999999997 0.010130000000000002 24.500000000000004 11.500000000000002 23.150000000000002 22.812500000000004 1.5330200000000003 8.5000000000000018
decision_type=10 10 10 10 10 10 10 10 8 10 10
left_child=1 5 4 -4 -3 6 -1 8 10 -10 -2
right_child=7 2 3 -5 -6 -7 -8 -9 9 -11 -12
leaf_value=-0.059203421766045476 0.057659650849900414 0.02290552862805495 0.030463462971847238 -0.032174525341603651 -0.010059429834692823 0.040870516058564607 0.0073632237225257349 0.0044311213798048244 -0.070553534692206529 0.067230034546366252 0.042443238491927986
leaf_weight=324.80166828632355 181.63256964087486 373.47765552997589 140.15457248687744 354.03882727026939 127.76360991597176 10.064100861549376 18.102580785751343 18.590120807290077 11.452327549457548 22.865097403526306 167.89870843291283
leaf_count=1191 162 645 214 1063 313 12 37 39 46 14 206
internal_value=0 -0.0137124 0.000134149 -0.014357 0.0144614 -0.0527635 -0.0556254 0.0459157 0.0478645 0.0203219 0.0504786
internal_weight=1750.84 1348.4 995.435 494.193 501.241 352.968 342.904 402.439 383.849 34.3174 349.531
internal_count=3942 3475 2235 1277 958 1240 1228 467 428 60 368
is_linear=0
shrinkage=0.04


Tree=3
num_leaves=13
num_cat=0
split_feature=6 18 22 11 6 12 5 22 4 5 2 6
split_gain=637.787 424.988 123.705 168.684 69.1696 57.8798 95.7819 18.438 15.1191 88.015 11.4882 9.73012
threshold=0.029940000000000005 0.14275000000000002 8.3500000000000032 -16804.339999999997 -0.0058749999999999991 22.000000000000004 57.055000000000007 23.150000000000002 22.812500000000004 57.565000000000005 37.860000000000007 0.018875000000000006
decision_type=10 10 10 10 8 8 8 10 8 10 10 10
left_child=1 5 4 -4 -3 11 -7 8 10 -10 -2 -1
right_child=7 2 3 -5 -6 6 -8 -9 9 -11 -12 -13
leaf_value=-0.065362737581356009 0 -0.071072394167218472 0.02522092635337863 -0.024016996532204262 0.020126689100281786 0.071531894539308624 -0.041068086625139902 0.0042588378875599358 -0.068444724256405187 0.065087648306877813 0.050058807820644334 -0.0038985325274137807
leaf_weight=208.59524987637997 7.7860626429319373 13.197919964790342 148.26083731651306 439.31542462110519 397.0011860281229 12.79900051653385 125.33796708285809 18.588717594742775 11.388703554868696 22.73313482105732 337.3354449570179 4.9781692624092093
leaf_count=806 17 53 240 1250 697 9 413 39 46 14 345 13
internal_value=0 -0.0131182 0.000196017 -0.0115481 0.0170608 -0.0508929 -0.0302706 0.0444816 0.0463923 0.0195966 0.0489515 -0.064036
internal_weight=1747.32 1349.49 997.775 587.576 410.199 351.71 138.137 397.832 379.243 34.1218 345.122 213.573
internal_count=3942 3481 2240 1490 750 1241 422 461 422 60 362 819
is_linear=0
shrinkage=0.04


Tree=4
num_leaves=12
num_cat=0
split_feature=6 18 22 11 6 16 24 22 4 5 2
split_gain=590.401 396.642 135.981 217.819 66.5586 45.0622 21.8613 17.1314 13.8745 81.9753 10.6721
threshold=0.029940000000000005 0.12644500000000003 10.050000000000002 -16804.339999999997 0.010130000000000002 11.500000000000002 0.012134855000000002 23.150000000000002 22.812500000000004 57.565000000000005 37.860000000000007
decision_type=10 10 10 10 10 10 8 10 8 10 10
left_child=1 5 4 -4 -3 6 -1 8 10 -10 -2
right_child=7 2 3 -5 -6 -7 -8 -9 9 -11 -12
leaf_value=-0.0066450058428658403 0 0.021865221116053109 0.0264260523890434 -0.03168410379987599 -0.010722626824452743 0.0078583105217395807 -0.058558223930081692 0.004093279125073214 -0.066310419778883217 0.063018141094386415 0.04828391211400182
leaf_weight=14.675267145037649 7.7860626429319373 391.9477276802063 142.53524236381054 368.2583092302084 133.43388080596924 18.092423439025879 277.71920339763165 18.587197810411453 11.302834451198576 22.560331746935844 335.79521210491657
leaf_count=38 17 679 225 1124 329 37 1049 39 46 14 345
internal_value=0 -0.0126235 -0.000712939 -0.0154196 0.0135484 -0.0522426 -0.0560368 0.0429055 0.044756 0.0189321 0.0472118
internal_weight=1742.69 1346.66 1036.18 510.794 525.382 310.487 292.394 396.032 377.444 33.8632 343.581
internal_count=3942 3481 2357 1349 1008 1124 1087 461 422 60 362
is_linear=0
shrinkage=0.04


Tree=5
num_leaves=15
num_cat=0
split_feature=6 18 22 11 6 16 24 5 3 21 8 4 18 0
split_gain=547.037 367.02 124.628 201.205 63.2926 42.0979 20.4269 16.9969 79.754 49.8571 20.9814 13.6821 7.29601 3.02019
threshold=0.029630000000000004 0.12644500000000003 10.050000000000002 -16804.339999999997 0.010130000000000002 11.500000000000002 0.012134855000000002 57.355000000000011 1239.3400000000004 19.500000000000004 0.9295000000000001 0.45750000000000007 0.19103500000000004 1.0045000000000002
decision_type=10 10 10 10 10 10 8 8 10 10 10 10 8 10
left_child=1 5 4 -4 -3 6 -1 8 12 -10 11 -9 -2 -12
right_child=7 2 3 -5 -6 -7 -8 10 9 -11 13 -13 -14 -15
leaf_value=-0.0063913536832765853 -0.0088236621780353758 0.021004833399598272 0.025413072464371921 -0.030482463218252032 -0.011044585244521761 0.0075526340225495914 -0.056647553040154577 -0.0027148374133440715 0.047748239640001293 -0.019462976712522402 0.062141569136788699 0.039298650746698936 -0.072422468799423309 0.044149020288620611
leaf_weight=14.667382895946501 5.2013270258903486 391.70751729607582 142.31250689923763 367.49914053082466 130.44023440778255 18.091932535171509 275.3177598118782 14.846088469028471 149.08351550996304 19.29525651037693 108.52177619934082 54.054629534482956 10.296731695532797 35.80100105702877
leaf_count=38 14 679 225 1124 324 37 1048 32 152 50 74 64 42 39
internal_value=0 -0.0122168 -0.000751742 -0.0148306 0.0129572 -0.0504928 -0.0541898 0.0412086 0.031809 0.039893 0.0491275 0.0300035 -0.053271 0.0579842
internal_weight=1737.14 1340.04 1031.96 509.812 522.148 308.077 289.985 397.1 183.877 168.379 213.223 68.9007 15.4981 144.323
internal_count=3942 3475 2352 1349 1003 1123 1086 467 258 202 209 96 56 113
is_linear=0
shrinkage=0.04


Tree=6
num_leaves=13
num_cat=0
split_feature=6 18 11 22 21 12 5 22 4 18 8 17
split_gain=507.378 345.023 104.33 82.0119 62.7218 53.529 85.415 15.7342 12.1364 73.5475 10.0235 9.32447
threshold=0.029940000000000005 0.14275000000000002 90.350000000000009 8.8500000000000032 82.500000000000014 22.000000000000004 57.055000000000007 23.150000000000002 22.812500000000004 1.5330200000000003 0.95200000000000007 2.5000000000000004
decision_type=10 10 10 10 10 8 8 10 8 10 10 8
left_child=1 5 3 -3 -4 11 -7 8 10 -10 -2 -1
right_child=7 2 4 -5 -6 6 -8 -9 9 -11 -12 -13
leaf_value=-0.04866663439818255 0.036630805148948641 0.02418213037364117 -0.010195970493687938 -0.0038309640569997162 -0.05692874874276653 0.069837851792690392 -0.036571349217554318 0.0028242784318500431 -0.063834956808396584 0.05965632615866813 0.051477452780293462 -0.067717460612363986
leaf_weight=98.995052471756935 170.93059292435646 313.9765507131815 270.06078574061394 354.67900678515434 55.448432400822639 12.796512410044668 123.35014066100121 18.55254702270031 11.130837082862852 22.113203495740891 168.7264595925808 109.99341318011284
leaf_count=365 210 516 682 840 202 9 413 39 46 14 152 454
internal_value=0 -0.0117069 0.00024162 0.00930133 -0.0182931 -0.046133 -0.0262046 0.0400337 0.0418251 0.0173828 0.0441296 -0.0589265
internal_weight=1730.75 1339.3 994.165 668.656 325.509 345.135 136.147 391.454 372.901 33.244 339.657 208.988
internal_count=3942 3481 2240 1356 884 1241 422 461 422 60 362 819
is_linear=0
shrinkage=0.04


Tree=7
num_leaves=12
num_cat=0
split_feature=6 18 22 11 6 16 24 22 4 18 2
split_gain=470.824 321.856 109.667 143.473 64.2292 38.4263 18.7353 14.7023 11.1128 68.8143 10.0803
threshold=0.029940000000000005 0.12644500000000003 8.4500000000000011 -37744.384999999987 -0.0058749999999999991 11.500000000000002 0.012134855000000002 23.150000000000002 22.812500000000004 1.5330200000000003 37.860000000000007
decision_type=10 10 10 10 8 10 8 10 8 10 10
left_child=1 5 4 -4 -3 6 -1 8 10 -10 -2
right_child=7 2 3 -5 -6 -7 -8 -9 9 -11 -12
leaf_value=-0.0052038962782887865 0 -0.070282327563989777 0.032697947802061686 -0.020223281017214507 0.01760540456237043 0.0079544872145999521 -0.0534553177654759 0.0027145558522483821 -0.062107062103772696 0.058023068387303756 0.043732989482238332
leaf_weight=14.607411697506903 7.7526975572109214 13.175757512450216 97.114134982228279 505.3130047917366 416.9492846429348 18.06064361333847 270.48371860384941 18.550593242049217 10.999433547258375 21.845688566565514 329.55767445266247
leaf_count=38 17 53 136 1428 740 37 1049 39 46 14 345
internal_value=0 -0.011275 -0.000609086 -0.0116389 0.0147883 -0.0474771 -0.0510665 0.038718 0.0404623 0.0168651 0.0426724
internal_weight=1724.41 1335.7 1032.55 602.427 430.125 303.152 285.091 388.706 370.155 32.8451 337.31
internal_count=3942 3481 2357 1564 793 1124 1087 461 422 60 362
is_linear=0
shrinkage=0.04


Tree=8
num_leaves=15
num_cat=0
split_feature=6 18 11 18 21 12 5 10 18 23 19 4 17 4
split_gain=437.109 301.321 92.8246 79.7409 57.634 50.6524 77.7626 13.9451 35.2115 27.3537 31.0637 21.7066 11.7395 9.26335
threshold=0.029940000000000005 0.14275000000000002 90.350000000000009 0.69803000000000004 82.500000000000014 22.000000000000004 57.055000000000007 -956.40999999999997 0.13202000000000003 3.5000000000000004 5.3500000000000005 0.56300000000000006 1.5000000000000002 1.4470000000000003
decision_type=10 10 10 10 10 8 8 10 10 10 8 8 8 10
left_child=1 5 3 -3 -4 13 -7 8 -2 10 -9 -11 -10 -1
right_child=7 2 4 -5 -6 6 -8 9 12 11 -12 -13 -14 -15
leaf_value=-0.061284718563236931 -0.037080821095109844 -0.004336768398464602 -0.0095005046245549805 0.023293759430286515 -0.054429114781584541 0.067658776536160176 -0.033944644570004519 -0.075890975113149226 0.051621316378010915 -0.0097424522544748808 0.026865102090809057 0.039083467049240442 0.023401249070538439 -0.039396583065552195
leaf_weight=153.17053942382336 7.563159078359603 349.44101151823997 269.57483378052711 317.87727907299995 55.084648936986923 12.79119288921356 121.70189164578915 7.7401023507118225 177.83817283809185 15.411801129579542 10.200588077306749 135.07576188445091 31.841386049985886 51.509609684348106
leaf_count=630 24 819 682 537 202 9 413 32 152 35 14 157 47 189
internal_value=0 -0.0108648 0.000249195 0.00880268 -0.017257 -0.0433814 -0.0239185 0.0374698 0.0443822 0.0283308 -0.0172378 0.0339349 0.0474969 -0.0559833
internal_weight=1716.82 1331.15 991.978 667.318 324.659 339.173 134.493 385.671 217.243 168.428 17.9407 150.488 209.68 204.68
internal_count=3942 3481 2240 1356 884 1241 422 461 223 238 46 192 199 819
is_linear=0
shrinkage=0.04


Tree=9
num_leaves=15
num_cat=0
split_feature=6 18 22 11 6 14 16 10 5 3 21 8 4 18
split_gain=405.777 281.015 101.474 167.881 60.5281 36.7266 32.4791 24.449 14.2875 66.4542 46.4964 19.6111 12.3891 7.26048
threshold=0.029630000000000004 0.12644500000000003 10.050000000000002 -16804.339999999997 0.010130000000000002 1.0000000180025095e-35 11.500000000000002 4108.4800000000005 57.355000000000011 1239.3400000000004 19.500000000000004 0.9295000000000001 0.45750000000000007 0.19103500000000004
decision_type=10 10 10 10 10 10 10 8 8 10 10 10 10 8
left_child=1 5 4 -4 -3 7 -7 -1 9 13 -11 12 -10 -2
right_child=8 2 3 -5 -6 6 -8 -9 11 10 -12 -13 -14 -15
leaf_value=-0.058757033238045785 -0.0067418327412351008 0.019671763522559556 0.023473950619467415 -0.027720597718077965 -0.011701320488278679 -0.028908360604195407 0.050503878582096408 -0.028326212880258869 -0.0064137312138997085 0.042587592373581569 -0.022805021205657371 0.052160630306587387 0.033894234397634074 -0.070304651497047094
leaf_weight=183.3142661601305 5.1269395351409894 390.39831130206585 141.63183514773846 364.76741154491901 130.26092538237572 43.271328270435333 9.5407765507698041 60.632417544722557 14.634733989834784 145.22457046806812 19.01893225312233 139.30550660192966 52.610326781868935 10.05976592004299
leaf_count=761 14 679 225 1124 324 146 10 206 32 152 50 113 64 42
internal_value=0 -0.010526 -0.000593107 -0.0133538 0.0117806 -0.0447768 -0.0138479 -0.0513487 0.0360587 0.0273472 0.0348477 0.0434455 0.0248441 -0.0510201
internal_weight=1709.8 1323.82 1027.06 506.399 520.659 296.759 52.8121 243.947 385.981 179.43 164.244 206.551 67.2451 15.1867
internal_count=3942 3475 2352 1349 1003 1123 156 967 467 258 202 209 96 56
is_linear=0
shrinkage=0.04


Tree=10
num_leaves=11
num_cat=0
split_feature=6 18 11 18 21 12 11 22 18 11
split_gain=377.193 264.397 83.0101 72.3642 52.4748 48.7227 39.5757 13.0727 14.0106 11.6569
threshold=0.029940000000000005 0.14275000000000002 90.350000000000009 0.69803000000000004 82.500000000000014 24.500000000000004 1630.3950000000002 23.150000000000002 0.032830000000000005 1821.0950000000003
decision_type=10 10 10 10 10 10 8 10 10 10
left_child=1 5 3 -3 -4 6 -1 8 -2 -10
right_child=7 2 4 -5 -6 -7 -8 -9 9 -11
leaf_value=-0.05441899869657095 -0.0053927620189631363 -0.0041690471178808955 -0.0089393018073636692 0.022180403512291863 -0.051996294397532512 0.043175986761862344 -0.024754496388873816 0.0011410831421879754 0.041123037230731393 0.018313213953915854
leaf_weight=204.42277783155441 11.24702377617359 348.88295401632786 268.99506592750549 316.97160938382149 54.548027977347374 10.060196116566656 117.84849800169468 18.47971872985363 303.90263478457928 45.792620778083801
leaf_count=836 26 819 682 537 202 12 393 39 324 72
internal_value=0 -0.0100979 0.000256252 0.00835149 -0.0163293 -0.0409378 -0.0436884 0.0351231 0.0368036 0.0382236
internal_weight=1701.15 1321.73 989.398 665.855 323.543 332.331 322.271 379.422 360.942 349.695
internal_count=3942 3481 2240 1356 884 1241 1229 461 422 396
is_linear=0
shrinkage=0.04


Tree=11
num_leaves=15
num_cat=0
split_feature=6 18 22 18 4 14 16 5 10 23 19 8 6 4
split_gain=350.321 247.714 93.6687 143.615 70.0975 35.098 30.0814 23.7453 12.4115 25.4227 28.0217 25.176 24.3836 19.655
threshold=0.029940000000000005 0.12644500000000003 10.950000000000001 0.65945500000000001 0.16650000000000004 1.0000000180025095e-35 11.500000000000002 57.025000000000013 -956.40999999999997 3.5000000000000004 5.3500000000000005 0.77050000000000007 0.086185000000000025 0.56300000000000006
decision_type=10 10 10 10 8 10 10 10 10 10 8 10 8 8
left_child=1 5 4 -4 -3 7 -7 -1 11 10 -10 12 -2 -11
right_child=8 2 3 -5 -6 6 -8 -9 9 13 -12 -13 -14 -15
leaf_value=-0.035695870089294507 -0.023384559941845184 -0.053768587352510243 -0.034080638321549332 0.0093166727650734783 0.014178777748946929 -0.026679069549543348 0.0498519216585959 -0.061926599197132087 -0.074591440141944979 -0.010807519033380595 0.02353755990105846 0.045975881098126184 0.053021612052381706 0.035786624201289426
leaf_weight=120.39278104901314 17.574342682957649 24.903462678194046 253.14618076384068 233.72624596953392 515.16514870524406 42.612943753600121 9.5459827184677106 117.75583173334599 7.6836232990026474 15.322627589106558 9.9808630794286746 183.65291471779346 10.031268104910852 132.14698764681816
leaf_count=453 45 86 819 489 963 146 10 515 32 35 14 171 7 157
internal_value=0 -0.00973219 -0.000483357 -0.0132183 0.0109618 -0.0423234 -0.0119524 -0.0488524 0.0340006 0.0253103 -0.0189234 0.0406232 0.00411748 0.03079
internal_weight=1693.64 1317.25 1026.94 486.872 540.069 290.308 52.1589 238.149 376.393 165.134 17.6645 211.259 27.6056 147.47
internal_count=3942 3481 2357 1308 1049 1124 156 968 461 238 46 223 52 192
is_linear=0
shrinkage=0.04


Tree=12
num_leaves=15
num_cat=0
split_feature=6 18 22 11 6 12 5 4 5 3 21 8 4 6
split_gain=325.606 232.056 86.6991 113.272 59.1987 34.0162 63.3584 14.2115 12.2632 61.6087 42.6745 17.4625 11.082 6.61781
threshold=0.029940000000000005 0.12644500000000003 8.4500000000000011 -37744.384999999987 -0.0058749999999999991 22.000000000000004 57.055000000000007 1.4470000000000003 57.355000000000011 1239.3400000000004 19.500000000000004 0.9295000000000001 0.45750000000000007 0.036470000000000009
decision_type=10 10 10 10 8 8 8 10 8 10 10 10 10 8
left_child=1 5 4 -4 -3 7 -7 -1 9 13 -11 12 -10 -2
right_child=8 2 3 -5 -6 6 -8 -9 11 10 -12 -13 -14 -15
leaf_value=-0.059999489190093749 -0.0091328722435915482 -0.068631107752309711 0.029262756466111105 -0.017987872518280493 0.015948921764034885 0.065947734853922177 -0.033621803090810629 -0.032257973876399497 -0.0072079873057033107 0.039751035179604058 -0.023504940381613194 0.048472259398156803 0.031058821511180949 -0.069877294180195379
leaf_weight=123.81026388704777 5.3543702214956266 13.109812244772909 96.12103408575058 501.07720604538918 415.27455802261829 10.731793627142904 105.67529432475567 46.431818783283234 14.57899349927902 141.17252251505852 18.652743026614189 132.43165072798729 51.096090793609619 9.7956784814596158
leaf_count=555 15 53 136 1428 740 8 383 178 32 150 49 111 63 41
internal_value=0 -0.00938454 -0.000465664 -0.0103311 0.0132369 -0.0411687 -0.0240284 -0.052667 0.0329402 0.0247815 0.0321936 0.039965 0.0222716 -0.0506645
internal_weight=1685.31 1312.23 1025.58 597.198 428.384 286.649 116.407 170.242 373.082 174.975 159.825 198.107 65.6751 15.15
internal_count=3942 3481 2357 1564 793 1124 391 733 461 255 199 206 95 56
is_linear=0
shrinkage=0.04


Tree=13
num_leaves=12
num_cat=0
split_feature=6 18 11 22 21 12 11 18 10 23 17
split_gain=302.866 218.441 72.4612 62.5092 48.3711 43.6561 37.2659 16.2885 12.4611 21.1175 10.3973
threshold=0.029940000000000005 0.14275000000000002 90.350000000000009 22.450000000000003 82.500000000000014 24.500000000000004 1630.3950000000002 0.032830000000000005 -956.40999999999997 3.5000000000000004 1.5000000000000002
decision_type=10 10 10 10 10 10 8 10 10 10 8
left_child=1 5 3 -3 -4 6 -1 -2 10 -10 -9
right_child=7 2 4 -5 -6 -7 -8 8 9 -11 -12
leaf_value=-0.051062935085192683 -0.0070729704339035646 0.012992801009989714 -0.0081877514769386536 -0.021396224385854253 -0.049756320559455836 0.041958487269885332 -0.021858462586243545 0.044405267251744214 -0.01669206628475637 0.029863274950874298 0.017492576686961542
leaf_weight=195.98213583230972 15.392429694533346 564.96270152926445 267.98960497975349 98.613550692796707 53.862896606326103 10.030077591538427 115.0303431302309 170.2269841581583 16.69221705198288 136.43058185279369 30.618622615933418
leaf_count=836 36 1083 682 273 202 12 393 159 43 176 47
internal_value=0 -0.00905405 0.000266819 0.0078399 -0.0152728 -0.0376822 -0.0403781 0.0319454 0.0337061 0.0246202 0.0404554
internal_weight=1675.83 1306.47 985.429 663.576 321.853 321.043 311.012 369.361 353.968 153.123 200.846
internal_count=3942 3481 2240 1356 884 1241 1229 461 425 219 206
is_linear=0
shrinkage=0.04


Tree=14
num_leaves=13
num_cat=0
split_feature=6 18 11 18 20 12 5 18 0 23 23 5
split_gain=281.59 203.278 70.712 61.74 45.5142 42.8987 67.1467 15.1508 10.9113 17.7206 10.4813 10.1412
threshold=0.029630000000000004 0.14275000000000002 90.350000000000009 0.69803000000000004 13.500000000000002 22.000000000000004 57.055000000000007 0.032830000000000005 1.1055000000000004 19.500000000000004 11.500000000000002 57.365000000000002
decision_type=10 10 10 10 10 8 8 10 10 10 10 8
left_child=1 5 3 -3 -4 10 -7 -2 11 -10 -1 -9
right_child=7 2 4 -5 -6 6 -8 8 9 -11 -12 -13
leaf_value=-0.059127082102257263 -0.0067939761413964633 -0.0039203215367487982 -0.022029833456478017 0.02048152065136561 0.018131178091436214 0.066523846924369953 -0.028228737849102844 0.026812641009177504 0.0037653550637458456 0.048672550887573371 -0.038597642396265758 0.042935706606357558
leaf_weight=91.691782489418983 15.403833493590353 346.98624308407307 265.84233769774437 315.25767962634563 53.422813668847084 12.756275817751883 116.09603224694729 124.77441561222076 48.648528590798378 20.015299111604691 96.350540429353714 160.39781615138054
leaf_count=418 36 816 780 536 103 9 412 173 90 16 401 152
internal_value=-5.06465e-07 -0.00877939 0.000198722 0.00767256 -0.0152293 -0.0366066 -0.0184728 0.0307858 0.0324855 0.0174021 -0.0488444 0.0360105
internal_weight=1667.64 1298.4 981.509 662.244 319.265 316.895 128.852 369.24 353.836 68.6638 188.042 285.172
internal_count=3942 3475 2235 1352 883 1240 421 467 431 106 819 325
is_linear=0
shrinkage=0.04


Tree=15
num_leaves=13
num_cat=0
split_feature=6 18 22 11 4 14 2 5 18 10 23 21
split_gain=261.988 192.984 78.2641 123.925 64.1148 32.7746 29.3696 23.26 14.3673 11.9827 19.6668 10.209
threshold=0.029940000000000005 0.12644500000000003 10.950000000000001 -15530.194999999998 0.16650000000000004 1.0000000180025095e-35 69.365000000000009 57.025000000000013 0.032830000000000005 -956.40999999999997 3.5000000000000004 8.5000000000000018
decision_type=10 10 10 10 8 10 10 10 10 10 10 10
left_child=1 5 4 -4 -3 7 -7 -1 -2 11 -11 -10
right_child=8 2 3 -5 -6 6 -8 -9 9 10 -12 -13
leaf_value=-0.031411136262648166 -0.0065263054855311366 -0.051884339661399499 0.019498371694732165 -0.025047889723389175 0.013171347639197469 0.029461444017945801 -0.03241882073260275 -0.058031874559502435 0.046524329129674399 -0.017091451508239573 0.027895607776878127 0.026881327038062893
leaf_weight=114.50966574251652 15.414470434188841 24.846738114953041 140.01922506093979 342.87571202218533 513.34181587398052 19.251370623707771 31.355191126465797 110.29937213659286 113.22115547955036 16.665387436747551 134.27138987183571 83.171144753694534
leaf_count=453 36 86 231 1077 963 39 117 515 98 43 176 108
internal_value=0 -0.00842046 -0.000379852 -0.0120832 0.0100854 -0.0381033 -0.00842952 -0.0446608 0.0300137 0.0316999 0.0227564 0.0383966
internal_weight=1659.24 1296.5 1021.08 482.895 538.189 275.416 50.6066 224.809 362.744 347.329 150.937 196.392
internal_count=3942 3481 2357 1308 1049 1124 156 968 461 425 219 206
is_linear=0
shrinkage=0.04


Tree=16
num_leaves=13
num_cat=0
split_feature=6 18 22 18 21 14 4 5 18 10 23 17
split_gain=243.712 181.098 72.2782 119.719 62.0181 31.2662 28.8168 22.6762 13.4991 11.4264 18.3324 10.1411
threshold=0.029940000000000005 0.12644500000000003 10.950000000000001 0.65945500000000001 122.50000000000001 1.0000000180025095e-35 1.4940000000000002 57.025000000000013 0.032830000000000005 -956.40999999999997 3.5000000000000004 1.5000000000000002
decision_type=10 10 10 10 10 10 8 10 10 10 10 8
left_child=1 5 4 -4 -3 7 -7 -1 -2 11 -11 -10
right_child=8 2 3 -5 -6 6 -8 -9 9 10 -12 -13
leaf_value=-0.030497438941303745 -0.0062694620789002569 0.012607590465357312 -0.030870306937904032 0.0089767806694393999 -0.053752776820088263 0.016204759001157868 -0.044594343418431749 -0.056995465373909114 0.041318671424015151 -0.016393034165565541 0.026996962657047034 0.014534547405177381
leaf_weight=113.26327228546143 15.424393415451048 514.75652319192886 249.34693098068237 231.84225203096867 22.978925704956055 30.096829578280449 20.329469248652458 107.87105995416641 164.07340434193611 16.700946256518364 133.2292822599411 29.901132524013519
leaf_count=453 36 970 819 489 79 73 83 515 159 43 176 47
internal_value=-1.21035e-06 -0.00812735 -0.000365971 -0.0116406 0.00968737 -0.0371212 -0.00811098 -0.043613 0.029098 0.0307491 0.0219923 0.0373407
internal_weight=1649.81 1290.49 1018.92 481.189 537.735 271.561 50.4263 221.134 359.329 343.905 149.93 193.975
internal_count=3942 3481 2357 1308 1049 1124 156 968 461 425 219 206
is_linear=0
shrinkage=0.04


Tree=17
num_leaves=13
num_cat=0
split_feature=6 18 22 11 6 12 5 4 18 10 23 8
split_gain=226.74 170.055 67.1809 92.1824 54.0738 30.8055 54.1435 14.8667 12.6886 10.9076 17.0908 10.0309
threshold=0.029940000000000005 0.12644500000000003 8.4500000000000011 -37744.384999999987 -0.0058749999999999991 22.000000000000004 57.055000000000007 1.4470000000000003 0.032830000000000005 -956.40999999999997 3.5000000000000004 0.77050000000000007
decision_type=10 10 10 10 8 8 8 10 10 10 10 10
left_child=1 5 4 -4 -3 7 -7 -1 -2 11 -11 -10
right_child=8 2 3 -5 -6 6 -8 -9 9 10 -12 -13
leaf_value=-0.055582472188023056 -0.006022983053463736 -0.066832492381506625 0.026809768174485597 -0.01604050915254266 0.014322561215213279 0.063249888762309942 -0.028988270221528802 -0.02641374597871338 0.010311124490280215 -0.015726276862096301 0.026129401535540008 0.039781422926449282
leaf_weight=112.81736245751381 15.433654069900511 13.00230038166046 95.079984933137894 496.02225725352764 413.19393587112427 10.732130840420721 100.93376292288303 43.180718868970871 23.361158713698387 16.733186334371567 132.18477386236191 168.15118433535099
leaf_count=555 36 53 136 1428 740 8 383 178 39 43 176 167
internal_value=-3.78102e-06 -0.00784264 -0.000352946 -0.00909732 0.0117244 -0.0361801 -0.0197026 -0.0477465 0.0282161 0.0298336 0.0212555 0.0363269
internal_weight=1640.83 1284.96 1017.3 591.102 426.196 267.664 111.666 155.998 355.864 340.43 148.918 191.512
internal_count=3942 3481 2357 1564 793 1124 391 733 461 425 219 206
is_linear=0
shrinkage=0.04


Tree=18
num_leaves=12
num_cat=0
split_feature=6 18 4 11 12 5 18 23 10 4 21
split_gain=210.987 160.42 68.0636 60.2002 39.2807 57.1318 11.9309 11.3936 10.421 16.8973 10.1861
threshold=0.029940000000000005 0.14275000000000002 0.05050000000000001 -74.999999999999986 22.000000000000004 57.055000000000007 0.032830000000000005 11.500000000000002 -956.40999999999997 0.56300000000000006 8.5000000000000018
decision_type=10 10 8 10 8 8 10 10 10 8 10
left_child=1 4 -3 -4 7 -6 -2 -1 10 -10 -8
right_child=6 2 3 -5 5 -7 8 -9 9 -11 -12
leaf_value=-0.056252416698031764 -0.0057864193291291242 -0.078065864444548577 0.0096157060950005403 -0.010960276653850597 0.062776154128245956 -0.024900967599568471 0.043612614420418812 -0.034418740704060737 -0.014512279847488102 0.025662455595613941 0.023751057809033714
leaf_weight=85.845230221748352 15.442299023270605 16.918899148702621 592.87512078881264 368.06097641587257 12.710121288895605 112.33481992781162 108.58662177622318 89.957570269703865 18.227049097418785 129.67669381201267 80.439023539423943
leaf_count=418 36 69 1177 994 9 413 98 401 42 177 108
internal_value=-4.92605e-06 -0.00757082 0.000272262 0.00171222 -0.033088 -0.0156152 0.0273657 -0.045323 0.0289507 0.0205445 0.0353511
internal_weight=1631.07 1278.7 977.855 960.936 300.848 125.045 352.372 175.803 336.929 147.904 189.026
internal_count=3942 3481 2240 2171 1241 422 461 819 425 219 206
is_linear=0
shrinkage=0.04


Tree=19
num_leaves=14
num_cat=0
split_feature=6 18 22 18 4 16 5 0 3 5 3 8 4
split_gain=196.281 151.224 62.8738 107.58 57.1339 29.6409 17.558 11.6426 27.9536 12.7508 52.3461 12.8051 11.8489
threshold=0.029940000000000005 0.12644500000000003 10.950000000000001 0.65945500000000001 0.16650000000000004 11.500000000000002 57.055000000000007 1.2320000000000002 4390.755000000001 57.355000000000011 1239.3400000000004 0.90350000000000008 1.0425000000000002
decision_type=10 10 10 10 8 10 10 10 10 8 10 10 10
left_child=1 5 4 -4 -3 6 -1 9 -9 10 -2 -11 -10
right_child=7 2 3 -5 -6 -7 -8 8 12 11 -12 -13 -14
leaf_value=-0.025887220955218795 -0.052173368632537534 -0.04955942629569049 -0.029209007557004108 0.0086843614083220444 0.011995227203005219 0.014807573473689481 -0.048294976795478471 -0.054758246307638973 0.04168104667679922 0.016778263778837014 0.028940721683330142 0.04408523661198685 0.0020497629347579266
leaf_weight=111.38276542723179 13.687592998147009 24.725937202572823 246.9949593693018 230.98851320147514 511.45381778478622 17.353754073381424 130.88293378055096 8.5080375075340253 23.723481893539429 40.03533536195755 115.22486290335655 121.38938426971436 26.419723361730576
leaf_count=457 50 86 819 489 963 37 630 29 22 60 145 106 49
internal_value=-6.69972e-06 -0.00730217 -0.000303483 -0.0108651 0.00907584 -0.0345114 -0.0381498 0.0265364 0.00966294 0.0298538 0.0200054 0.037509 0.0214212
internal_weight=1622.77 1273.78 1014.16 477.983 536.18 259.619 242.266 348.988 58.6512 290.337 128.912 161.425 50.1432
internal_count=3942 3481 2357 1308 1049 1124 1087 461 100 361 195 166 71
is_linear=0
shrinkage=0.04


Tree=20
num_leaves=15
num_cat=0
split_feature=6 18 20 11 9 14 2 5 21 4 11 22 21 2
split_gain=182.839 142.021 61.0542 77.0159 47.1897 29.7981 27.2753 22.4861 11.1977 28.047 24.6731 26.3915 24.1096 17.0458
threshold=0.029940000000000005 0.12644500000000003 3.5000000000000004 -383.35999999999996 1.0000000180025095e-35 1.0000000180025095e-35 69.365000000000009 57.025000000000013 8.5000000000000018 0.24250000000000002 889.98500000000013 3.3500000000000001 18.500000000000004 64.995000000000019
decision_type=10 10 10 10 10 10 10 10 10 10 10 10 10 10
left_child=1 5 4 -4 -3 7 -7 -1 10 12 -2 -12 -10 -11
right_child=8 2 3 -5 -6 6 -8 -9 9 13 11 -13 -14 -15
leaf_value=-0.027004640222335691 0.037264542109328828 0.02521899231477457 0.0041089818164696656 -0.021851041830024537 -0.021956819085251038 0.031611901242733637 -0.0289854629075364 -0.054193980104528416 -0.080146276859187557 -0.043024956913862947 0.040995912150800104 -0.051128247971892304 0.011485540524909054 0.026440650956466871
leaf_weight=107.49218894541264 170.63467633724213 200.47882604598999 476.81688514351845 295.04683838784695 39.963366806507111 18.914321810007095 29.796206146478653 99.543105080723763 7.7197091579437283 5.2515719234943381 8.326653718948366 10.687001928687094 9.4694912135601026 133.11339804530144
leaf_count=453 183 363 1002 878 114 39 117 515 32 16 8 34 15 173
internal_value=-6.75643e-06 -0.00704672 -0.000292932 -0.00579613 0.0172657 -0.0336491 -0.00496694 -0.0402728 0.0257685 0.0174368 0.0324333 -0.00974267 -0.0296381 0.0235147
internal_weight=1613.25 1268.05 1012.31 771.864 240.442 255.746 48.7105 207.035 345.203 155.554 189.648 19.0137 17.1892 138.365
internal_count=3942 3481 2357 1880 477 1124 156 968 461 236 225 42 47 189
is_linear=0
shrinkage=0.04


Tree=21
num_leaves=15
num_cat=0
split_feature=24 18 5 2 18 18 6 5 6 21 22 24 10 24
split_gain=172.731 200.087 119.324 107.298 96.7052 85.7596 89.0656 75.6204 49.4867 44.7181 29.4535 8.99923 8.73411 1.02738
threshold=8.6899449650000005 0.73354500000000011 57.085000000000008 467.68500000000006 0.13120500000000004 1.8876250000000001 0.022130000000000004 56.845000000000006 0.030365000000000003 24.500000000000004 3.8500000000000001 0.22173855500000003 -2821.9799999999996 0.19249493500000003
decision_type=8 10 10 10 10 10 8 8 10 10 10 10 10 10
left_child=2 3 11 9 10 6 -3 -7 -6 -2 -4 13 -5 -1
right_child=1 5 4 12 8 7 -8 -9 -10 -11 -12 -13 -14 -15
leaf_value=0.05593554010453141 -0.023547347824440807 -0.059393232347348349 0.022593508742447893 0.009228686476290637 0.0029844270907604872 0.044499095844063759 0.032436360865018034 -0.040972959325643286 0.026027251445306217 -0.049122133215968637 -0.048087615011671324 0.034749854182992403 0.050069279928645079 0.076268897291040458
leaf_weight=32.342706307768822 301.70355032384396 17.754536554217339 10.524838745594023 15.163346886634825 343.24259929358959 21.085405319929123 213.09424827992916 69.139236316084862 266.47431321442127 178.0835817605257 57.892309203743935 25.301958560943604 24.092744320631027 29.359076485037804
leaf_count=27 1128 65 18 29 760 23 310 221 351 673 267 31 23 16
internal_value=-9.18137e-06 -0.0125401 0.0137227 -0.0278949 0.00800966 0.012225 0.0251742 -0.0206426 0.0131011 -0.0331229 -0.0368393 0.0577233 0.0351114 0.0664674
internal_weight=1605.25 840.117 765.138 519.043 678.134 321.073 230.849 90.2246 609.717 479.787 68.4171 87.0037 39.2561 61.7018
internal_count=3942 2472 1470 1853 1396 619 375 244 1111 1801 285 74 52 43
is_linear=0
shrinkage=0.04


Tree=22
num_leaves=15
num_cat=0
split_feature=24 18 5 2 18 18 3 5 22 21 22 24 10 24
split_gain=160.193 185.717 111.13 99.8041 90.153 79.1819 83.4178 69.8981 48.5803 41.698 27.8117 8.31242 8.21243 0.739691
threshold=8.6899449650000005 0.73354500000000011 57.085000000000008 467.68500000000006 0.13120500000000004 1.8876250000000001 8461.465000000002 56.845000000000006 22.450000000000003 24.500000000000004 3.8500000000000001 0.22173855500000003 -2821.9799999999996 0.19249493500000003
decision_type=8 10 10 10 10 10 8 8 10 10 10 10 10 10
left_child=2 3 11 9 10 6 -3 -7 -6 -2 -4 13 -5 -1
right_child=1 5 4 12 8 7 -8 -9 -10 -11 -12 -13 -14 -15
leaf_value=0.054278437930005689 -0.022754288539818094 -0.072919185890493426 0.021788807887409271 0.0088816050203579505 0.015264717728740723 0.0429924547727134 0.030171450762960017 -0.039334978860780405 -0.036076274871609831 -0.047550532358162916 -0.047036173903038464 0.033629323649258705 0.048627138152411327 0.073572564156768522
leaf_weight=32.018722906708717 299.78704014420509 12.754777520895002 10.49605482816696 15.145583331584929 576.78082081675529 20.971177965402603 217.47441099584103 69.157838016748428 30.396482020616531 176.65608191490173 56.851324737071991 25.119607210159302 23.835041373968124 29.238212451338768
leaf_count=27 1128 52 18 29 1012 23 323 221 99 673 267 31 23 16
internal_value=-4.53425e-06 -0.0121026 0.0132571 -0.0269698 0.00773217 0.0117597 0.0242279 -0.0198269 0.012634 -0.0320304 -0.0359335 0.0558787 0.033999 0.0643326
internal_weight=1596.68 835.782 760.901 515.424 674.525 320.358 230.229 90.129 607.177 476.443 67.3474 86.3765 38.9806 61.2569
internal_count=3942 2472 1470 1853 1396 619 375 244 1111 1801 285 74 52 43
is_linear=0
shrinkage=0.04


Tree=23
num_leaves=15
num_cat=0
split_feature=6 18 4 11 12 5 23 5 3 21 8 8 6 0
split_gain=151.178 121.596 59.1247 52.6691 37.1256 44.3119 12.4926 11.3344 49.2774 39.637 17.8863 10.3003 5.91416 4.42561
threshold=0.029630000000000004 0.14275000000000002 0.05050000000000001 90.350000000000009 22.000000000000004 57.055000000000007 11.500000000000002 57.355000000000011 1239.3400000000004 19.500000000000004 0.9295000000000001 0.69750000000000012 0.036470000000000009 1.0045000000000002
decision_type=10 10 8 10 8 8 10 8 10 10 10 10 8 10
left_child=1 4 -3 -4 6 -6 -1 8 12 -10 11 -9 -2 -12
right_child=7 2 3 -5 5 -7 -8 10 9 -11 13 -13 -14 -15
leaf_value=-0.053780959722045017 -0.011640574147228069 -0.073097241546582856 0.0081650689868523283 -0.011918350994575824 0.057220251048087319 -0.020822813753212249 -0.030292215294512481 0.030491375540407623 0.030765036895797779 -0.031431752170822475 0.044816421308035925 -0.00197887203270233 -0.070094027550931429 0.024397540312715099
leaf_weight=79.377242594957352 5.3587023764848691 16.750244453549385 642.13447420299053 308.73061616718769 12.472587391734121 106.68000149726868 83.134772762656212 27.228983670473099 128.16698382794857 18.066221818327904 87.435264751315117 33.288092538714409 9.7420996576547605 30.073058933019638
leaf_count=418 15 69 1305 861 9 412 401 32 152 50 74 64 41 39
internal_value=-2.46077e-06 -0.00644766 0.000269276 0.00162045 -0.0295531 -0.0122813 -0.0420175 0.0236399 0.0156257 0.0228638 0.0307266 0.0124331 -0.051671 0.0398858
internal_weight=1588.64 1249.28 967.615 950.865 281.665 119.153 162.512 339.359 161.334 146.233 178.025 60.5171 15.1008 117.508
internal_count=3942 3475 2235 2166 1240 421 819 467 258 202 209 96 56 113
is_linear=0
shrinkage=0.04


Tree=24
num_leaves=15
num_cat=0
split_feature=24 18 5 2 18 18 6 5 22 21 22 21 1 4
split_gain=141.493 169.027 102.592 90.4416 80.334 72.9472 76.7913 64.232 44.4777 40.9642 25.2635 8.09207 11.0993 7.77509
threshold=8.6899449650000005 0.73354500000000011 57.085000000000008 467.68500000000006 0.13120500000000004 1.8876250000000001 0.022130000000000004 56.845000000000006 22.450000000000003 24.500000000000004 3.8500000000000001 3.5000000000000004 1436.4750000000001 1.7350000000000003
decision_type=8 10 10 10 8 10 8 8 10 10 10 10 10 10
left_child=2 3 11 9 10 6 -3 -7 -6 -2 -4 -1 -13 -5
right_child=1 5 4 13 8 7 -8 -9 -10 -11 -12 12 -14 -15
leaf_value=0.067482322187718227 -0.021340257874655776 -0.055481816401070673 0.020488246129194972 0.012128159801329535 0.01433269364685141 0.041444641794184493 0.030093087422640653 -0.037707853367222356 -0.034922546722510599 -0.046065559508135838 -0.045521779161624351 0.061240224466397986 0.018841631414714358 0.050179694715179329
leaf_weight=41.320186719298363 294.78707085549831 17.612525328993797 10.37856689095497 18.570033371448517 572.02796594798565 20.808634042739868 211.63077792525291 69.044819936156273 30.232739806175232 174.74786931276321 55.023460209369659 20.721330672502518 23.148897349834442 19.83238659799099
leaf_count=26 1128 65 18 35 1012 23 310 221 99 673 267 13 35 17
internal_value=-5.10908e-06 -0.0114356 0.0125244 -0.0257708 0.00719579 0.0113252 0.023325 -0.0190281 0.0118 -0.0306241 -0.0346673 0.0537669 0.039783 0.0326858
internal_weight=1579.89 827.034 752.853 507.937 667.663 319.097 229.243 89.8535 602.261 469.535 65.402 85.1904 43.8702 38.4024
internal_count=3942 2472 1470 1853 1396 619 375 244 1111 1801 285 74 48 52
is_linear=0
shrinkage=0.04


Tree=25
num_leaves=14
num_cat=0
split_feature=6 18 4 22 14 2 5 21 2 11 18 8 3
split_gain=135.322 109.586 53.1567 48.6223 29.0298 26.2663 22.352 10.8877 27.1778 23.6916 34.6702 19.4919 7.98871
threshold=0.029940000000000005 0.12644500000000003 0.05050000000000001 22.450000000000003 1.0000000180025095e-35 69.365000000000009 57.025000000000013 8.5000000000000018 64.995000000000019 889.98500000000013 0.14275000000000002 0.95200000000000007 23402.785000000003
decision_type=10 10 8 10 10 10 10 10 10 10 10 10 8
left_child=1 4 -3 -4 6 -6 -1 9 -9 12 -11 -10 -2
right_child=7 2 3 -5 5 -7 -8 8 11 10 -12 -13 -14
leaf_value=-0.023778537774580635 0.038533055629143907 -0.070220376614177737 0.0047283606060085281 -0.019951891888283821 0.034482298024288947 -0.026272489129314985 -0.051843408243471896 -0.057540384993145309 0.0027219794507519178 0.036239249349366717 -0.069905384435434148 0.032681542260806447 0.013573542422365997
leaf_weight=101.38287012279034 133.95005267858505 16.583683773875237 835.94182090461254 150.14941723644733 18.474937587976456 27.85355332493782 90.862360581755638 7.3605326712131491 68.532534345984459 10.051972121000292 8.5993445515632612 73.65271945297718 28.21084651350975
leaf_count=453 134 69 1833 455 39 117 515 25 128 10 32 83 49
internal_value=-2.75549e-06 -0.0060722 -0.000249573 0.000941887 -0.0304081 -0.00150803 -0.0372469 0.0227161 0.0143892 0.0294342 -0.0122027 0.0184415 0.0343689
internal_weight=1571.61 1241.25 1002.67 986.091 238.574 46.3285 192.245 330.358 149.546 180.812 18.6513 142.185 162.161
internal_count=3942 3481 2357 2288 1124 156 968 461 236 225 42 211 183
is_linear=0
shrinkage=0.04


Tree=26
num_leaves=12
num_cat=0
split_feature=6 18 4 11 12 11 21 2 11 8 3
split_gain=125.971 103.077 50.3355 48.6608 35.251 34.4034 10.3387 25.0778 22.4771 18.3798 8.26941
threshold=0.029940000000000005 0.14275000000000002 0.05050000000000001 -33474.87999999999 24.500000000000004 1630.3950000000002 8.5000000000000018 64.995000000000019 1821.0950000000003 0.95200000000000007 23402.785000000003
decision_type=10 10 8 10 10 8 10 10 10 10 8
left_child=1 4 -3 -4 5 -1 8 -8 10 -9 -2
right_child=6 2 3 -5 -6 -7 7 9 -10 -11 -12
leaf_value=-0.04214090564384744 0.037394745856773597 -0.068086777066836399 0.024568943615445253 -0.002049597675993553 0.044198551957880181 -0.011942593557009988 -0.054721538297219673 0.0026162400601462128 -0.015019627605197011 0.031818698109793042 0.012174892665151323
leaf_weight=159.4139478802681 133.92549468576908 16.437778353691101 126.1761696189642 823.72810991108418 9.8663333952426893 101.30905918776989 7.4538646191358557 68.471762448549271 16.232785031199455 72.657932236790657 28.331351116299629
leaf_count=836 137 69 185 1986 12 393 25 128 38 83 50
internal_value=-4.72112e-06 -0.00585639 0.000237603 0.00147618 -0.0276536 -0.0305286 0.0220393 0.0139049 0.0286414 0.017851 0.033165
internal_weight=1564 1236.93 966.342 949.904 270.589 260.723 327.073 148.584 178.49 141.13 162.257
internal_count=3942 3481 2240 2171 1241 1229 461 236 225 211 187
is_linear=0
shrinkage=0.04


Tree=27
num_leaves=15
num_cat=0
split_feature=24 18 5 2 18 18 3 5 22 21 0 10 21 1
split_gain=120.59 151.664 96.6636 80.8778 68.6707 66.7121 71.0292 58.6672 42.3861 40.8097 28.8556 7.98665 7.94232 10.7041
threshold=8.6899449650000005 0.73354500000000011 57.085000000000008 467.68500000000006 0.12257500000000002 1.8876250000000001 8461.465000000002 56.845000000000006 22.450000000000003 24.500000000000004 0.80650000000000011 -2821.9799999999996 3.5000000000000004 1436.4750000000001
decision_type=8 10 10 10 10 10 8 8 10 10 10 10 10 10
left_child=2 3 12 9 10 6 -3 -7 -6 -2 -4 -5 -1 -14
right_child=1 5 4 11 8 7 -8 -9 -10 -11 -12 -13 13 -15
leaf_value=0.065597788928001263 -0.019660303602690984 -0.068181229894842169 0.012154159960170125 0.006479729134836929 0.012753627000992224 0.039887299204808886 0.02791819562003885 -0.036041684777413423 -0.034611892813657452 -0.044544592774016886 -0.054861814474108539 0.046021433773418628 0.059359576410268906 0.017342692818367925
leaf_weight=40.857429325580597 287.53393717110157 12.470995813608168 13.125817090272902 14.828316569328306 574.61896324157715 20.619918584823608 215.43581731617451 68.749111846089363 31.227928251028061 172.29377481341362 38.57075634598732 22.92896369099617 20.204391971230507 22.753091588616371
leaf_count=26 1128 52 36 29 1042 23 323 221 106 673 212 23 13 35
internal_value=-4.84699e-06 -0.0106353 0.0116519 -0.0244181 0.00644153 0.0109219 0.0224344 -0.0181758 0.0102527 -0.029066 -0.0375098 0.0313027 0.0520101 0.0380205
internal_weight=1556.22 814.861 741.358 497.585 657.543 317.276 227.907 89.369 605.847 459.828 51.6966 37.7573 83.8149 42.9575
internal_count=3942 2472 1470 1853 1396 619 375 244 1148 1801 248 52 74 48
is_linear=0
shrinkage=0.04


Tree=28
num_leaves=13
num_cat=0
split_feature=6 18 20 11 9 14 4 5 22 10 8 23
split_gain=112.769 92.377 51.1044 63.1336 44.3704 28.0307 25.0414 22.1504 11.6427 10.1619 18.7682 18.5533
threshold=0.029940000000000005 0.12644500000000003 3.5000000000000004 -383.35999999999996 1.0000000180025095e-35 1.0000000180025095e-35 2.3455000000000008 57.025000000000013 1.1500000000000001 -956.40999999999997 0.77050000000000007 3.5000000000000004
decision_type=10 10 10 10 10 10 8 10 10 10 10 10
left_child=1 5 4 -4 -3 7 -7 -1 -2 10 -10 -11
right_child=8 2 3 -5 -6 6 -8 -9 9 11 -12 -13
leaf_value=-0.021910542311061657 -0.021033214484615415 0.023597070868459344 0.0036638788447106146 -0.020037662812822207 -0.022372317538529085 0.016958886763916041 -0.050501770010166522 -0.050512547642516004 -0.0029000872786524258 -0.024159473066192098 0.034720816074136296 0.01957308051742862
leaf_weight=98.007289156317711 9.350678622722624 198.721086114645 469.53495341539383 289.79135836660862 39.561394602060318 33.963355079293251 11.323287904262541 85.135741233825684 23.679829269647598 16.816417202353477 142.97010031342506 129.05622275173664
leaf_count=453 23 363 1002 878 114 97 59 515 47 46 156 189
internal_value=-3.20524e-06 -0.00554936 -0.000270353 -0.00536255 0.0158503 -0.0284658 0 -0.0354167 0.0210363 0.0223905 0.0292628 0.0143296
internal_weight=1547.91 1226.04 997.609 759.326 238.282 228.43 45.2866 183.143 321.873 312.523 166.65 145.873
internal_count=3942 3481 2357 1880 477 1124 156 968 461 438 203 235
is_linear=0
shrinkage=0.04


Tree=29
num_leaves=14
num_cat=0
split_feature=24 18 5 2 4 18 4 6 21 0 10 24 24
split_gain=106.137 139.152 89.9945 73.9405 62.7883 61.5972 55.187 40.3617 38.91 27.408 7.54253 7.1886 0.576054
threshold=8.6899449650000005 0.73354500000000011 57.085000000000008 467.68500000000006 0.10550000000000001 0.12257500000000002 7.7935000000000008 0.029630000000000004 24.500000000000004 0.80650000000000011 -2821.9799999999996 0.22173855500000003 0.19249493500000003
decision_type=8 10 8 10 10 10 10 10 10 10 10 10 10
left_child=2 3 11 8 -3 9 -6 -7 -2 -4 -5 12 -1
right_child=1 4 5 10 6 7 -8 -9 -10 -11 -12 -13 -14
leaf_value=0.048778282222919474 -0.018596161557374254 -0.06876761109584778 0.0119596505111546 0.0061176418242832207 0.018722720879019168 0.0006282747797826799 -0.057296556592546941 0.021620146849848507 -0.043064755048429035 -0.053885805748370291 0.044736990450478159 0.029279781444276742 0.067202362489698061
leaf_weight=28.957536414265633 283.19510236382484 14.60672405362129 13.016467615962027 14.802514746785162 285.65241298079491 347.57621718943119 15.548907503485678 255.53017911314964 169.97924323379993 36.944765865802765 22.484737738966942 23.598725438117981 28.451357379555702
leaf_count=26 1128 62 36 29 499 790 58 360 673 212 23 30 16
internal_value=-6.58777e-06 -0.0100354 0.0109806 -0.0233733 0.0106199 0.0059948 0.0146436 0.009566 -0.0278554 -0.0363861 0.0302187 0.0506467 0.0587559
internal_weight=1540.34 806.27 734.075 490.462 315.808 653.068 301.201 603.106 453.174 49.9612 37.2873 81.0076 57.4089
internal_count=3942 2472 1470 1853 619 1398 557 1150 1801 248 52 72 42
is_linear=0
shrinkage=0.04


Tree=30
num_leaves=15
num_cat=0
split_feature=24 18 5 2 18 6 18 5 22 21 22 4 21 1
split_gain=98.5132 129.162 84.336 68.8515 60.7424 65.1321 57.7238 54.0179 36.6337 36.5774 21.5483 7.51155 6.77642 9.77172
threshold=8.6899449650000005 0.73354500000000011 57.085000000000008 467.68500000000006 1.8876250000000001 0.022130000000000004 0.13120500000000004 56.845000000000006 22.450000000000003 24.500000000000004 3.8500000000000001 1.7350000000000003 3.5000000000000004 1436.4750000000001
decision_type=8 10 8 10 10 8 10 8 10 10 10 10 10 10
left_child=2 3 12 9 5 -3 10 -6 -8 -2 -4 -5 -1 -14
right_child=1 4 6 11 7 -7 8 -9 -10 -11 -12 -13 13 -15
leaf_value=0.062282662632611938 -0.017961957640897464 -0.052095246550823059 0.020031639772854062 0.008901604035953652 0.038379294184750598 0.027497538000757455 0.01194365564055566 -0.034777630074246647 -0.033102650769006266 -0.041796776522017874 -0.042287343958553263 0.046747058396208553 0.056649512646355593 0.015745891038272366
leaf_weight=38.677421241998672 281.51872012019157 17.235984593629837 9.9943075925111753 17.924364671111107 20.413767859339714 208.96997551620007 560.27941724658012 68.440777346491814 29.768899723887444 168.18223586678505 49.73651947081089 19.057985678315163 19.559895008802414 21.851359769701958
leaf_count=25 1128 65 18 35 23 310 1014 221 99 673 267 17 13 34
internal_value=-4.35105e-06 -0.00969367 0.0106111 -0.0226151 0.0102073 0.0212431 0.00578463 -0.0176258 0.00961103 -0.0269568 -0.0314482 0.0293014 0.0492426 0.0359886
internal_weight=1531.61 801.744 729.868 486.683 315.061 226.206 649.779 88.8545 590.048 449.701 59.7308 36.9824 80.0887 41.4113
internal_count=3942 2472 1470 1853 619 375 1398 244 1113 1801 285 52 72 47
is_linear=0
shrinkage=0.04


Tree=31
num_leaves=13
num_cat=0
split_feature=6 18 20 11 9 4 4 21 2 11 4 3
split_gain=93.7835 80.9072 47.5817 59.7819 41.5174 39.5477 38.2469 10.5679 32.2674 21.1303 19.1775 7.89794
threshold=0.029940000000000005 0.12644500000000003 3.5000000000000004 -33474.87999999999 1.0000000180025095e-35 0.82250000000000012 1.6390000000000002 8.5000000000000018 62.850000000000001 1821.0950000000003 0.24250000000000002 23402.785000000003
decision_type=10 8 8 8 10 10 10 10 10 10 10 8
left_child=1 5 4 -4 -3 -1 -7 9 -9 11 -10 -2
right_child=7 2 3 -5 -6 6 -8 8 10 -11 -12 -13
leaf_value=-0.050158403474865165 0.035089277752960953 0.022463789812747711 0.019641871216246897 -0.01026200945365153 -0.022096175497178523 0.010572978329316408 -0.039365536284805616 -0.08336752316628418 -0.027234313822114539 -0.016208382278789207 0.020208727528063731 0.01005980824889623
leaf_weight=82.547198966145515 127.26648944616318 197.83525802195072 126.59963327646255 665.68102930486202 39.388830333948135 52.769671723246574 44.428544953465462 5.0074507594108573 14.541645854711531 16.054826840758324 123.57192274928093 27.379608258605003
leaf_count=513 137 363 201 1845 114 209 236 21 39 38 176 50
internal_value=-1.92173e-06 -0.00507282 -0.000724182 -0.00544902 0.01495 -0.0297979 -0.0121335 0.0194511 0.0111303 0.0262579 0.0149891 0.0308335
internal_weight=1523.07 1209.25 1029.5 792.281 237.224 179.745 97.1982 313.822 143.121 170.701 138.114 154.646
internal_count=3942 3481 2523 2046 477 958 445 461 236 225 215 187
is_linear=0
shrinkage=0.04


Tree=32
num_leaves=14
num_cat=0
split_feature=24 18 5 2 4 18 4 22 21 0 10 24 24
split_gain=87.6138 118.215 78.8554 62.8012 57.1714 51.659 50.4359 35.9762 34.8924 26.319 7.43329 6.96102 0.488631
threshold=8.6899449650000005 0.73354500000000011 57.085000000000008 467.68500000000006 0.10550000000000001 0.12257500000000002 7.7935000000000008 22.450000000000003 18.500000000000004 0.80650000000000011 -2821.9799999999996 0.22173855500000003 0.19249493500000003
decision_type=8 10 8 10 10 10 10 10 10 10 10 10 10
left_child=2 3 11 8 -3 9 -6 -7 -2 -4 -5 12 -1
right_child=1 4 5 10 6 7 -8 -9 -10 -11 -12 -13 -14
leaf_value=0.046035595088160845 -0.015725624281861087 -0.066577437814468621 0.012928254012354987 0.0043605853487288576 0.01761456609971369 0.01093632339407175 -0.05535710774879344 -0.03297856704701016 -0.038580563351916647 -0.052553577789300664 0.042890539935810809 0.026486110978791444 0.063864560825331484
leaf_weight=28.131680384278297 248.4067944586277 14.341050520539282 12.785073295235632 14.630608037114142 283.60465264320374 565.60439255833626 15.41352942585945 30.831329643726349 194.98868405818939 34.604283884167671 21.834026724100113 22.909814551472664 27.806671783328056
leaf_count=26 1019 62 36 29 499 1044 58 106 782 212 23 30 16
internal_value=-4.19906e-06 -0.00919344 0.0100538 -0.0216762 0.0098623 0.00537731 0.0137002 0.00860702 -0.0258536 -0.0345192 0.0282404 0.0477126 0.0557399
internal_weight=1515.89 793.219 722.673 479.86 313.359 643.825 299.018 596.436 443.395 47.3894 36.4646 78.8482 55.9384
internal_count=3942 2472 1470 1853 619 1398 557 1150 1801 248 52 72 42
is_linear=0
shrinkage=0.04


Tree=33
num_leaves=15
num_cat=0
split_feature=6 18 20 11 9 4 4 5 3 24 8 4 6 0
split_gain=83.9723 72.9294 43.0423 58.477 38.8614 38.6856 35.9213 11.3664 39.49 36.2318 16.7212 10.1628 7.06437 5.23233
threshold=0.029630000000000004 0.12644500000000003 3.5000000000000004 -383.35999999999996 1.0000000180025095e-35 0.82250000000000012 1.6390000000000002 57.355000000000011 1239.3400000000004 0.10483601500000002 0.9295000000000001 0.45750000000000007 0.035420000000000007 1.0045000000000002
decision_type=10 8 8 8 10 10 10 8 10 10 10 10 8 10
left_child=1 5 4 -4 -3 -1 -7 8 12 -10 11 -9 -2 -12
right_child=7 2 3 -5 -6 6 -8 10 9 -11 13 -13 -14 -15
leaf_value=-0.049426223332488306 -0.0048887132774114656 0.021461202411299334 0.0038096861972071066 -0.018340434055803077 -0.021695523086988043 0.010719087621762038 -0.038262009656384634 -0.021649216547055504 0.031090778240907415 -0.013584902803626255 0.040791889872783961 0.017339244232663451 -0.068552797106694444 0.018332044221554135
leaf_weight=78.945119462907314 4.8536210805177671 197.30499120056629 463.00286202132702 322.35248683393002 39.300072729587555 52.342076659202576 42.786491617560387 13.245708927512167 92.804281935095787 41.102998703718185 78.347129851579666 44.096919119358063 10.12806063890457 27.386143445968628
leaf_count=513 13 363 998 1043 114 209 235 32 108 94 74 64 43 39
internal_value=-4.03402e-06 -0.00483922 -0.000737246 -0.00526236 0.0141779 -0.0287356 -0.0111871 0.0184475 0.0101813 0.0172292 0.0258181 0.00787815 -0.0500434 0.0352765
internal_weight=1508 1196.03 1021.96 785.355 236.605 174.074 95.1286 311.965 148.889 133.907 163.076 57.3426 14.9817 105.733
internal_count=3942 3475 2518 2041 477 957 444 467 258 202 209 96 56 113
is_linear=0
shrinkage=0.04


Tree=34
num_leaves=14
num_cat=0
split_feature=6 18 4 11 14 2 11 21 2 11 8 6 3
split_gain=78.2454 69.8222 40.3457 41.6999 31.8439 23.8638 23.1477 10.0997 29.6166 20.231 33.1929 18.1151 6.71373
threshold=0.029940000000000005 0.14275000000000002 0.05050000000000001 90.350000000000009 1.0000000180025095e-35 69.365000000000009 2841.9050000000002 8.5000000000000018 62.850000000000001 889.98500000000013 0.28450000000000003 0.067275000000000015 23402.785000000003
decision_type=10 8 8 8 10 10 10 10 10 10 10 10 8
left_child=1 4 -3 -4 6 -6 -1 9 -9 12 -11 -10 -2
right_child=7 2 3 -5 5 -7 -8 8 11 10 -12 -13 -14
leaf_value=-0.041337675382613022 0.033823652799621302 -0.062878639707818457 0.0069445477382511977 -0.010372159315275542 0.034391333910890519 -0.020855381080565203 0.00062187130091110189 -0.080461011882608097 0.019029158466454806 0.03440336407960759 -0.070462358981066037 -0.025806897760364659 0.010143854653439088
leaf_weight=131.34113174676895 120.77938589453697 15.672463521361349 630.18522255122662 343.01541815698147 20.62198381125927 30.061967059969902 23.900058753788471 5.0305245965719214 119.44707654416561 9.7469795346260089 8.4834659844636899 15.597071334719656 26.455994665622711
leaf_count=802 134 69 1309 1028 46 133 94 21 174 10 32 41 49
internal_value=-5.80159e-06 -0.00463974 -0.000202225 0.000818349 -0.0258002 0.0013487 -0.0347681 0.0180276 0.00983168 0.0247948 -0.013906 0.0136271 0.0297529
internal_weight=1500.34 1194.8 988.873 973.201 205.925 50.684 155.241 305.54 140.075 165.466 18.2304 135.044 147.235
internal_count=3942 3481 2406 2337 1075 179 896 461 236 225 42 215 183
is_linear=0
shrinkage=0.04


Tree=35
num_leaves=15
num_cat=0
split_feature=24 18 5 2 18 3 21 6 6 21 5 10 24 24
split_gain=73.8366 106.495 74.4158 56.9381 55.8231 59.2296 50.0247 44.9303 61.8383 34.8653 28.2893 7.19316 6.6814 0.500987
threshold=8.6899449650000005 0.73354500000000011 57.085000000000008 467.68500000000006 1.8876250000000001 8461.465000000002 66.500000000000014 0.031315000000000003 0.0097500000000000017 24.500000000000004 57.185000000000009 -2821.9799999999996 0.22173855500000003 0.19249493500000003
decision_type=8 10 8 10 10 8 10 10 10 10 10 10 10 10
left_child=2 3 12 9 5 -3 -6 8 -4 -2 -9 -5 13 -1
right_child=1 4 7 11 6 -7 -8 10 -10 -11 -12 -13 -14 -15
leaf_value=0.044484396294718689 -0.015596398286682536 -0.064067002088218028 0.0092212592164430257 0.0038578328012510263 -0.070952311744174143 0.025224887996236425 -8.9729402172027635e-05 -0.04385196453279 -0.02298693282943438 -0.039236473423197464 0.02160835077987151 0.041976777861532519 0.025327681491447797 0.062249803845416819
leaf_weight=27.406436055898666 271.00332628190517 12.005885258316992 241.02847558259964 14.543181821703909 20.621623992919922 211.78274515271187 67.298194319009781 10.434049129486082 156.77173805236816 163.16931273788214 225.69372688233852 21.351685300469398 22.609865739941597 27.343306735157967
leaf_count=26 1128 52 567 29 86 323 158 31 478 673 322 23 30 16
internal_value=-7.99735e-06 -0.00850352 0.00930075 -0.0205305 0.00957336 0.0202132 -0.017244 0.00472898 -0.00343459 -0.0245617 0.0185447 0.0273472 0.0462366 0.0542019
internal_weight=1493.06 781.776 711.288 470.068 311.708 223.789 87.9198 633.928 397.8 434.173 236.128 35.8949 77.3596 54.7497
internal_count=3942 2472 1470 1853 619 375 244 1398 1045 1801 353 52 72 42
is_linear=0
shrinkage=0.04


Tree=36
num_leaves=15
num_cat=0
split_feature=18 21 4 4 1 12 18 11 0 1 5 18 4 3
split_gain=71.7501 51.6864 49.6825 54.6862 48.732 41.8876 27.2268 41.5084 30.1855 23.7026 27.4983 19.5418 30.4303 14.711
threshold=0.12644500000000003 4.5000000000000009 0.067000000000000018 0.38450000000000006 3356.9900000000002 24.500000000000004 0.39126000000000005 1589.3600000000004 0.99450000000000005 6942.9400000000014 57.095000000000006 0.081500000000000017 1.4470000000000003 53.390000000000008
decision_type=10 10 10 10 10 10 10 10 8 10 10 8 10 8
left_child=4 6 5 -4 11 -3 8 -8 -2 -6 -11 13 -13 -1
right_child=1 2 3 -5 9 -7 7 -9 -10 10 -12 12 -14 -15
leaf_value=0.029192687161591069 0.045533140152124361 -0.056163937432754753 0.022350949396700001 -0.0025844246294068939 0.035081336620644783 0.017703502620366227 0.012194755063890346 -0.071010804511696238 0.010627522463949044 0.052123013588562486 -0.036457760977552378 -0.030045215744797977 0.024565225396972205 -0.049965362204063057
leaf_weight=3.3175071477890006 88.020838767290115 43.163143888115883 171.54955662786961 768.67768451571465 30.551657989621162 16.311440721154213 77.266481846570969 10.429322734475134 75.750102669000626 6.8128467798233059 22.447381809353828 76.827919125556946 19.888403251767159 74.131116755306721
leaf_count=9 90 175 302 1832 51 27 135 44 158 4 112 433 84 486
internal_value=-6.72e-06 0.00378386 -0.000277028 0.00195337 -0.0203266 -0.035593 0.0199757 0.0017262 0.0295912 0.0105102 -0.0146317 -0.0310309 -0.018541 -0.0461525
internal_weight=1485.15 1251.17 999.702 940.227 233.977 59.4746 251.467 87.6958 163.771 59.8119 29.2602 174.165 96.7163 77.4486
internal_count=3942 2763 2336 2134 1179 202 427 179 248 167 116 1012 517 495
is_linear=0
shrinkage=0.04


Tree=37
num_leaves=14
num_cat=0
split_feature=17 22 10 0 12 5 18 9 18 24 11 5 10
split_gain=69.3755 57.8486 79.6813 55.9391 42.9617 49.8449 49.3602 33.1533 46.7756 30.8642 25.956 23.7357 22.5197
threshold=11.500000000000002 22.450000000000003 -38030.514999999992 1.4945000000000002 22.000000000000004 57.085000000000008 0.75267500000000009 1.0000000180025095e-35 0.72162500000000007 0.076432615000000009 -39523.76999999999 57.085000000000008 8662.6400000000012
decision_type=8 10 10 10 10 10 10 8 10 10 8 10 10
left_child=1 7 10 4 6 -6 -2 11 -9 -5 -3 -1 -4
right_child=3 2 12 9 5 -7 -8 8 -10 -11 -12 -13 -14
leaf_value=0.04132639895064226 -0.050262987148912031 0.0036610661351953039 -0.038788253589883352 0.060821524555444074 0.055602790046790029 -0.016889705927128882 -0.0042460438117732134 -0.0073357428596239217 0.014372210251143982 -0.02530957037669572 0.076654210203828788 0.012746975004311779 0.017465997682036796
leaf_weight=54.777053818106651 114.85585920512676 18.168769419193268 111.38567231595516 20.490067526698116 19.070036545395851 67.015567794442177 56.725522950291634 365.29549400508404 279.65179018676281 9.0238666459918004 14.091761246323584 336.71238719671965 11.87251867353916
leaf_count=54 629 39 449 25 17 247 146 1135 491 37 11 634 28
internal_value=-5.88278e-06 0.0042341 -0.0184394 -0.0176504 -0.0236796 -0.000371533 -0.0352224 0.00766282 0.00204977 0.0338377 0.0368391 0.0168444 -0.0331594
internal_weight=1479.14 1191.96 155.519 287.181 257.667 86.0856 171.581 1036.44 644.947 29.5139 32.2605 391.489 123.258
internal_count=3942 2841 527 1101 1039 264 775 2314 1626 62 50 688 477
is_linear=0
shrinkage=0.04


Tree=38
num_leaves=14
num_cat=0
split_feature=17 22 10 0 12 18 5 19 10 4 24 11 22
split_gain=64.6282 53.4878 73.9985 52.026 40.5983 47.5307 46.3228 32.9178 43.3232 37.8227 28.4131 23.8422 22.5121
threshold=11.500000000000002 22.450000000000003 -38030.514999999992 1.4945000000000002 22.000000000000004 0.75267500000000009 57.085000000000008 63.950000000000003 2979.0700000000006 1.4665000000000001 0.076432615000000009 -39523.76999999999 24.650000000000002
decision_type=8 10 10 10 10 10 10 10 8 8 10 8 10
left_child=1 7 11 4 5 -2 -6 8 -1 -9 -5 -3 -4
right_child=3 2 12 10 6 -7 -8 9 -10 -11 -12 -13 -14
leaf_value=0.012467887037750652 -0.049416932062336029 0.0035204943825086427 -0.059184132982408773 0.058215322568474476 0.053813686386027779 -0.004078687100849113 -0.016293541092639422 -0.048835228674307993 -0.013192951947947926 0.010423597074973154 -0.024519510711816569 0.073489573272490463 -0.020595436505193365
leaf_weight=847.1847298592329 112.21162474155426 18.158649995923042 35.250562593340874 20.571647748351101 18.935207948088646 56.711759358644485 66.713437363505363 34.129987344145775 119.04498981684446 33.143796861171722 8.959479480981825 14.131231173872946 87.095983929932117
leaf_count=1767 629 39 163 25 17 146 247 114 371 62 37 11 314
internal_value=-3.75226e-06 0.00408214 -0.0177844 -0.0171387 -0.0230228 -0.0343708 -0.0003397 0.00738026 0.00928045 -0.0194836 0.032458 0.0354051 -0.0320721
internal_weight=1472.24 1188.14 154.636 284.103 254.572 168.923 85.6486 1033.5 966.23 67.2738 29.5311 32.2899 122.347
internal_count=3942 2841 527 1101 1039 775 264 2314 2138 176 62 50 477
is_linear=0
shrinkage=0.04


Tree=39
num_leaves=14
num_cat=0
split_feature=6 18 4 11 12 4 5 24 3 8 8 3 8
split_gain=62.0922 57.1933 35.7309 38.2176 28.5426 30.9365 10.7368 35.5992 40.0742 15.9871 10.5413 5.45212 5.10395
threshold=0.029630000000000004 0.14275000000000002 0.05050000000000001 -33474.87999999999 24.500000000000004 1.8080000000000003 57.355000000000011 0.033053405000000001 1613.0850000000003 0.9295000000000001 0.69750000000000012 8461.465000000002 0.92000000000000015
decision_type=10 8 8 8 10 8 8 10 10 10 10 10 10
left_child=1 4 -3 -4 5 -1 7 12 -9 10 -8 -11 -2
right_child=6 2 3 -5 -6 -7 9 8 -10 11 -12 -13 -14
leaf_value=-0.014767125229756999 0.044783362257516106 -0.060239030521986925 0.0216369102330147 -0.0022884200405508394 0.04069572311201114 -0.04920156576357998 0.02507215184119508 -0.07385558516097887 0.0035415782350112085 0.039431512136630438 -0.0093028470939881674 0.016975541991512036 0.015015632823328677
leaf_weight=116.17285461723804 32.803117200732231 15.12243105471134 121.86426955461502 837.40535922348499 9.667350158095358 67.583230413496494 25.168638736009598 11.753792136907576 81.717368811368942 70.527903005480766 30.705505505204201 29.300820589065552 17.01427149772644
leaf_count=599 29 69 183 2149 12 463 32 51 151 70 64 43 27
internal_value=-6.44649e-06 -0.00418545 -0.000216408 0.000739871 -0.0240247 -0.0276394 0.0162291 0.00807145 -0.0063193 0.0235584 0.00591172 0.0331572 0.0352644
internal_weight=1466.81 1167.82 974.392 959.27 193.423 183.756 298.991 143.289 93.4712 155.703 55.8741 99.8287 49.8174
internal_count=3942 3475 2401 2332 1074 1062 467 258 202 209 96 113 56
is_linear=0
shrinkage=0.04


Tree=40
num_leaves=15
num_cat=0
split_feature=19 18 17 5 18 3 23 5 22 18 24 4 4 11
split_gain=58.4904 94.8401 66.9296 55.9677 52.0891 59.7004 48.0041 45.7524 41.1122 42.5206 16.9845 11.2715 9.56286 0.855334
threshold=62.900000000000006 0.73354500000000011 2.5000000000000004 57.07500000000001 1.8876250000000001 33736.960000000006 9.5000000000000018 56.845000000000006 23.150000000000002 1.5330200000000003 0.0081380950000000032 5.5965000000000016 1.2360000000000004 117.04500000000002
decision_type=8 10 8 8 10 8 8 8 10 8 10 10 8 10
left_child=3 2 6 12 5 -3 -2 -6 9 -5 -10 -4 -1 -14
right_child=1 4 11 8 7 -7 -8 -9 10 -11 -12 -13 13 -15
leaf_value=0.015745908524957213 -0.029538658209497193 -0.05937822382601346 -0.048421694395652075 0.0037759998883745878 0.035158949566470504 0.025004075342601257 0.003870750854784096 -0.03310155733165264 0.025387182436875606 0.043790947709789516 -0.04717642284193338 0 0.041580056565858926 0.060986516841569437
leaf_weight=18.747158646583557 116.78026513755322 13.783327564597128 116.66892147809267 602.88206336647272 19.766479164361954 199.8185747563839 164.17921007424593 67.14291475713253 5.4155414327979079 45.414887696504593 32.252195730805397 7.7950845509767523 26.19606876373291 23.148028507828712
leaf_count=29 441 49 674 1391 23 303 535 221 14 48 144 29 25 16
internal_value=-4.78991e-06 -0.00829004 -0.0209165 0.00772557 0.00868447 0.0193397 -0.00997255 -0.0172354 0.00424505 0.00664156 -0.0360239 -0.045322 0.0422109 0.0516056
internal_weight=1459.99 705.935 405.423 754.056 300.511 213.602 280.959 86.9094 685.965 648.297 37.6677 124.464 68.0913 49.3441
internal_count=3942 2275 1679 1667 596 352 976 244 1597 1439 158 703 70 41
is_linear=0
shrinkage=0.04


Tree=41
num_leaves=15
num_cat=0
split_feature=17 2 18 5 21 18 11 24 8 12 21 12 16 20
split_gain=56.7474 63.2189 75.7373 72.5736 70.4808 47.6359 50.7248 34.9947 26.4008 26.2831 20.4037 17.9277 5.64074 1.7638
threshold=1.5000000000000002 11.965000000000002 0.75267500000000009 57.085000000000008 87.500000000000014 0.092030000000000015 4585.3550000000005 15.010012340000001 0.16900000000000004 24.500000000000004 11.500000000000002 22.000000000000004 11.500000000000002 2.5000000000000004
decision_type=8 10 10 10 10 8 10 10 8 10 8 10 10 10
left_child=5 2 10 13 -4 8 7 -7 -1 -5 -2 -8 -10 -3
right_child=1 3 4 9 -6 6 11 -9 12 -11 -12 -13 -14 -15
leaf_value=0.027946945155694968 -0.021609345775122715 0.057831289809949303 0.021555830718986653 -0.012825049956949098 -0.049976084728772484 0.013551106943399855 -0.070639483664204916 -0.031016687454544632 -0.053405647675806904 0.011485053442583449 -0.050549369415648603 -0.0097123737957405115 0 0.036153526969211203
leaf_weight=8.3842514455318433 68.519442662596703 23.463470354676247 83.183642864227295 213.49386572092772 29.381290197372437 694.43988940864801 14.890263020992277 28.661624655127525 32.06180564314127 105.43026910722256 105.31162667274475 17.686150103807449 3.2758778929710379 25.074196234345436
leaf_count=13 387 14 144 702 113 1387 66 89 209 187 550 41 10 30
internal_value=-2.29463e-06 -0.00875223 -0.0228294 0.00218112 0.0025695 0.00713058 0.00950691 0.0117367 -0.0331321 -0.00472058 -0.0393514 -0.0388129 -0.0483696 0.0475234
internal_weight=1453.26 653.858 286.396 367.462 112.565 799.4 755.678 723.102 43.7219 318.924 173.831 32.5764 35.3377 48.5377
internal_count=3942 2127 1194 933 257 1815 1583 1476 232 889 937 107 219 44
is_linear=0
shrinkage=0.04


Tree=42
num_leaves=14
num_cat=0
split_feature=6 18 4 4 21 22 4 0 22 4 5 3 8
split_gain=54.3928 50.7561 37.3283 36.702 34.3574 62.2291 61.9376 14.212 26.6982 15.9403 15.4415 27.4762 8.22413
threshold=0.030870000000000005 0.12644500000000003 0.82250000000000012 1.6390000000000002 170.50000000000003 10.950000000000001 1.3495000000000001 1.2320000000000002 4.0500000000000007 2.1000000000000005 57.355000000000011 1239.3400000000004 0.90350000000000008
decision_type=10 8 10 10 10 8 10 10 10 10 8 10 10
left_child=1 2 -1 -4 5 -3 -6 10 -9 -10 11 -2 -12
right_child=7 4 3 -5 6 -7 -8 8 9 -11 12 -13 -14
leaf_value=-0.047485162451879004 -0.045212000341607411 0.0067857654536027283 0.014590209116127545 -0.036768414411309604 0.052086304002588915 -0.013772096397970793 -0.035056155465140341 0.029539820515531581 -0.056652042899190666 0.0047396260468185467 0.011675807315233083 0.016201922639755707 0.035910335310745556
leaf_weight=67.010218694806099 12.740982159972189 523.6557989269495 50.216447360813618 38.845913521945477 46.199092015624046 426.69388811290264 17.427654668688774 20.356923654675484 15.225570574402811 10.771823033690451 34.153701990842819 91.562559172511101 91.106629222631454
leaf_count=514 47 1047 212 240 44 1389 61 24 51 20 54 141 98
internal_value=-6.418e-06 -0.00378891 -0.0249881 -0.00766754 -0.000495476 -0.00242579 0.0278185 0.015939 -0.00387054 -0.0308506 0.0200256 0.00832929 0.0295342
internal_weight=1445.97 1170.05 156.073 89.0624 1013.98 950.35 63.6267 275.918 46.3543 25.9974 229.564 104.304 125.26
internal_count=3942 3507 966 452 2541 2436 105 435 95 71 340 188 152
is_linear=0
shrinkage=0.04


Tree=43
num_leaves=15
num_cat=0
split_feature=6 18 4 14 11 4 12 0 24 20 22 5 3 8
split_gain=50.6837 48.1267 35.0056 32.3531 28.9393 24.1151 23.1068 14.8379 26.0116 22.9078 18.2506 12.7241 27.0105 8.27231
threshold=0.031385000000000003 0.14275000000000002 0.05050000000000001 1.0000000180025095e-35 1630.3950000000002 1.8080000000000003 24.500000000000004 1.2320000000000002 0.10803951000000002 9.5000000000000018 3.3500000000000001 57.355000000000011 1239.3400000000004 0.90350000000000008
decision_type=10 8 8 8 10 8 10 10 10 8 8 8 10 10
left_child=1 4 -3 -4 6 -6 -1 11 10 -10 -9 12 -2 -13
right_child=7 2 3 -5 5 -7 -8 8 9 -11 -12 13 -14 -15
leaf_value=-0.036145880193964482 -0.043716136150735545 -0.059728027831248205 0.014347673827353191 -0.0030100767923485999 0.019441068879388422 -0.036583639559907545 0.032634570732410308 0.047321745432150078 -0.089185945036158495 0.0096270789111689049 -0.013048667543457813 0.0090892423454415026 0.017476924108446472 0.035223703136614513
leaf_weight=126.84783579409122 12.668442785739897 14.953996673226355 222.27974408864975 748.0556408315897 39.178106121718884 17.259824439883232 7.6419484466314307 14.673004880547525 8.4429092556238139 5.7410122007131585 15.86387677490711 28.118873700499535 87.376575767993927 89.21562072634697
leaf_count=846 47 70 438 1926 131 104 11 11 36 9 37 46 132 98
internal_value=-5.72288e-06 -0.00356551 0 0.000950894 -0.0219181 0.00178555 -0.0319831 0.0158696 -0.0047105 -0.0488629 0.01561 0.0201964 0.00935043 0.0291955
internal_weight=1438.32 1176.22 985.289 970.335 190.928 56.4379 134.49 262.1 44.7208 14.1839 30.5369 217.38 100.045 117.334
internal_count=3942 3526 2434 2364 1092 235 857 416 93 45 48 323 179 144
is_linear=0
shrinkage=0.04


Tree=44
num_leaves=15
num_cat=0
split_feature=17 19 5 18 21 18 11 22 2 21 8 12 16 21
split_gain=48.9175 56.3874 63.0437 61.821 61.2385 41.4598 45.8582 32.3975 31.9077 25.043 23.9865 16.6333 5.42564 1.11674
threshold=1.5000000000000002 62.900000000000006 57.085000000000008 0.75267500000000009 87.500000000000014 0.092030000000000015 4585.3550000000005 22.450000000000003 395.23000000000008 11.500000000000002 0.16900000000000004 22.000000000000004 11.500000000000002 2.5000000000000004
decision_type=8 8 10 10 10 8 10 10 10 8 8 10 10 10
left_child=5 2 13 9 -5 10 7 -7 -4 -3 -1 -8 -12 -2
right_child=1 3 8 4 -6 6 11 -9 -10 -11 12 -13 -14 -15
leaf_value=0.026629883134991841 0.056499479771085465 -0.016484546104696886 -0.010251141702767695 0.018364543405140429 -0.048044227447924061 0.014205611609931173 -0.068235982292524658 -0.011447387827338599 0.022624796639526587 -0.047543815464711175 -0.052335980371884014 -0.0092682134193055928 0 0.036186726645062131
leaf_weight=8.1876906752586347 21.290662854909897 71.625105865299702 241.73804589360952 88.187318563461304 29.117339268326759 625.91377873718739 14.668421164155005 88.845019660890102 57.967755638062954 110.076111972332 30.062820710241795 17.678562268614769 3.1873207986354819 23.5039102435112
leaf_count=13 13 390 748 158 113 1212 66 264 104 573 209 41 10 28
internal_value=-6.06308e-06 -0.00820025 0.00278083 -0.0209024 0.00157685 0.00665657 0.00884465 0.0109832 -0.00379871 -0.0354891 -0.0319517 -0.0372489 -0.0471505 0.0468
internal_weight=1432.05 643.506 344.5 299.006 117.305 788.544 747.106 714.759 299.706 181.701 41.4378 32.347 33.2501 44.7946
internal_count=3942 2127 893 1234 271 1815 1583 1476 852 963 232 107 219 41
is_linear=0
shrinkage=0.04


Tree=45
num_leaves=14
num_cat=0
split_feature=17 0 22 10 12 18 5 19 10 4 24 22 11
split_gain=46.0896 47.7966 39.9431 64.6115 33.8245 40.84 35.5359 28.4434 36.6766 34.7174 26.233 21.9375 20.8941
threshold=11.500000000000002 1.4945000000000002 22.450000000000003 -38030.514999999992 22.000000000000004 0.75267500000000009 57.085000000000008 63.950000000000003 2979.0700000000006 1.4665000000000001 0.076432615000000009 24.650000000000002 -39523.76999999999
decision_type=8 10 10 10 10 10 10 10 8 8 10 10 8
left_child=2 4 7 12 5 -2 -6 8 -1 -9 -3 -5 -4
right_child=1 10 3 11 6 -7 -8 9 -10 -11 -12 -13 -14
leaf_value=0.011138113834554661 -0.046846554921800176 0.057323060470339443 0.0038155460752118567 -0.056990985631025518 0.048280591802361217 -0.0038545084225419814 -0.01411963549756653 -0.046883549235180073 -0.012713008046730916 0.010086155110995618 -0.022903017674854833 -0.018098628787272867 0.069706603703780373
leaf_weight=822.45044305175543 101.18401861190796 20.513098135590557 17.972774147987366 33.560002088546753 18.292347952723503 55.971500530838966 64.968720957636833 33.941273227334023 116.76616959273815 32.828620091080666 8.7051412612199766 83.927291750907898 14.040114998817442
leaf_count=1767 629 25 39 163 17 146 247 114 371 62 37 314 11
internal_value=-9.09227e-06 -0.0148985 0.00345301 -0.0157674 -0.0208301 -0.0317224 0 0.00633564 0.0081464 -0.0187093 0.0327647 -0.0295721 0.0339566
internal_weight=1425.12 269.635 1155.49 149.5 240.417 157.156 83.2611 1005.99 939.217 66.7699 29.2182 117.487 32.0129
internal_count=3942 1101 2841 527 1039 775 264 2314 2138 176 62 477 50
is_linear=0
shrinkage=0.04


Tree=46
num_leaves=12
num_cat=0
split_feature=6 18 21 4 21 14 2 11 22 0 0
split_gain=44.6883 41.1543 31.4275 56.6027 44.5004 25.7822 21.4221 20.1492 9.76224 8.72627 12.3833
threshold=0.029630000000000004 0.14275000000000002 170.50000000000003 1.3495000000000001 114.50000000000001 1.0000000180025095e-35 69.365000000000009 2841.9050000000002 1.1500000000000001 0.34500000000000003 0.6695000000000001
decision_type=10 8 10 10 10 10 10 10 10 10 10
left_child=1 5 4 -4 -3 7 -7 -1 -2 -10 -11
right_child=8 2 3 -5 -6 6 -8 -9 9 10 -12
leaf_value=-0.037409655422464334 -0.025696572871095662 0.00033094841979583407 0.050480460372073238 -0.033332168026760929 -0.032952923119529076 0.035721500323678705 -0.01862027224901075 0.0042081616506216488 0.035261807759446866 -0.01992173738168377 0.015203775276655909
leaf_weight=108.63886981457472 8.7280311584472638 826.81299056112766 45.317117765545845 17.24421238899231 69.092238903045654 19.454828292131424 26.947948344051838 21.310044355690479 32.337369650602341 16.373863786458969 227.50536991655827
leaf_count=801 23 2057 44 61 239 46 133 94 37 40 367
internal_value=-1.14281e-05 -0.0035826 -0.000289951 0.0269803 -0.00223054 -0.0213136 0.00387457 -0.0304416 0.0141224 0.015497 0.0127277
internal_weight=1419.76 1134.82 958.467 62.5613 895.905 176.352 46.4028 129.949 284.945 276.217 243.879
internal_count=3942 3475 2401 105 2296 1074 179 895 467 444 407
is_linear=0
shrinkage=0.04


Tree=47
num_leaves=14
num_cat=0
split_feature=17 0 22 10 12 18 5 19 0 4 24 22 11
split_gain=41.9438 44.3867 36.6272 59.4972 31.4272 39.1887 33.1593 26.2822 35.9497 31.9161 24.1465 20.8406 18.4302
threshold=11.500000000000002 1.4945000000000002 22.450000000000003 -38030.514999999992 22.000000000000004 0.38049500000000008 57.085000000000008 63.950000000000003 0.96250000000000002 1.4665000000000001 0.076432615000000009 24.650000000000002 -39523.76999999999
decision_type=8 10 10 10 10 10 10 10 8 8 10 10 8
left_child=2 4 7 12 5 -2 -6 8 -1 -9 -3 -5 -4
right_child=1 10 3 11 6 -7 -8 9 -10 -11 -12 -13 -14
leaf_value=0.020206023864676452 -0.050812740621749897 0.055114320354422562 0.0041086381679103735 -0.055654596628870102 0.046892312958373789 -0.010006152984836616 -0.013693774140703191 -0.044988936875405512 0.0027966188131351433 0.0096327389666593394 -0.022072487381460264 -0.017406062656797724 0.066225621853665803
leaf_weight=266.83410199731588 77.502451345324516 20.507825762033466 17.935505762696266 32.839167855679989 18.080311968922615 76.208523705601692 64.553643085062504 33.998338609933853 667.26760705560446 32.737523078918457 8.613659240305422 83.25806625187397 13.96794478595257
leaf_count=433 544 25 39 163 17 231 247 114 1705 62 37 314 11
internal_value=-1.13569e-05 -0.01434 0.00328702 -0.0152153 -0.0201424 -0.0308089 0 0.00604928 0.00779931 -0.0180242 0.0316213 -0.0285888 0.0325241
internal_weight=1414.3 265.466 1148.84 148.001 236.345 153.711 82.634 1000.84 934.102 66.7359 29.1215 116.097 31.9035
internal_count=3942 1101 2841 527 1039 775 264 2314 2138 176 62 477 50
is_linear=0
shrinkage=0.04


Tree=48
num_leaves=14
num_cat=0
split_feature=17 21 22 5 18 11 18 17 18 8 6 5 15
split_gain=40.0596 47.8664 39.9514 38.2014 35.623 32.3673 27.457 39.5712 31.6176 21.2784 17.4353 12.6106 1.83782
threshold=1.5000000000000002 93.500000000000014 1.1500000000000001 57.295000000000009 0.092030000000000015 4585.3550000000005 1.7255800000000001 4.5000000000000009 1.8512550000000003 0.16900000000000004 0.0086850000000000017 56.875000000000007 0.093000000000000013
decision_type=8 8 8 10 8 10 10 10 10 8 8 8 10
left_child=2 6 10 11 9 -6 7 -2 -8 -4 -1 -3 -12
right_child=1 3 4 -5 5 -7 8 -9 -10 -11 12 -13 -14
leaf_value=0.00087657864115699537 -0.010899954434889572 0.003204766057129862 0.025485446207748352 0.017363274869548809 0.011323346147317517 -0.03142393530939773 0.051340693695311038 0.02233574597564798 -0.0079175462920381343 -0.045033553729261218 -0.091447979375903835 -0.059301731689318002 -0.041371152972907617
leaf_weight=6.6459156423807144 437.5211144015193 5.0132760107517234 8.0488477647304517 14.7948971837759 691.86682952195406 28.849720925092697 29.214988961815834 65.159370541572571 26.769995778799057 30.394568897783756 7.8965050876140612 51.226893663406372 5.2317656576633453
leaf_count=16 1570 20 13 36 1429 94 25 136 73 212 34 267 17
internal_value=-1.20239e-05 -0.00752528 0.00603707 -0.0383624 0.00753522 0.00956388 -0.00353774 -0.00653415 0.0228322 -0.0296179 -0.0492601 -0.0533982 -0.0752093
internal_weight=1408.63 629.701 778.934 71.0351 759.16 720.717 558.665 502.68 55.985 38.4434 19.7742 56.2402 13.1283
internal_count=3942 2127 1815 323 1748 1523 1804 1706 98 225 67 287 51
is_linear=0
shrinkage=0.04


Tree=49
num_leaves=13
num_cat=0
split_feature=6 18 20 6 9 14 2 11 24 23 6 2
split_gain=39.1177 35.9931 30.6541 45.4708 33.5159 24.165 20.222 19.2434 12.0234 8.24676 13.7206 4.99837
threshold=0.029630000000000004 0.14275000000000002 3.5000000000000004 0.010130000000000002 1.0000000180025095e-35 1.0000000180025095e-35 69.365000000000009 2841.9050000000002 14.193630785000002 17.500000000000004 0.084325000000000025 223.49500000000003
decision_type=10 8 8 10 10 10 10 10 10 10 10 10
left_child=1 5 4 -4 -3 7 -7 -1 9 10 -2 -11
right_child=8 2 3 -5 -6 6 -8 -9 -10 11 -12 -13
leaf_value=-0.036444568151399973 0.0054946182615966122 0.020824122547476866 -6.2433105131588944e-05 -0.028371879928947068 -0.02093096958752836 0.035128039022813758 -0.01793180263407897 0.0045969428949922822 -0.023327216135109938 0.014409397296170301 0.030419205672366108 0.03936563532730062
leaf_weight=103.71810542792082 161.37408627569675 169.88964913785458 641.21787850558758 105.52940791845322 36.65411788225174 19.341899454593658 26.482538446784019 21.020916230976582 12.800919875502585 27.952819317579269 46.049769803881645 32.494913637638092
leaf_count=801 299 304 1684 307 106 46 133 94 32 44 59 33
internal_value=-1.4123e-05 -0.00336537 -0.000312201 -0.00410616 0.0132848 -0.020262 0.00416975 -0.0293779 0.0133158 0.0151816 0.0111841 0.0283662
internal_weight=1404.53 1123.85 953.291 746.747 206.544 170.563 45.8244 124.739 280.673 267.872 207.424 60.4477
internal_count=3942 3475 2401 1991 410 1074 179 895 467 435 358 77
is_linear=0
shrinkage=0.04


Tree=50
num_leaves=13
num_cat=0
split_feature=6 21 4 6 18 12 5 24 10 8 8 4
split_gain=36.352 34.9853 51.4866 43.605 84.8401 49.3672 21.5174 11.1684 8.09756 18.8862 17.8591 6.15405
threshold=0.029630000000000004 170.50000000000003 1.3495000000000001 0.010130000000000002 0.69803000000000004 24.500000000000004 57.305000000000007 14.193630785000002 -861.14999999999998 0.50150000000000017 0.77050000000000007 0.69050000000000011
decision_type=10 10 10 8 8 10 10 10 10 10 10 10
left_child=1 3 11 5 -5 -1 -4 8 10 -10 -2 -3
right_child=7 2 6 4 -6 -7 -8 -9 9 -11 -12 -13
leaf_value=-0.0048569731526747744 -0.012345470442232765 0.02934188718449815 -0.065306824869756377 -0.022699840116448589 0.0043866431140798766 0.027551350792752061 0.023810136455578706 -0.022264866722283578 0.034788467381665154 -0.0012701381125413899 0.027396882358004138 0.063161043440059378
leaf_weight=196.7564384713769 20.275388956069946 20.418249621987343 10.833407193422319 402.54562018811703 339.86036169528961 120.37474079430103 6.2704231590032569 12.897072225809096 29.660318359732628 97.083816945552826 118.77807807922363 24.088767647743225
leaf_count=628 46 29 48 1766 802 174 13 32 34 197 158 15
internal_value=-1.25553e-05 -0.00324161 0.0258874 -0.00496571 -0.0102786 0.00740542 -0.0317513 0.0128884 0.0147078 0.00711456 0.0214353 0.0485887
internal_weight=1399.84 1121.15 61.6108 1059.54 742.406 317.131 17.1038 278.695 265.798 126.744 139.053 44.507
internal_count=3942 3475 105 3370 2568 802 61 467 435 231 204 44
is_linear=0
shrinkage=0.04


Tree=51
num_leaves=9
num_cat=0
split_feature=4 0 18 12 19 23 21 12
split_gain=35.9392 38.6364 60.6255 64.5785 48.6205 42.1177 28.6206 12.1613
threshold=28.019000000000002 0.95250000000000001 0.65257500000000013 24.500000000000004 93.750000000000014 20.500000000000004 7.5000000000000009 26.500000000000004
decision_type=10 8 10 10 8 10 10 10
left_child=1 4 3 -3 6 -4 -1 -2
right_child=7 2 5 -5 -6 -7 -8 -9
leaf_value=0.026590492297801669 -0.064013918952778845 -0.017488089337319032 0.0018737428957933786 0.01598394393992705 -0.077375030096955982 0.032630146313233077 0.0029749951565794437 0.0010294468562944148
leaf_weight=168.74884002655745 18.05276765674353 490.52015595138073 335.43638917803764 112.52996318042278 8.8129918128252012 90.548910468816757 163.87767908722162 5.3005938678979865
leaf_count=283 87 2130 737 186 39 122 348 10
internal_value=-9.15586e-06 0.000823427 -0.00303044 -0.011201 0.0124842 0.00848892 0.0150376 -0.0487002
internal_weight=1393.83 1370.47 1029.04 603.05 341.44 425.985 332.627 23.3534
internal_count=3942 3845 3175 2316 670 859 631 97
is_linear=0
shrinkage=0.04


Tree=52
num_leaves=14
num_cat=0
split_feature=17 21 22 5 18 20 18 10 18 8 6 5 16
split_gain=34.139 45.152 36.1192 34.7016 31.06 30.7039 24.5273 36.0425 29.7277 19.1054 15.922 12.3907 1.64934
threshold=1.5000000000000002 93.500000000000014 1.1500000000000001 57.295000000000009 0.092030000000000015 3.5000000000000004 1.7255800000000001 20591.215000000004 1.8512550000000003 0.16900000000000004 0.0086850000000000017 56.875000000000007 6.5000000000000009
decision_type=8 8 8 10 8 8 10 10 10 8 8 8 10
left_child=2 6 10 11 9 -6 7 -2 -8 -4 -1 -3 -12
right_child=1 3 4 -5 5 -7 8 -9 -10 -11 12 -13 -14
leaf_value=0.00097470182581524097 -0.0084813663090584496 0.0042800541829214004 0.024030689459496584 0.015555306364763797 0.022735616224870567 0.0038768903370721419 0.04976923420161921 0.040817823914451552 -0.0078618504012647923 -0.043885814763286131 -0.086833049890055775 -0.058072867807758291 -0.038718371997246613
leaf_weight=6.6235966086387634 471.42982740700245 4.9463695287704459 7.8191642612218848 14.797708809375761 189.27928700298071 522.42361198365688 28.868489250540733 24.382632166147232 26.728169411420822 28.558305509388447 8.0347029566764849 49.560636065900326 5.1287543773651114
leaf_count=16 1669 20 13 36 333 1190 25 37 73 212 34 267 17
internal_value=-7.64358e-06 -0.0069948 0.00561534 -0.0373312 0.00706235 0.00893294 -0.00311532 -0.005978 0.0218834 -0.0286173 -0.0469308 -0.0520634 -0.0716532
internal_weight=1388.58 620.714 767.867 69.3047 748.08 711.703 551.409 495.812 55.5967 36.3775 19.7871 54.507 13.1635
internal_count=3942 2127 1815 323 1748 1523 1804 1706 98 225 67 287 51
is_linear=0
shrinkage=0.04


Tree=53
num_leaves=9
num_cat=0
split_feature=4 1 18 12 1 22 0 12
split_gain=33.2339 36.2333 34.7483 62.7995 51.3697 21.0436 15.4441 11.5074
threshold=28.019000000000002 1207.45 0.69803000000000004 24.500000000000004 6399.0650000000014 0.95000000000000007 0.91550000000000009 26.500000000000004
decision_type=10 8 10 10 8 10 10 10
left_child=1 5 3 -3 -4 -1 -7 -2
right_child=7 2 4 -5 -6 6 -8 -9
leaf_value=-0.059029477268739694 -0.062441280673319007 -0.012470989639833429 -0.02612026117085086 0.015101980048381387 0.012994313375428069 0.031218945835937709 0 0.00095136098382887606
leaf_weight=4.5714755356311789 17.640821889042858 610.69002816826105 61.727758467197418 167.61423051357269 383.17715679109097 99.19332417100668 34.6002247184515 5.2897178977727881
leaf_count=22 87 2398 169 280 726 149 101 10
internal_value=-7.49416e-06 0.000790595 -0.00139173 -0.00650136 0.00749928 0.0201629 0.0232274 -0.0472558
internal_weight=1384.5 1361.57 1223.21 778.304 444.905 138.365 133.794 22.9305
internal_count=3942 3845 3573 2678 895 272 250 97
is_linear=0
shrinkage=0.04


Tree=54
num_leaves=13
num_cat=0
split_feature=19 18 17 23 5 0 18 18 0 11 6 1
split_gain=31.1558 58.4341 50.399 47.7175 46.4621 41.4327 52.5877 33.786 35.8136 12.6098 11.7273 9.41801
threshold=62.900000000000006 0.73354500000000011 2.5000000000000004 9.5000000000000018 57.07500000000001 0.68300000000000016 1.8876250000000001 1.5330200000000003 1.8335000000000001 3345.6500000000001 0.018630000000000004 7107.1600000000008
decision_type=8 10 8 8 8 10 10 10 10 10 10 10
left_child=4 2 3 -2 11 6 -3 8 -6 -4 -9 -1
right_child=1 5 9 -5 7 -7 -8 10 -10 -11 -12 -13
leaf_value=0.049213595615415107 -0.027574426871269916 0.021211710889823498 -0.045945136345763603 0.006544042452481841 0.0026383318767458051 -0.074587110864038936 -0.01626788271852497 0.061982060637946264 -0.035445403995031446 -0.0033876409768445847 0.018642434375277416 0.014862913892064357
leaf_weight=42.50171160697937 110.94563611596823 198.02754211425781 89.686274118721485 157.51205459982157 563.4319474324584 9.063737675547598 84.772160112857819 16.755339279770851 41.984347634017467 13.978890210390089 30.197454497218132 21.737477988004684
leaf_count=36 441 315 626 535 1389 37 244 12 148 77 48 34
internal_value=-7.64468e-06 -0.00626213 -0.0167775 -0.0075068 0.00576 0.00708221 0.00989733 0.00251775 0 -0.0404422 0.03502 0.0381034
internal_weight=1380.59 663.986 372.123 268.458 716.608 291.863 282.8 652.369 605.416 103.665 46.9528 64.2392
internal_count=3942 2275 1679 976 1667 596 559 1597 1537 703 60 70
is_linear=0
shrinkage=0.04


Tree=55
num_leaves=9
num_cat=0
split_feature=4 1 18 12 1 22 0 12
split_gain=31.2291 32.4764 29.6912 57.6629 47.4728 19.5004 14.337 10.9389
threshold=28.019000000000002 1207.45 0.69803000000000004 24.500000000000004 3510.6350000000007 0.95000000000000007 0.83000000000000007 26.500000000000004
decision_type=10 8 10 10 8 10 10 10
left_child=1 5 3 -3 -4 -1 -7 -2
right_child=7 2 4 -5 -6 6 -8 -9
leaf_value=-0.057484835722995911 -0.061212144299340063 -0.01180052170192976 -0.03974332143659888 0.014681648398308185 0.010615249067357739 0.034440559964112202 0.0075166891686017593 0.00073080226503459932
leaf_weight=4.5072352290153495 17.294478259980682 605.9318420290947 31.684370815753937 166.9799507111311 411.31181816756725 70.974001802504063 61.488344952464104 5.2712467014789572
leaf_count=22 87 2398 98 280 797 100 150 10
internal_value=-7.46252e-06 0.00076457 -0.00130298 -0.00604766 0.00692762 0.0192022 0.0221683 -0.0461733
internal_weight=1375.44 1352.88 1215.91 772.912 442.996 136.97 132.462 22.5657
internal_count=3942 3845 3573 2678 895 272 250 97
is_linear=0
shrinkage=0.04


Tree=56
num_leaves=14
num_cat=0
split_feature=6 4 16 4 21 2 0 24 20 22 5 24 11
split_gain=30.185 33.1637 35.5575 33.8376 32.8655 22.6042 11.8417 19.6225 23.0005 16.4539 10.966 14.1228 4.83835
threshold=0.031385000000000003 7.331500000000001 1.5000000000000002 0.05050000000000001 170.50000000000003 413.73500000000007 1.1055000000000004 0.11216171500000001 11.500000000000002 4.2500000000000009 57.415000000000006 0.018109740000000003 -15320.65
decision_type=10 10 8 8 10 10 10 10 8 10 8 10 10
left_child=1 3 -3 -1 -5 -4 10 9 -9 -8 11 -2 -12
right_child=6 2 5 4 -6 -7 7 8 -10 -11 12 -13 -14
leaf_value=-0.0568853488318957 0.04032066857884966 0.017644465454846332 -0.061591966456261631 -0.001953993315592764 0.029189519927354919 0.029658095268137043 0.045577673784781968 -0.085655240755282802 0.0092349581434796671 -0.0085315282478534409 0.043151163900614985 0.002010891225797585 0.020654584248455104
leaf_weight=16.663550890982151 18.346019402146339 15.744468837976454 37.496350772678852 996.17174369841814 56.822892159223557 4.2919692993164054 13.705803856253622 8.1515766084194148 6.9342683553695688 23.014135107398033 26.685171082615852 91.999401211738586 55.59537935256958
leaf_count=88 19 28 184 3132 88 6 11 35 11 51 25 184 80
internal_value=-7.35648e-06 -0.00278635 -0.0322494 -0.00116863 -0.000241351 -0.0515071 0.0127058 -0.00392962 -0.0418583 0.0114685 0.0172819 0.00871385 0.0284088
internal_weight=1371.62 1127.19 57.5328 1069.66 1052.99 41.7883 244.432 51.8058 15.0858 36.7199 192.626 110.345 82.2806
internal_count=3942 3526 218 3308 3220 190 416 108 46 62 308 203 105
is_linear=0
shrinkage=0.04


Tree=57
num_leaves=14
num_cat=0
split_feature=17 0 18 10 22 10 4 21 22 0 6 10 8
split_gain=28.4479 40.1331 30.9303 30.5121 29.5691 53.6604 23.9349 22.5445 19.8505 19.4213 18.556 16.7629 9.67387
threshold=11.500000000000002 1.4945000000000002 -0.25897999999999993 17975.925000000003 22.450000000000003 -38030.514999999992 0.05050000000000001 8.5000000000000018 24.650000000000002 1.7780000000000002 -0.0093099999999999971 -42843.509999999987 0.92200000000000015
decision_type=8 10 8 10 10 10 8 8 10 10 10 8 10
left_child=4 2 -2 -4 6 11 12 -8 -7 -3 -11 -6 -1
right_child=1 9 3 -5 5 8 7 -9 -10 10 -12 -13 -14
leaf_value=-0.065292758852803029 0.044193971398792414 0.062112989476762304 -0.026259049205339273 0.025904487568081294 0 -0.054215393713416306 0.014485765932633466 0.0015486666657907973 -0.01614889691348385 0.057412101684262029 -0.036865625282952237 0.058277869102192875 0
leaf_weight=10.138677775859831 11.494654253125189 15.191310331225397 193.41697040945292 18.990656912326813 14.893682911992071 31.443410500884056 331.99349840730429 624.84097202122211 80.608032748103142 4.6782061159610739 8.8234377726912481 16.645695805549625 4.9289295524358741
leaf_count=47 28 14 971 40 34 163 761 1494 314 5 43 16 12
internal_value=-3.23224e-06 -0.0121254 -0.0179013 -0.0214515 0.00272802 -0.0141469 0.00524771 0.00606357 -0.027202 0.0317957 -0.00188711 0.0313114 -0.0438077
internal_weight=1368.09 252.595 223.902 212.408 1115.49 143.591 971.902 956.834 112.051 28.693 13.5016 31.5394 15.0676
internal_count=3942 1101 1039 1011 2841 527 2314 2255 477 62 48 50 59
is_linear=0
shrinkage=0.04


Tree=58
num_leaves=9
num_cat=0
split_feature=4 0 18 12 19 23 5 12
split_gain=27.5594 29.9759 45.1961 50.4731 43.5138 37.542 26.27 10.1523
threshold=28.019000000000002 0.95250000000000001 0.65257500000000013 24.500000000000004 93.750000000000014 20.500000000000004 57.005000000000003 26.500000000000004
decision_type=10 8 10 10 8 10 10 10
left_child=1 4 3 -3 6 -4 -1 -2
right_child=7 2 5 -5 -6 -7 -8 -9
leaf_value=0.047524236934503361 -0.058948447196061987 -0.015543307686184577 0.0010021208212499489 0.014335112800934935 -0.074124107250785748 0.030279969042262603 0.0096422525636997939 0.00091947207963029255
leaf_weight=32.578292533755302 16.66313706338406 477.16119871288538 331.25451128184795 110.50544472038746 8.7614491283893567 88.932870715856552 293.22160014510155 5.2571213543415061
leaf_count=27 87 2130 737 186 39 122 604 10
internal_value=-1.07097e-06 0.000718575 -0.00271004 -0.00988352 0.0110955 0.00727496 0.0135586 -0.043998
internal_weight=1364.34 1342.42 1007.85 587.667 334.561 420.187 325.8 21.9203
internal_count=3942 3845 3175 2316 670 859 631 97
is_linear=0
shrinkage=0.04


Tree=59
num_leaves=15
num_cat=0
split_feature=6 4 21 4 22 3 18 21 4 2 3 5 22 11
split_gain=26.616 31.3865 38.4603 46.5994 37.7894 35.476 26.8025 11.2936 25.9191 18.9058 10.6578 13.7208 6.00336 5.09763
threshold=0.031385000000000003 1.8080000000000003 170.50000000000003 0.7855000000000002 12.350000000000003 10798.540000000003 1.5330200000000003 4.5000000000000009 0.067000000000000018 40.845000000000006 16649.265000000003 58.275000000000013 21.250000000000004 -3236.4399999999996
decision_type=10 8 10 10 10 8 8 10 10 10 8 10 10 10
left_child=1 2 3 -1 5 -3 -6 10 -9 -10 13 -12 -4 -2
right_child=7 4 12 -5 6 -7 -8 8 9 -11 11 -13 -14 -15
leaf_value=-0.01122563117754025 0.042310948458567775 -0.031362464650447612 0.013885885199561868 0.0089818605331402918 -0.041472236968875545 0.0062638674819054906 0.00090517204909789566 -0.062336370147007589 -0.075655855284429058 0.011862860633068094 -0.014944218362983559 0.039893996791629881 0.047541173338353754 0.014539159347924789
leaf_weight=341.29174759238958 38.311644561588764 52.130105562508106 15.041039258241652 391.31283731758595 90.828885052353144 166.51593356579542 31.067268669605255 8.0071992278099042 3.5171440392732611 140.64004977047443 20.222027733922008 10.651944532990454 30.713922217488289 19.096362799406052
leaf_count=1151 38 168 27 1023 532 502 90 31 15 236 54 11 33 31
internal_value=0 -0.00260975 0.00180023 -0.000405972 -0.0127359 -0.00266692 -0.0305487 0.0120458 0.00524088 0.0093352 0.023454 0.00367251 0.0371797 0.0336235
internal_weight=1359.35 1118.9 778.36 732.605 340.542 218.646 121.896 240.446 152.164 144.157 88.282 30.874 45.755 57.408
internal_count=3942 3526 2234 2174 1292 670 622 416 282 251 134 65 60 69
is_linear=0
shrinkage=0.04


Tree=60
num_leaves=8
num_cat=0
split_feature=4 4 1 18 0 8 12
split_gain=25.9313 26.1613 28.1737 29.2367 16.0841 10.9946 9.87283
threshold=0.05050000000000001 28.019000000000002 1207.45 0.69803000000000004 0.91550000000000009 0.96550000000000014 26.500000000000004
decision_type=8 10 8 10 10 10 10
left_child=5 2 4 -4 -2 -1 -3
right_child=1 6 3 -5 -6 -7 -8
leaf_value=-0.059360924308603152 0.027282308525840914 -0.057637148615166722 -0.0053010438935687564 0.0077876883387543259 -0.0034714468775102936 0.0075455641067802351 0.0015343896425626452
leaf_weight=16.013341829180721 97.138629898428917 16.241044677793983 751.97442804276943 427.76828847825527 36.059807054698467 4.3567904680967322 5.2574124783277503
leaf_count=86 156 87 2635 845 112 11 10
internal_value=0 0.000679536 0.00141857 -0.000536907 0.0188251 -0.0442546 -0.0425517
internal_weight=1354.81 1334.44 1312.94 1179.74 133.198 20.3701 21.4985
internal_count=3942 3845 3748 3480 268 97 97
is_linear=0
shrinkage=0.04


Tree=61
num_leaves=14
num_cat=0
split_feature=19 17 5 5 18 22 10 11 11 18 3 2 1
split_gain=25.2002 49.0234 43.0327 40.4141 38.2172 35.8813 41.6525 40.275 31.375 29.2467 33.775 10.9208 9.75366
threshold=62.900000000000006 3.5000000000000004 57.07500000000001 57.205000000000005 0.38049500000000008 2.7500000000000004 -1185.6849999999997 -33474.87999999999 44527.320000000007 1.5330200000000003 36960.210000000006 227.98000000000005 8675.7500000000018
decision_type=8 8 8 10 10 8 10 10 10 10 10 10 10
left_child=2 5 12 8 -5 6 -2 -7 -3 10 -4 -11 -1
right_child=1 3 9 4 -6 7 -8 -9 -10 11 -12 -13 -14
leaf_value=0.047553708546218473 -0.024878305933065722 -0.051441886864783008 0.0010830866754918528 -0.044710399020263754 0.029565418323076426 0.014913798852247038 0.046458115370633941 -0.011582495420518058 0.047758678424871991 0.051350013036204976 -0.06674541178716259 0.010603247159957975 0.011575236846302642
leaf_weight=42.937890693545341 17.158882312476635 75.820820428431034 583.24968078732491 17.160427380353212 29.178308576345444 125.95037057995796 48.12569385766983 331.312305085361 4.8747804164886466 23.985540047287941 11.484822206199167 21.618282169103622 19.509369522333145
leaf_count=38 50 498 1471 161 67 288 48 1157 6 21 66 39 32
internal_value=0 -0.00569032 0.00523461 -0.0279262 0.00144852 -0.000224882 0.027358 -0.00423223 -0.0449457 0.00209753 -0.000248105 0.0327925 0.0368125
internal_weight=1352.37 649.582 702.786 127.034 46.3387 522.547 65.2846 457.263 80.6956 640.338 594.735 45.6038 62.4473
internal_count=3942 2275 1667 732 228 1543 98 1445 504 1597 1537 60 70
is_linear=0
shrinkage=0.04


Tree=62
num_leaves=8
num_cat=0
split_feature=4 4 0 11 11 8 12
split_gain=24.3516 24.4736 25.4425 40.1678 24.0511 11.0701 9.24504
threshold=0.05050000000000001 28.019000000000002 0.39850000000000008 -2004.2149999999999 -33474.87999999999 0.99550000000000016 26.500000000000004
decision_type=8 10 8 10 8 10 10
left_child=5 2 3 -2 -4 -1 -3
right_child=1 6 4 -5 -6 -7 -8
leaf_value=-0.058081627550760462 0.040941005982656431 -0.056546142623467265 0.016070934070101031 -0.030672285394061815 -0.0019050349066093849 0.010926662025812699 0.00096782423643333531
leaf_weight=15.969474002718927 54.610672354698181 15.784915886819364 132.99088057130575 15.497250877320765 1103.0191427618265 4.0295047461986533 5.2149174958467475
leaf_count=89 62 87 227 49 3410 8 10
internal_value=0 0.000657852 0.00136895 0.0247226 1.8666e-05 -0.0432744 -0.041643
internal_weight=1347.12 1327.12 1306.12 70.1079 1236.01 19.999 20.9998
internal_count=3942 3845 3748 111 3637 97 97
is_linear=0
shrinkage=0.04


Tree=63
num_leaves=15
num_cat=0
split_feature=22 6 0 1 4 4 21 6 17 5 21 4 14 18
split_gain=24.1061 48.4984 52.5365 36.8463 45.7185 53.2324 42.2183 35.5764 39.0982 33.737 30.063 26.2525 11.378 0.123676
threshold=8.3500000000000032 0.0055500000000000011 0.93150000000000011 8675.7500000000018 0.18750000000000003 0.067000000000000018 170.50000000000003 0.0085100000000000019 2.5000000000000004 57.055000000000007 3.5000000000000004 15.104500000000002 1.0000000180025095e-35 0.13421000000000002
decision_type=8 8 10 8 8 10 10 8 8 8 10 10 10 10
left_child=1 2 10 9 5 -5 -6 12 -9 -2 -1 -11 -3 -4
right_child=3 7 13 4 6 -7 -8 8 -10 11 -12 -13 -14 -15
leaf_value=0.039960992691514152 0.054654766765379809 0.044841335769659353 -0.038427793818037209 -0.05443467402086296 -0.018341882608389103 0.037989064249017608 0.021496114413902003 0.011109746189760406 -0.020159470875938282 0.0069439081576531322 -0.036032592093523122 -0.061692730856738383 0.0079337052361658916 -0.077892481480383843
leaf_weight=17.286208063364029 22.848535150289536 55.156340420246124 3.9275685399770763 11.608821555972098 437.39854264259338 53.716858565807343 46.278201222419739 368.07921957969666 76.602497313171625 188.36164958775043 15.067019023001192 8.8252390176057798 19.763587117195129 20.01147523522377
leaf_count=19 17 54 31 65 1856 91 84 698 324 478 56 46 39 84
internal_value=0 0.00617451 -0.0288419 -0.0046438 -0.0102016 0.0209722 -0.0144706 0.0100306 0.00566168 0.00912437 0.00395196 0.00362259 0.0354876 -0.0731547
internal_weight=1344.93 575.894 56.2923 769.038 549.002 65.3257 483.677 519.602 444.682 220.035 32.3532 197.187 74.9199 23.939
internal_count=3942 1305 190 2637 2096 156 1940 1115 1022 541 75 524 93 115
is_linear=0
shrinkage=0.04


Tree=64
num_leaves=13
num_cat=0
split_feature=6 4 2 21 18 4 8 24 5 3 8 2
split_gain=23.0491 26.2007 37.6542 39.6521 33.481 35.0817 15.7919 9.39162 13.6672 28.1898 16.4809 6.86039
threshold=0.029630000000000004 1.8080000000000003 42.035000000000004 170.50000000000003 0.12257500000000002 4.2565000000000008 0.77050000000000007 0.018109740000000003 57.355000000000011 1239.3400000000004 0.95200000000000007 105.74000000000001
decision_type=10 8 8 10 8 8 10 10 10 10 10 10
left_child=1 2 6 -4 -3 -6 -1 11 9 -9 -10 -2
right_child=7 4 3 -5 5 -7 -8 8 10 -11 -12 -13
leaf_value=0.0011152528144544897 0.0020091549365569418 -0.04523516522650866 -0.0039099482476419077 0.034997051354932099 -0.027270129004256682 0.0024983700321002302 0.042986167027748608 -0.06297555111240874 -0.0022258010787756096 0.0037236401508873029 0.029495368958821006 0.036571889863367603
leaf_weight=22.356431901454926 14.423928052186964 41.972150690853596 633.56816698610783 44.338109448552132 92.374860033392906 195.85525666177273 46.068540319800377 10.774872928857802 41.600143954157829 97.531347461044788 65.292686387896538 33.391677707433701
leaf_count=84 27 418 1991 60 303 559 60 48 81 187 86 38
internal_value=0 -0.00260535 0.00152286 -0.00131186 -0.0119847 -0.00700357 0.0297032 0.0105927 0.00687006 -0.00298703 0.0170111 0.0266884
internal_weight=1339.55 1076.53 746.331 677.906 330.202 288.23 68.425 263.015 215.199 108.306 106.893 47.8156
internal_count=3942 3475 2195 2051 1280 862 144 467 402 235 167 65
is_linear=0
shrinkage=0.04


Tree=65
num_leaves=8
num_cat=0
split_feature=4 4 1 18 0 8 2
split_gain=22.2545 22.1803 23.8206 25.0082 14.3593 10.1751 8.75211
threshold=0.05050000000000001 28.019000000000002 1207.45 0.69803000000000004 0.91550000000000009 0.99550000000000016 207.32000000000002
decision_type=8 10 8 10 10 10 10
left_child=5 2 4 -4 -2 -1 -3
right_child=1 6 3 -5 -6 -7 -8
leaf_value=-0.056649939283986407 0.025588041297104045 -0.058304154356616414 -0.0049525859442659534 0.0072211788646783341 -0.0036478646062584369 0.010147481758040533 0
leaf_weight=15.365624725818636 94.945247896015644 13.567989967763426 740.93276566639543 423.77673338353634 35.688150845468044 3.9411963224411002 6.7780937850475302
leaf_count=89 156 74 2635 845 112 8 23
internal_value=0 0.000624817 0.00129801 -0.000504829 0.017465 -0.0420926 -0.040278
internal_weight=1335 1315.69 1295.34 1164.71 130.633 19.3068 20.3461
internal_count=3942 3845 3748 3480 268 97 97
is_linear=0
shrinkage=0.04


Tree=66
num_leaves=13
num_cat=0
split_feature=22 6 0 6 6 4 11 8 6 2 21 14
split_gain=21.8435 45.1506 47.9849 33.7659 33.668 37.5073 32.7468 32.1572 30.4924 28.3985 27.6433 10.5934
threshold=8.3500000000000032 0.0055500000000000011 0.93150000000000011 -0.005474999999999999 0.0085100000000000019 22.812500000000004 -140281.28999999995 0.15250000000000002 0.086185000000000025 202.65000000000003 3.5000000000000004 1.0000000180025095e-35
decision_type=8 8 10 8 8 8 8 10 10 10 10 10
left_child=1 2 10 7 11 -6 -5 -2 -8 -9 -1 -3
right_child=3 4 -4 6 5 -7 8 9 -10 -11 -12 -13
leaf_value=0.038513962954262008 0.060200061752991668 0.043616531858475166 -0.070657557724943587 0.04141092540330614 0.0079398828446555162 -0.047885605109472124 -0.010158112668664314 -0.041482697387950081 0.02942970006758832 0.038868284302660767 -0.034821339064978668 0.0078604218861545189
leaf_weight=16.923005282878879 23.830257713794708 54.538453370332718 23.673676960170269 21.292622089385986 421.65400754660368 19.605830192565918 657.36585285514593 14.193115934729578 31.968164876103401 12.947135910391806 14.981687285006045 19.721092194318771
leaf_count=19 35 54 115 27 920 102 2448 60 45 22 56 39
internal_value=0 0.00590011 -0.0281056 -0.00444412 0.00962872 0.00536281 -0.00672833 0.0267695 -0.00827322 -0.00241832 0.00345431 0.0345044
internal_weight=1332.69 571.098 55.5784 761.597 515.519 441.26 710.627 50.9705 689.334 27.1403 31.9047 74.2595
internal_count=3942 1305 190 2637 1115 1022 2520 117 2493 82 75 93
is_linear=0
shrinkage=0.04


Tree=67
num_leaves=14
num_cat=0
split_feature=17 21 22 5 22 21 23 24 24 6 5 24 15
split_gain=21.0738 41.4832 31.7298 27.5928 26.6488 31.3819 21.9436 40.5553 35.1646 15.4318 12.8339 10.5106 1.394
threshold=1.5000000000000002 93.500000000000014 1.1500000000000001 57.295000000000009 2.4500000000000006 170.50000000000003 20.500000000000004 0.033053405000000001 0.17809645500000001 0.0086850000000000017 56.875000000000007 0.051010185000000006 0.093000000000000013
decision_type=8 8 8 10 8 10 10 10 10 8 8 10 10
left_child=2 6 9 10 11 -6 8 -8 -2 -1 -3 -4 -11
right_child=1 3 4 -5 5 -7 7 -9 -10 12 -12 -13 -14
leaf_value=0.0029037851428336489 -0.012616974760831241 0.0088700403791772998 0.04424173382660717 0.011395545843757845 0.0011896440642454177 0.035915292338170264 0.032570879140874726 -0.054626709730437428 0.01095050427432962 -0.0845008041837952 -0.056507768410127883 0.0068455681735060253 -0.037722887241941325
leaf_weight=6.2964084148406982 313.55219676718116 4.6514747589826575 37.849918283522129 14.436549901962278 615.63581115007401 44.298671841621399 56.695975266396999 9.4234197139739972 148.29080847650766 7.8730389177799243 45.094801649451256 19.827936798334122 4.9902640283107758
leaf_count=16 1204 20 41 36 1616 55 163 40 397 34 267 36 17
internal_value=0 -0.00562355 0.00450697 -0.0358759 0.00590125 0.00357634 -0.00187755 0.0195264 -0.0050029 -0.0455196 -0.0499692 0.0318991 -0.0699406
internal_weight=1328.92 592.145 736.772 64.1828 717.612 659.934 527.962 66.1194 461.843 19.1597 49.7463 57.6779 12.8633
internal_count=3942 2127 1815 323 1748 1671 1804 203 1601 67 287 77 51
is_linear=0
shrinkage=0.04


Tree=68
num_leaves=10
num_cat=0
split_feature=4 17 2 5 10 22 10 19 8
split_gain=20.8773 20.7255 35.8139 47.2922 31.9236 24.3611 45.9653 20.8874 9.45936
threshold=0.05050000000000001 11.500000000000002 131.18000000000004 57.355000000000011 17975.925000000003 22.450000000000003 -38030.514999999992 62.900000000000006 0.99550000000000016
decision_type=8 8 8 10 10 10 10 10 10
left_child=8 5 3 -3 -4 7 -7 -2 -1
right_child=1 2 4 -5 -6 6 -8 -9 -10
leaf_value=-0.055646479033748815 0.0070003562952653461 0.01906195413705223 -0.031236565724414054 -0.058034445117873999 0.023501232387129884 0.029933655120833218 -0.025270712245746813 -0.016114642810677891 0.0091536552845516532
leaf_weight=14.903111360967161 865.97243506088853 87.416582718491554 117.7507523521781 14.320652425289152 19.117697238922119 30.477954536676407 105.88214659318328 66.482205227017403 3.8862594962120047
leaf_count=89 2078 254 708 75 41 48 464 177 8
internal_value=0 0.000602635 -0.0100247 0.0077834 -0.0233875 0.00299739 -0.0127215 0.00532311 -0.041317
internal_weight=1326.21 1307.42 238.606 101.737 136.868 1068.81 136.36 932.455 18.7894
internal_count=3942 3845 1078 329 749 2767 512 2255 97
is_linear=0
shrinkage=0.04


Tree=69
num_leaves=13
num_cat=0
split_feature=24 23 5 4 0 8 2 19 10 18 3 18
split_gain=20.3946 30.1934 27.6282 25.4518 29.6906 24.4135 20.2287 23.002 17.3152 5.0076 4.61279 4.23924
threshold=0.020938225000000001 4.5000000000000009 58.115000000000002 28.019000000000002 0.39850000000000008 0.0055000000000000005 179.10500000000005 38.20000000000001 -1991.8349999999998 0.14868000000000003 5090.7500000000009 1.9909250000000001
decision_type=8 10 8 10 8 8 10 10 8 10 8 8
left_child=1 2 9 4 8 -6 7 -3 -2 -1 -8 -5
right_child=3 6 -4 11 5 -7 10 -9 -10 -11 -12 -13
leaf_value=-0.012432109140123264 0.039878672218264286 0.01862536782303801 0.012959240144265449 -0.057200233562846509 0.026133136683250249 -0.0037851705070545971 0.056887458686223351 -0.046360587894351733 -0.0080387076678753375 -0.075393709747766394 0.026894154689783688 0
leaf_weight=3.759017392992976 42.4900993257761 65.129287801682949 16.827162638306618 14.789530478417872 44.907555945217609 1051.84667051211 24.652531608939171 9.4390726760029775 15.680577881634234 10.439321070909498 19.796525612473488 2.8249814137816456
leaf_count=28 49 116 28 85 121 3329 20 35 40 46 35 10
internal_value=0 0.0138509 -0.0207184 -0.00178801 -0.00103196 -0.00253056 0.0230787 0.00987884 0.0266627 -0.0610752 0.0444219 -0.0488587
internal_weight=1322.58 150.043 31.0255 1172.54 1154.92 1096.75 119.017 74.5684 58.1707 14.1983 44.4491 17.6145
internal_count=3942 308 102 3634 3539 3450 206 151 89 74 55 95
is_linear=0
shrinkage=0.04


Tree=70
num_leaves=10
num_cat=0
split_feature=4 4 22 19 22 0 22 8 22
split_gain=19.5906 20.5658 42.6941 41.2169 36.2115 48.9051 32.1129 9.13045 7.6847
threshold=0.05050000000000001 0.17950000000000002 16.250000000000004 14.65 17.950000000000003 0.91550000000000009 16.750000000000004 0.99550000000000016 20.450000000000003
decision_type=8 8 10 8 10 8 10 10 10
left_child=7 2 3 -2 6 -6 -3 -1 -4
right_child=1 4 8 -5 5 -7 -8 -9 -10
leaf_value=-0.054832488395687565 0.017235612527806903 0.0014133058647544342 0.068886071336065266 -0.064826021596137123 0.022991461769304763 -0.020475096684120519 0.036572678862881895 0.0089747784307868169 0.03116895629260771
leaf_weight=14.522316649556162 30.62040202319622 879.26834436506033 17.173729822039604 13.695825446397064 49.095492526888847 242.32413326576352 43.239420130848885 3.8807615786790839 26.689548209309578
leaf_count=89 60 2390 19 76 109 1046 101 8 44
internal_value=0 0.000577717 0.0191822 -0.00811937 -0.000764579 -0.0130569 0.00310187 -0.0404376 0.0469971
internal_weight=1320.51 1302.11 88.1795 44.3162 1213.93 291.42 922.508 18.4031 43.8633
internal_count=3942 3845 199 136 3646 1155 2491 97 63
is_linear=0
shrinkage=0.04


Tree=71
num_leaves=12
num_cat=0
split_feature=6 4 16 6 18 12 2 5 5 18 22
split_gain=19.0144 23.3968 27.5835 22.6344 66.739 32.7249 19.838 9.21023 25.944 23.7854 9.06961
threshold=0.029940000000000005 7.331500000000001 1.5000000000000002 0.010130000000000002 0.69803000000000004 24.500000000000004 411.64000000000004 57.07500000000001 57.175000000000004 0.42029000000000005 22.050000000000004
decision_type=10 10 8 8 8 10 10 10 10 10 10
left_child=1 3 -3 5 -5 -1 -4 -2 9 -9 -10
right_child=7 2 6 4 -6 -7 -8 8 10 -11 -12
leaf_value=-0.0021467680834279376 0.034981937411190121 0.016905293250467052 -0.056752492664799987 -0.016419623712100859 0.0077230623161172376 0.025749373915554191 0.030019198249094041 0.0014079869031858175 0.012798111923863424 -0.10344628524342271 -0.020196358393674067
leaf_weight=171.46138249710202 21.237492576241493 14.636332035064695 33.561487786471844 377.09561020880938 354.20751659572124 108.96278558671474 4.1766048818826667 6.888768866658209 207.09094417095184 5.7666922509670258 13.356303676962851
leaf_count=560 24 28 179 1732 816 159 7 14 358 26 39
internal_value=0 -0.00235573 -0.0283086 -0.00097914 -0.00470147 0.00864802 -0.0463592 0.00980804 0.00735892 -0.0469663 0.0106674
internal_weight=1318.44 1064.1 52.3744 1011.73 731.303 280.424 37.7381 254.34 233.103 12.6555 220.447
internal_count=3942 3481 214 3267 2548 719 186 461 437 40 397
is_linear=0
shrinkage=0.04


Tree=72
num_leaves=7
num_cat=0
split_feature=11 4 22 6 4 8
split_gain=19.0509 24.0491 22.8918 41.8777 37.6851 1.0961
threshold=-140281.28999999995 0.05050000000000001 8.3500000000000032 0.0055500000000000011 0.24450000000000002 0.92200000000000015
decision_type=8 8 8 8 8 10
left_child=-1 5 3 -3 -4 -2
right_child=1 2 4 -5 -6 -7
leaf_value=0.03535015039943154 -0.054212833319430928 -0.02733593187567358 0.021156926449687224 0.0097081778460936363 -0.0079770807363247903 -0.015063954496635251
leaf_weight=23.440098896622658 13.074957497417929 53.39856294542551 79.125296957790852 500.51002177223563 640.52301751822233 3.4658521860837928
leaf_count=32 82 183 168 1085 2378 14
internal_value=0 -0.000661722 -1.43941e-05 0.0060795 -0.00473356 -0.0478662
internal_weight=1313.54 1290.1 1273.56 553.909 719.648 16.5408
internal_count=3942 3910 3814 1268 2546 96
is_linear=0
shrinkage=0.04


Tree=73
num_leaves=13
num_cat=0
split_feature=24 23 5 4 0 15 2 19 10 18 3 18
split_gain=18.1154 28.349 24.9705 23.0921 26.5576 24.2412 19.0997 21.2693 16.4577 4.54928 4.46857 3.9849
threshold=0.020938225000000001 4.5000000000000009 58.115000000000002 28.019000000000002 0.39850000000000008 0.66700000000000015 179.10500000000005 38.20000000000001 -1991.8349999999998 0.14868000000000003 5090.7500000000009 1.9909250000000001
decision_type=8 10 8 10 8 10 10 10 8 10 8 8
left_child=1 2 9 4 8 -6 7 -3 -2 -1 -8 -5
right_child=3 6 -4 11 5 -7 10 -9 -10 -11 -12 -13
leaf_value=-0.011670595963461469 0.038620965579833917 0.017785642013445371 0.011621198297960831 -0.055586221214275623 -0.0017744318848919073 -0.06260602441356039 0.055580116864701594 -0.04492485085638178 -0.0083009987597974996 -0.072843429789497968 0.025812982224034914 0
leaf_weight=3.6529440805315998 41.462877467274666 64.385525748133659 16.590002357959747 14.241173155605791 1079.0577356740832 10.111061736941336 24.05196638405323 9.3730424270033819 15.616470858454703 10.338367626070974 19.505869634449482 2.7647303938865688
leaf_count=28 49 116 28 85 3404 46 20 35 40 46 35 10
internal_value=0 0.0131547 -0.0205707 -0.00168519 -0.000970618 -0.00238597 0.0221658 0.0092984 0.0254755 -0.0592059 0.0431481 -0.0473037
internal_weight=1311.15 147.898 30.5813 1163.25 1146.25 1089.17 117.316 73.7586 57.0793 13.9913 43.5578 17.0059
internal_count=3942 308 102 3634 3539 3450 206 151 89 74 55 95
is_linear=0
shrinkage=0.04


Tree=74
num_leaves=7
num_cat=0
split_feature=11 4 22 4 6 21
split_gain=17.8137 22.7367 20.8657 39.0305 38.673 1.18723
threshold=-140281.28999999995 0.05050000000000001 8.4500000000000011 0.35550000000000004 -0.005474999999999999 118.50000000000001
decision_type=8 8 8 8 8 10
left_child=-1 5 4 -4 -3 -2
right_child=1 2 3 -5 -6 -7
leaf_value=0.034321859150213657 -0.054113466780637935 -0.062045016954638377 0.016498862526875924 -0.0087778833340671578 0.0073730869943774069 -0.01556415877485462
leaf_weight=23.243939608335495 12.399202182888986 12.601586014032362 116.15350981801748 592.21708599478006 548.61680715531111 3.7818437442183486
leaf_count=32 79 55 271 2251 1237 17
internal_value=0 -0.000642958 -1.75998e-05 -0.00459626 0.00572493 -0.0470392
internal_weight=1309.01 1285.77 1269.59 708.371 561.218 16.181
internal_count=3942 3910 3814 2522 1292 96
is_linear=0
shrinkage=0.04


Tree=75
num_leaves=15
num_cat=0
split_feature=20 4 10 18 18 11 6 0 20 4 5 24 14 10
split_gain=17.5769 32.477 41.3387 30.9743 34.2361 30.8036 26.4997 22.1422 19.4778 29.7828 24.2566 17.5107 9.68247 7.90337
threshold=3.5000000000000004 1.8080000000000003 -43.554999999999993 0.19103500000000004 0.22030500000000003 -15530.194999999998 0.0055500000000000011 0.32800000000000007 2.5000000000000004 0.29450000000000004 56.945000000000007 0.011527530000000003 1.0000000180025095e-35 240.82000000000002
decision_type=8 8 10 8 8 8 10 8 10 10 8 8 8 10
left_child=1 8 7 11 13 -6 -4 -3 10 -10 -1 -2 -13 -5
right_child=3 2 6 4 5 -7 -8 -9 9 -11 -12 12 -14 -15
leaf_value=-0.051207397669606011 0.018386033323451536 0.022671434283267181 -0.017002201273861397 0.017570629870052607 0.011282907916558836 -0.0069785944358087349 0.023787936832354611 -0.041838358272926909 -0.02607638964970857 0.037878187433748482 0.011239481431686568 -0.0068335014013907996 -0.047370515870009067 0.064987346897920684
leaf_weight=10.207222335040568 9.6160941496491414 9.3254140019416791 39.660735990852118 12.695600628852846 194.20378506183624 607.8366334810853 67.858547329902649 54.171094689518213 12.655379898846148 88.904716499149799 129.39258454740047 13.84760559350252 42.749049317091703 13.490915119647978
leaf_count=80 22 17 236 23 352 1776 133 289 55 202 366 56 317 18
internal_value=0 0.00681837 -0.00642101 -0.00316021 -0.00102256 -0.00252761 0.00854744 -0.0319485 0.0162835 0.0296242 0.00636429 -0.0293914 -0.0379492 0.0435084
internal_weight=1306.62 412.176 171.016 894.44 828.227 802.04 107.519 63.4965 241.16 101.56 139.6 66.2127 56.5967 26.1865
internal_count=3942 1378 675 2564 2169 2128 369 306 703 257 446 395 373 41
is_linear=0
shrinkage=0.04


Tree=76
num_leaves=15
num_cat=0
split_feature=17 0 14 23 14 0 21 12 5 10 4 1 6 11
split_gain=16.8694 37.3651 29.3465 29.1663 25.5217 37.9315 37.792 36.0413 38.1467 24.1886 19.2003 16.9578 12.2163 11.8997
threshold=36.500000000000007 1.4945000000000002 1.0000000180025095e-35 20.500000000000004 1.0000000180025095e-35 1.2115000000000002 6.5000000000000009 24.500000000000004 57.155000000000008 -8485.4299999999985 1.9030000000000002 3510.6350000000007 -0.005474999999999999 90.350000000000009
decision_type=8 10 10 10 8 10 8 10 10 10 10 8 8 10
left_child=4 2 3 -2 7 6 -6 8 -1 -7 -4 -9 -3 -14
right_child=1 12 10 -5 5 9 -8 11 -10 -11 -12 -13 13 -15
leaf_value=0.035998511319511324 -0.034746708699572845 0.05971356110862492 0.026798482679634434 0.010476146405976198 0.01606002094001106 0.0033292958741008515 -0.0039388477081729626 0.0023515588537216785 -0.012750549613173501 -0.048148560756555873 -0.037314698562172108 0.040417772469253883 0.04253371504594982 -0.029719405414316488
leaf_weight=34.064780935645103 113.00807472318411 13.272928580641745 32.481661595404148 27.526547729969025 202.34627978131175 20.99738571792841 591.37491397932172 26.156946092844009 99.410697624087334 42.374829366803169 8.9946604594588262 78.15490909665823 6.5351898148655909 6.9247256889939308
leaf_count=43 697 14 74 134 539 44 1700 50 322 158 42 82 9 34
internal_value=0 -0.0104177 -0.01699 -0.0257414 0.00197714 -0.00122014 0.00114126 0.0135639 -7.1921e-05 -0.0308865 0.0121394 0.03112 0.0330852 0.00419589
internal_weight=1303.62 208.744 182.011 140.535 1094.88 857.093 793.721 237.787 133.475 63.3722 41.4763 104.312 26.7328 13.4599
internal_count=3942 1004 947 831 2938 2441 2239 497 365 202 116 132 57 43
is_linear=0
shrinkage=0.04


Tree=77
num_leaves=9
num_cat=0
split_feature=4 1 22 10 10 22 16 5
split_gain=16.5617 16.9885 21.2716 36.1256 30.8134 14.7043 11.9076 7.18841
threshold=84.881500000000003 1207.45 2.6500000000000008 -5270.7299999999987 -10697.799999999997 1.8500000000000003 7.5000000000000009 57.345000000000006
decision_type=10 8 8 10 8 10 10 10
left_child=1 5 3 -3 -4 7 -7 -1
right_child=-2 2 4 -5 -6 6 -8 -9
leaf_value=0 -0.051797080653782621 -0.031936833758500337 0.010129743380721999 0.024717522503369848 -0.0066635869035123066 0.0093650794891209019 0.036998910871505468 -0.062105604095333118
leaf_weight=5.305558502674101 9.3050579279661161 21.197025910019875 221.50263979658484 100.46115897595882 812.86822264268994 87.681444562971592 36.528813548386097 5.063369557261467
leaf_count=18 58 64 483 168 2875 204 50 22
internal_value=0 0.000385975 -0.00116603 0.0145924 -0.00304494 0.0138206 0.017768 -0.0302672
internal_weight=1299.91 1290.61 1156.03 121.658 1034.37 134.579 124.21 10.3689
internal_count=3942 3884 3590 232 3358 294 254 40
is_linear=0
shrinkage=0.04


Tree=78
num_leaves=9
num_cat=0
split_feature=4 22 20 22 4 2 8 8
split_gain=16.4424 19.0824 30.7695 28.0186 25.6195 24.7375 10.0678 9.00925
threshold=0.05050000000000001 0.75000000000000011 14.500000000000002 2.6500000000000008 0.38450000000000006 233.76500000000001 0.8175 0.99850000000000005
decision_type=8 8 10 8 8 8 8 10
left_child=7 2 6 5 -5 -3 -2 -1
right_child=1 3 -4 4 -6 -7 -8 -9
leaf_value=-0.052990730850256983 0 -0.004196063716557623 0.041057409144876995 0.012640465988505488 -0.0033270842277273796 0.034623493058723608 -0.074633669809155187 0.01278213554124572
leaf_weight=13.642541743814947 4.1976325511932435 40.167230159044266 5.9264079779386512 192.76734962686896 952.30434251204133 70.52933619171381 14.489720374345778 3.5484768003225318
leaf_count=90 15 95 5 438 3123 103 66 7
internal_value=0 0.000521773 -0.033975 0.0012271 -0.000617221 0.0204021 -0.0592626 -0.0383062
internal_weight=1297.57 1280.38 24.6138 1255.77 1145.07 110.697 18.6874 17.191
internal_count=3942 3845 86 3759 3561 198 81 97
is_linear=0
shrinkage=0.04


Tree=79
num_leaves=7
num_cat=0
split_feature=11 4 22 21 6 2
split_gain=16.2252 20.445 17.8632 36.8736 35.9242 1.11017
threshold=-140281.28999999995 0.05050000000000001 8.4500000000000011 20.500000000000004 0.0055500000000000011 91.070000000000007
decision_type=8 8 8 10 8 8
left_child=-1 5 4 -4 -3 -2
right_child=1 2 3 -5 -6 -7
leaf_value=0.033021015773497114 -0.012838063850851938 -0.025905632994221189 0.0032018251470416325 -0.015455083840059192 0.0086305326701256457 -0.052250774978245235
leaf_weight=22.868098124861717 3.3047270178794834 52.58221297711134 419.21045963093638 282.49634428694844 503.43151165917516 12.078143242746592
leaf_count=32 19 183 1512 1010 1109 77
internal_value=0 -0.000613917 -2.84717e-05 -0.00428633 0.00530817 -0.0457136
internal_weight=1295.97 1273.1 1257.72 701.707 556.014 15.3829
internal_count=3942 3910 3814 2522 1292 96
is_linear=0
shrinkage=0.04


Tree=80
num_leaves=10
num_cat=0
split_feature=21 4 21 21 11 19 22 20 4
split_gain=16.6044 43.558 31.9312 52.602 33.4917 27.5003 23.0314 21.0331 4.98221
threshold=170.50000000000003 1.3495000000000001 114.50000000000001 111.50000000000001 -193883.56999999998 30.900000000000002 10.15 6.5000000000000009 0.69050000000000011
decision_type=10 10 10 10 10 8 8 10 10
left_child=2 8 3 6 -4 -6 -1 -3 -2
right_child=1 7 4 -5 5 -7 -8 -9 -10
leaf_value=0.0044400829256794998 0.024640614645188116 0.027656187266900962 0.051747735653671856 0.078488591325476614 0.033718988199221187 -0.047740742516857122 -0.0069756289694983984 -0.063642245533890363 0.05678039635893202
leaf_weight=667.88875807076693 18.097783893346786 5.4831513166427639 6.9123386144638053 13.190335765480993 6.9184992462396631 52.704724814742804 489.27670219913125 11.079188391566275 22.425654664635658
leaf_count=1606 30 10 4 23 7 244 1952 51 15
internal_value=0 0.0209867 -0.000986415 0.000534426 -0.0278407 -0.0377539 -0.0003704 -0.03232 0.0433896
internal_weight=1293.98 57.0858 1236.89 1170.36 66.5356 59.6232 1157.17 16.5623 40.5234
internal_count=3942 106 3836 3581 255 251 3558 61 45
is_linear=0
shrinkage=0.04


Tree=81
num_leaves=13
num_cat=0
split_feature=18 24 21 5 11 23 24 23 16 5 18 20
split_gain=15.7999 44.0536 29.7199 37.8061 39.3629 29.0093 36.7106 26.3018 18.8625 18.6972 12.5609 3.73891
threshold=0.081500000000000017 12.932435640000001 4.5000000000000009 57.205000000000005 495.29500000000007 1.0000000180025095e-35 15.010012340000001 11.500000000000002 10.500000000000002 57.235000000000007 -0.34986999999999996 1.5000000000000002
decision_type=8 10 8 10 10 8 10 10 10 10 10 8
left_child=1 8 3 7 -5 9 -7 -2 10 -4 -1 -10
right_child=2 -3 5 4 -6 6 -8 -9 11 -11 -12 -13
leaf_value=0.029126011773118299 0.0044065901751127621 0.041337130264895876 -0.0066516499291544998 0.011192096536537589 -0.042523305902908037 -0.0020559562204182273 -0.03963705258276301 0.053630721858194619 0.031357865665228565 0.036343647612495492 -0.044686623085355037 -0.0079363984820217219
leaf_weight=3.2843417748808852 27.901669390499592 16.460064068436623 22.818543486297131 137.50363893061876 25.378713764250278 847.22135267779231 43.362718254327774 50.462661668658257 6.8850602209567997 48.82300965487957 54.789549320936203 6.5896224081516275
leaf_count=11 87 28 88 323 107 2421 170 69 11 68 529 30
internal_value=0 -0.0163158 0.00119473 0.0137434 0.00259576 -0.00193616 -0.00392945 0.0364971 -0.0300515 0.0224208 -0.0399577 0.0111139
internal_weight=1291.48 88.0086 1203.47 241.247 162.882 962.226 890.584 78.3643 71.5486 71.6416 58.0739 13.4747
internal_count=3942 609 3333 586 430 2747 2591 156 581 156 540 41
is_linear=0
shrinkage=0.04


Tree=82
num_leaves=10
num_cat=0
split_feature=21 4 21 21 11 19 22 20 4
split_gain=15.388 40.5222 29.5672 47.6668 31.4104 25.741 21.3972 19.7949 4.60797
threshold=170.50000000000003 1.3495000000000001 114.50000000000001 111.50000000000001 -193883.56999999998 30.900000000000002 10.15 6.5000000000000009 0.69050000000000011
decision_type=10 10 10 10 10 8 8 10 10
left_child=2 8 3 6 -4 -6 -1 -3 -2
right_child=1 7 4 -5 5 -7 -8 -9 -10
leaf_value=0.0042867093421633615 0.023996240908602522 0.026716786748915124 0.050804712685025538 0.073938939421620081 0.032968803572993796 -0.046297576393945737 -0.0067396687517151067 -0.062024248213458158 0.055288642821306778
leaf_weight=665.68137718737125 17.921446599066257 5.4833593964576748 6.7820217609405509 13.481240063905714 6.8233466446399698 52.112098574638367 486.89719183370471 10.909219935536383 21.954455137252808
leaf_count=1606 30 10 4 23 7 244 1952 51 15
internal_value=0 0.0203587 -0.000941202 0.000518266 -0.0269477 -0.0365837 -0.00035485 -0.031244 0.0421915
internal_weight=1288.05 56.2685 1231.78 1166.06 65.7175 58.9354 1152.58 16.3926 39.8759
internal_count=3942 106 3836 3581 255 251 3558 61 45
is_linear=0
shrinkage=0.04


Tree=83
num_leaves=8
num_cat=0
split_feature=6 6 19 6 18 24 19
split_gain=15.2286 31.3908 22.275 38.0928 18.2724 16.7537 13.3394
threshold=0.086185000000000025 0.067275000000000015 4.7500000000000009 0.0055500000000000011 1.5330200000000003 0.039011245000000007 4.7500000000000009
decision_type=10 10 8 8 10 10 10
left_child=1 2 4 -4 -1 -3 -2
right_child=6 5 3 -5 -6 -7 -8
leaf_value=0.0058855784130682071 -0.0084307374110906812 -0.010382327607962236 -0.038319697361000472 -0.0013970377703680903 0.04008376490023214 -0.10634328353843879 0.039438229973399394
leaf_weight=295.04762515425682 12.744336009025572 6.1855723410844785 46.759720720350742 863.47453343495727 27.209970146417618 6.314710907638073 27.784719333052635
leaf_count=781 31 14 191 2830 30 32 33
internal_value=0 -0.000788367 -0.000119867 -0.00333575 0.00889271 -0.0626225 0.0239791
internal_weight=1285.52 1244.99 1232.49 910.234 322.258 12.5003 40.5291
internal_count=3942 3878 3832 3021 811 46 64
is_linear=0
shrinkage=0.04


Tree=84
num_leaves=15
num_cat=0
split_feature=24 23 5 24 2 0 18 18 20 2 19 2 3 18
split_gain=15.0933 26.3386 22.3977 20.6669 64.2669 30.331 32.7336 28.4344 28.3073 17.7877 19.1978 13.2261 4.14884 4.03325
threshold=0.020938225000000001 4.5000000000000009 58.115000000000002 0.054121440000000014 237.32000000000002 0.9255000000000001 0.73354500000000011 0.40272000000000008 7.5000000000000009 179.10500000000005 38.20000000000001 259.96000000000009 5090.7500000000009 0.14868000000000003
decision_type=8 10 8 8 10 8 8 10 10 10 10 10 8 10
left_child=1 2 13 4 8 7 -7 -5 -2 10 -3 -6 -11 -1
right_child=3 9 -4 5 11 6 -8 -9 -10 12 -12 -13 -14 -15
leaf_value=-0.010741737072261238 -0.049955325878423995 0.016625835250921525 0.0099416680376659058 0.025001169552131278 0.052728738048770256 -0.010414176686969949 0.0058710789893367497 -0.0064169780669739284 -0.0041593664070557167 0.053687745751436262 -0.043267716328232661 0.0065324198051724585 0.02452467451921814 -0.070670020470583919
leaf_weight=3.4149284213781383 63.010229595005512 63.124309994280338 16.223600968718529 134.06942068785429 15.491359174251555 435.37658112496138 359.09577291458845 68.501854747533798 34.383675679564476 23.326878130435944 9.2809487506747228 29.791972525417805 19.002918019890785 10.163984432816504
leaf_count=28 269 116 28 249 14 1926 874 161 79 20 35 62 35 46
internal_value=0 0.0121534 -0.0207711 -0.00154633 -0.0157615 0.000474695 -0.00302914 0.0142886 -0.0340958 0.0209322 0.00843023 0.0231762 0.0415018 -0.0579361
internal_weight=1284.26 144.538 29.8025 1139.72 142.677 997.044 794.472 202.571 97.3939 114.735 72.4053 45.2833 42.3298 13.5789
internal_count=3942 308 102 3634 424 3210 2800 410 348 206 151 76 55 74
is_linear=0
shrinkage=0.04


Tree=85
num_leaves=7
num_cat=0
split_feature=4 4 22 20 22 8
split_gain=15.0461 14.709 17.4388 28.2271 25.4112 8.18288
threshold=84.881500000000003 0.05050000000000001 0.75000000000000011 14.500000000000002 2.6500000000000008 0.99850000000000005
decision_type=10 8 8 10 8 10
left_child=1 5 3 -3 -4 -1
right_child=-2 2 4 -5 -6 -7
leaf_value=-0.051459944065798978 -0.05057711646786512 -0.056775433095182307 0.020089872359666874 0.039970792779865427 -0.00019727041236972603 0.01212574090479137
leaf_weight=12.808069903403522 8.8420600667595846 18.394577220082287 107.62399922311306 5.8323463052511206 1123.7988496497273 3.4426605552434912
leaf_count=90 58 81 188 5 3513 7
internal_value=0 0.000372322 0.000884264 -0.0323388 0.00156699 -0.0368357
internal_weight=1280.74 1271.9 1255.65 24.2269 1231.42 16.2507
internal_count=3942 3884 3787 86 3701 97
is_linear=0
shrinkage=0.04


Tree=86
num_leaves=15
num_cat=0
split_feature=20 4 10 18 18 23 6 0 23 4 5 4 24 22
split_gain=14.9031 28.7442 38.2415 28.5058 31.3912 25.9115 22.1371 20.6268 17.4146 41.0828 20.9163 16.095 16.9903 7.82101
threshold=3.5000000000000004 1.8080000000000003 -43.554999999999993 0.19103500000000004 0.22030500000000003 1.0000000180025095e-35 0.0055500000000000011 0.32800000000000007 11.500000000000002 0.71550000000000014 57.155000000000008 0.94450000000000001 0.010837010000000001 8.6500000000000004
decision_type=8 8 10 8 8 8 10 8 10 10 10 8 8 10
left_child=1 8 7 11 13 -6 -4 -3 9 -1 -10 -2 -13 -5
right_child=3 2 6 4 5 -7 -8 -9 10 -11 -12 12 -14 -15
leaf_value=-0.027502249275285443 -0.053980392485685459 0.022145655090861926 -0.015410847246161069 0.015085273849393553 0.021254955512483797 -0.0045761968471884334 0.022448690875908221 -0.040755798960393802 0.045506179105736136 0.022318275324897736 0.011502235844285325 0.050236546745321922 -0.022826071594943868 0.062628570205439577
leaf_weight=41.430095259100199 24.468392167240381 9.1168712526559812 38.262699168175459 11.885824456810953 67.329528480768204 720.49601903557777 66.087187863886356 52.889174167066813 50.608262255787849 70.954769678413868 72.799848005175591 5.3773930221796027 33.74061893671751 13.843671485781668
leaf_count=200 182 17 236 19 133 1995 133 289 100 192 211 6 207 22
internal_value=0 0.00637009 -0.00626599 -0.0029245 -0.000875296 -0.00233115 0.00836843 -0.0310841 0.0153641 0.00373456 0.0257356 -0.0286195 -0.0117704 0.0421345
internal_weight=1279.29 402.149 166.356 877.141 813.555 787.826 104.35 62.006 235.793 112.385 123.408 63.5864 39.118 25.7295
internal_count=3942 1378 675 2564 2169 2128 369 306 703 392 311 395 213 41
is_linear=0
shrinkage=0.04


Tree=87
num_leaves=13
num_cat=0
split_feature=18 24 21 5 11 14 12 4 23 16 18 2
split_gain=14.815 40.7367 26.3776 33.8427 35.8679 27.7504 52.7317 48.8155 23.7649 16.9564 12.0393 8.33737
threshold=0.081500000000000017 12.932435640000001 4.5000000000000009 57.205000000000005 495.29500000000007 1.0000000180025095e-35 24.500000000000004 1.4470000000000003 11.500000000000002 10.500000000000002 -0.34986999999999996 286.99000000000007
decision_type=8 10 8 10 10 10 10 10 10 10 10 10
left_child=1 9 3 8 -5 6 -4 -7 -2 10 -1 -11
right_child=2 -3 5 4 -6 7 -8 -9 -10 11 -12 -13
leaf_value=0.027853741781988576 0.0041348007910755958 0.039836513731813468 -0.0019239056684817713 0.010711021088864301 -0.040906762557740887 -0.030448068691150097 0.0306387136613528 0.0042986805061170216 0.051267226875093705 -0.021711779442999415 -0.044262595480474974 0.039456191599342084
leaf_weight=3.3067785650491706 27.642465457320213 16.056338168680668 607.43837437406182 135.7385428622365 25.032444201409817 128.41615239530802 90.941405802965164 127.90211188048124 49.496477618813515 5.979963190853594 52.143799118697643 6.9606183022260666
leaf_count=11 87 28 1972 323 107 392 115 268 69 35 529 6
internal_value=0 -0.0161381 0.00115085 0.013063 0.00244808 -0.00180199 0.00230659 -0.013057 0.0347705 -0.0297635 -0.039394 0.0099457
internal_weight=1277.06 84.4475 1192.61 237.91 160.771 954.698 698.38 256.318 77.1389 68.3912 55.4506 12.9406
internal_count=3942 609 3333 586 430 2747 2087 660 156 581 540 41
is_linear=0
shrinkage=0.04


Tree=88
num_leaves=10
num_cat=0
split_feature=21 4 21 21 11 19 22 20 4
split_gain=14.6084 37.8369 27.2101 44.2963 29.4891 23.0925 19.4946 18.9274 4.28285
threshold=170.50000000000003 1.3495000000000001 114.50000000000001 111.50000000000001 -193883.56999999998 30.900000000000002 10.15 6.5000000000000009 0.69050000000000011
decision_type=10 10 10 10 10 8 8 10 10
left_child=2 8 3 6 -4 -6 -1 -3 -2
right_child=1 7 4 -5 5 -7 -8 -9 -10
leaf_value=0.0040806793843710179 0.023554515801694827 0.026416903149407304 0.049914882290838722 0.0707748159292685 0.031300211695463494 -0.04471649753726889 -0.006505048117454143 -0.06055026574861555 0.054138750163192605
leaf_weight=659.19452275335789 17.685713902115822 5.4831320941448238 6.6503549814224234 13.67388294637203 6.6166430115699777 51.32002505287528 480.62885502353311 10.739935755729674 21.526434972882271
leaf_count=1606 30 10 4 23 7 244 1952 51 15
internal_value=0 0.019993 -0.000912665 0.00048994 -0.0260812 -0.0354992 -0.000366356 -0.0300498 0.0413183
internal_weight=1273.52 55.4352 1218.08 1153.5 64.587 57.9367 1139.82 16.2231 39.2121
internal_count=3942 106 3836 3581 255 251 3558 61 45
is_linear=0
shrinkage=0.04


Tree=89
num_leaves=8
num_cat=0
split_feature=6 6 19 6 5 0 19
split_gain=14.323 28.3775 19.8368 34.9296 16.8321 14.9069 12.5576
threshold=0.086185000000000025 0.067275000000000015 4.7500000000000009 0.0055500000000000011 57.055000000000007 0.77650000000000008 4.7500000000000009
decision_type=10 10 8 8 10 10 10
left_child=1 2 4 -4 -1 -3 -2
right_child=6 5 3 -5 -6 -7 -8
leaf_value=0.037697202634973788 -0.007835580909516594 -0.0080541891591844796 -0.03695135161795176 -0.0013008388691614801 0.0054548755646968636 -0.09871089506085419 0.038831675443225439
leaf_weight=28.37609101831913 12.699014440178869 5.934546083211897 45.971151910722256 854.53581662476063 289.8366536796093 6.6357184574007988 27.015977576375008
leaf_count=32 31 16 191 2830 779 30 33
internal_value=0 -0.000757707 -0.00011248 -0.0031625 0.00844741 -0.0593866 0.0235004
internal_weight=1271 1231.29 1218.72 900.507 318.213 12.5703 39.715
internal_count=3942 3878 3832 3021 811 46 64
is_linear=0
shrinkage=0.04


Tree=90
num_leaves=15
num_cat=0
split_feature=18 11 20 23 18 4 4 4 10 10 10 19 23 4
split_gain=14.3837 31.0678 26.544 24.6554 33.1844 20.7373 80.9018 20.1586 27.2956 25.7368 17.0498 15.2739 14.268 13.1815
threshold=0.14275000000000002 1630.3950000000002 3.5000000000000004 1.0000000180025095e-35 2.5526250000000004 1.4470000000000003 1.4940000000000002 1.8080000000000003 -31.634999999999994 88.660000000000011 909.42500000000007 45.050000000000004 18.500000000000004 5.1915000000000004
decision_type=8 10 8 8 10 10 10 8 10 10 8 10 10 8
left_child=1 5 7 10 -5 11 -7 9 -9 -2 -4 -1 13 -3
right_child=2 12 3 4 -6 6 -8 8 -10 -11 -12 -13 -14 -15
leaf_value=-0.040899254647443727 0.031833956577212115 0.029512817463536747 0.028940332046885221 -0.0029013208863331252 -0.073256103494377486 0.11898154705585785 -0.0299487804475757 -0.02425375770921287 0.015905517561477109 -0.0036943638644656653 -0.027115829772607063 0.015096992998284119 -0.039811345705603858 -0.023604094959620292
leaf_weight=68.746708087623119 113.47862902283669 42.143119290471077 59.737475007772446 755.06699991971254 10.415382847189901 7.0014439374208441 25.682115215808153 45.20297110080719 65.898133084177971 44.224679410457611 9.3754076808691007 7.9651649594306937 6.5641230829060069 8.2494298852980119
leaf_count=641 164 127 94 2073 52 13 199 132 131 118 42 28 67 61
internal_value=0 -0.0109388 0.00166187 -0.00183961 -0.00393189 -0.0234398 0.0026643 0.0125909 -0.00029007 0.0217642 0.0209087 -0.0347659 0.0127185 0.0202779
internal_weight=1269.75 166.352 1103.4 834.595 765.482 109.395 32.6836 268.804 111.101 157.703 69.1129 76.7119 56.9567 50.3925
internal_count=3942 1136 2806 2261 2125 881 212 545 263 282 136 669 255 188
is_linear=0
shrinkage=0.04


Tree=91
num_leaves=7
num_cat=0
split_feature=11 4 23 18 17 21
split_gain=14.1178 17.6499 14.8933 35.7138 26.4974 1.08081
threshold=-140281.28999999995 0.05050000000000001 20.500000000000004 0.15654500000000002 36.500000000000007 118.50000000000001
decision_type=8 8 10 8 8 8
left_child=-1 5 4 -4 -3 -2
right_child=1 2 3 -5 -6 -7
leaf_value=0.031369067481784627 -0.051110390947546665 0.00083711693077509963 -0.042000806530949966 0.017488352452193323 -0.016848784121260937 -0.012141253682590634
leaf_weight=22.051708862185478 10.9083634391427 904.44527881592512 17.45836952701211 149.53352475166321 158.60675755888224 3.323358729481698
leaf_count=32 79 2517 170 294 833 17
internal_value=0 -0.000564876 -2.73353e-05 0.0110428 -0.00178948 -0.044089
internal_weight=1266.33 1244.28 1230.04 166.992 1063.05 14.2317
internal_count=3942 3910 3814 464 3350 96
is_linear=0
shrinkage=0.04


Tree=92
num_leaves=9
num_cat=0
split_feature=4 1 15 14 16 1 2 21
split_gain=14.0068 16.4892 19.4819 20.2064 13.023 28.8791 6.39992 3.83039
threshold=28.019000000000002 1207.45 0.70150000000000012 1.0000000180025095e-35 7.5000000000000009 659.69500000000005 207.32000000000002 17.500000000000004
decision_type=10 8 10 8 10 10 10 10
left_child=1 4 3 -3 5 -1 -2 -6
right_child=6 2 -4 -5 7 -7 -8 -9
leaf_value=-0.027733377376761056 -0.052416364671009089 0.0091454930421968287 -0.066694223050464449 -0.0035569911075837234 0.0201946815419611 0.021381439434553649 0 0.049578613608684138
leaf_weight=27.469689153134823 11.268959544599058 260.86722748726606 6.6837654747068873 855.45985222607851 20.451859436929226 59.410453543066978 5.988877620548009 16.294221386313438
leaf_count=99 74 679 33 2861 41 118 23 14
internal_value=0 0.000503235 -0.00100882 -0.000567957 0.0143485 0.00555364 -0.0352738 0.0342519
internal_weight=1263.89 1246.64 1123.01 1116.33 123.626 86.8801 17.2578 36.7461
internal_count=3942 3845 3573 3540 272 217 97 55
is_linear=0
shrinkage=0.04


Tree=93
num_leaves=12
num_cat=0
split_feature=0 0 0 17 18 1 21 10 1 4 19
split_gain=13.477 31.4628 27.2476 27.7063 25.468 21.4273 19.4 14.7005 11.2289 9.6148 2.16748
threshold=1.8995000000000002 5.089500000000001 1.4945000000000002 36.500000000000007 -0.25897999999999993 14310.865000000002 6.5000000000000009 88.660000000000011 8376.9500000000025 4.9745000000000008 1.0000000180025095e-35
decision_type=10 10 10 8 8 8 8 8 10 10 10
left_child=2 9 3 6 -5 -3 -1 8 -4 10 -2
right_child=1 5 7 4 -6 -7 -8 -9 -10 -11 -12
leaf_value=0.011220654339218983 -0.033196767153539072 -0.026676062466861696 0.010444254872685188 0.041781436306075469 -0.01943998118218428 0.049630129658494782 -0.0013448387186748643 -0.0069702745315737228 0.054716281924297172 0 -0.07432839337267097
leaf_weight=269.31409274414182 6.4232442006468835 10.566277027130129 15.969493716955183 11.004455551505087 161.05991158634424 11.743897408246992 716.98456976190209 13.714286424219607 27.264029137790203 4.7300520837306967 13.720170706510542
leaf_count=756 32 39 29 27 920 10 1988 37 24 13 67
internal_value=0 -0.0208603 0.000818071 -0.000498298 -0.0152989 0.0128215 0.00206992 0.0277135 0.0391269 -0.0515166 -0.0633031
internal_weight=1262.49 47.1836 1215.31 1158.36 172.064 22.3102 986.299 56.9478 43.2335 24.8735 20.1434
internal_count=3942 161 3781 3691 947 49 2744 90 53 112 99
is_linear=0
shrinkage=0.04


Tree=94
num_leaves=10
num_cat=0
split_feature=21 4 21 21 11 19 20 22 4
split_gain=13.5193 35.5878 24.8605 40.9895 27.0513 21.139 17.5886 17.5543 4.10168
threshold=170.50000000000003 1.3495000000000001 114.50000000000001 111.50000000000001 -193883.56999999998 30.900000000000002 6.5000000000000009 10.15 0.69050000000000011
decision_type=10 10 10 10 10 8 10 8 10
left_child=2 8 3 7 -4 -6 -3 -1 -2
right_child=1 6 4 -5 5 -7 -8 -9 -10
leaf_value=0.0038523533019021901 0.022778501680485091 0.024833207206554769 0.048647297991967237 0.067587634824641432 0.030233116939904631 -0.043145108269089905 -0.059271194608057728 -0.0062443887538038458 0.053008174031817491
leaf_weight=653.39301751554012 17.424285225570202 5.4703045487403861 6.4479418992996207 13.872593641281126 6.4769690483808526 50.410087745636702 10.525442987680433 475.16936273127794 21.072573557496071
leaf_count=1606 30 10 4 23 7 244 51 1952 15
internal_value=0 0.019395 -0.000884889 0.00045512 -0.0251835 -0.0342514 -0.0294154 -0.000381943 0.0403061
internal_weight=1260.26 54.4926 1205.77 1142.43 63.335 56.8871 15.9957 1128.56 38.4969
internal_count=3942 106 3836 3581 255 251 61 3558 45
is_linear=0
shrinkage=0.04


Tree=95
num_leaves=9
num_cat=0
split_feature=4 1 15 14 16 1 2 21
split_gain=13.1542 15.0842 18.1063 18.0926 12.2546 26.8502 6.06245 3.63134
threshold=28.019000000000002 1207.45 0.70150000000000012 1.0000000180025095e-35 7.5000000000000009 659.69500000000005 207.32000000000002 17.500000000000004
decision_type=10 8 10 8 10 10 10 10
left_child=1 4 3 -3 5 -1 -2 -6
right_child=6 2 -4 -5 7 -7 -8 -9
leaf_value=-0.026801285313768339 -0.051632159627869705 0.0086844909217240213 -0.064737233020754043 -0.003365706569296772 0.019443825708698716 0.020630654217769866 0 0.048304340879027755
leaf_weight=27.456637047231197 10.922546394169332 259.42572009935975 6.5820142887532702 852.31719930842519 20.18417127430439 58.869418740272522 5.9624247923493376 16.047896862030029
leaf_count=99 74 679 33 2861 41 118 23 14
internal_value=0 0.000487836 -0.000957683 -0.000533166 0.0137908 0.00524677 -0.034549 0.0332547
internal_weight=1257.77 1240.88 1118.32 1111.74 122.558 86.3261 16.885 36.2321
internal_count=3942 3845 3573 3540 272 217 97 55
is_linear=0
shrinkage=0.04


Tree=96
num_leaves=8
num_cat=0
split_feature=24 22 22 6 23 10 21
split_gain=12.9755 21.6473 20.6449 27.1057 18.7801 14.8078 3.97004
threshold=21.697062730000003 0.75000000000000011 2.6500000000000008 0.036470000000000009 20.500000000000004 8662.6400000000012 4.5000000000000009
decision_type=10 8 8 8 10 10 10
left_child=1 5 3 -3 -4 6 -1
right_child=-2 2 4 -5 -6 -7 -8
leaf_value=-0.017431381537975868 0.041748103677151933 -0.0075354241159228345 -0.0034043965446860116 0.033489924786360516 0.011467995941460829 0.012754320860185565 -0.072510969727711677
leaf_weight=4.300330892205241 11.301325231790541 41.558847293257713 961.06408872455359 63.924252085387707 157.38572781905532 5.4894187077879897 11.355618044733999
leaf_count=19 10 108 3206 94 440 16 49
internal_value=0 -0.000392772 0.000292151 0.0171785 -0.00128952 -0.0400523 -0.0596275
internal_weight=1256.38 1245.08 1223.93 105.483 1118.45 21.1454 15.6559
internal_count=3942 3932 3848 202 3646 84 68
is_linear=0
shrinkage=0.04


Tree=97
num_leaves=6
num_cat=0
split_feature=11 4 6 6 19
split_gain=13.1522 16.7233 13.7759 25.0727 11.0787
threshold=-140281.28999999995 0.033000000000000008 0.086185000000000025 0.067275000000000015 4.7500000000000009
decision_type=8 8 10 10 10
left_child=-1 -2 3 -3 -4
right_child=1 2 4 -5 -6
leaf_value=0.030500407961879174 -0.048155823927592878 -0.00023099437777939099 -0.0063025124694463218 -0.056291814712327727 0.038079796409222565
leaf_weight=21.725076705217361 11.194200422614811 1171.4604727812111 12.375022575259207 12.41619862616062 25.973226204514503
leaf_count=32 85 3717 30 45 33
internal_value=0 -0.000546216 -7.42951e-05 -0.000859349 0.023346
internal_weight=1255.14 1233.42 1222.22 1183.88 38.3482
internal_count=3942 3910 3825 3762 63
is_linear=0
shrinkage=0.04


Tree=98
num_leaves=11
num_cat=0
split_feature=21 4 21 21 18 5 3 20 20 4
split_gain=12.5773 33.8392 22.7362 37.675 26.9147 22.9741 18.4538 16.4048 16.2184 3.91554
threshold=170.50000000000003 1.1215000000000004 114.50000000000001 111.50000000000001 1.7709250000000003 57.07500000000001 14622.150000000003 6.5000000000000009 3.5000000000000004 0.69050000000000011
decision_type=10 8 10 10 10 10 8 10 8 10
left_child=2 9 3 8 6 -6 -4 -3 -1 -2
right_child=1 7 4 -5 5 -7 -8 -9 -10 -11
leaf_value=0.0062009976658084888 0.022167648165459165 0.023297462522132044 0.028536326931476147 0.064366734316236573 -0.05639798268633392 0.022053052269898 -0.06109245543560024 -0.058180359406020801 -0.0038917497737125792 0.052029939105405189
leaf_weight=388.71142295375466 17.144628629088402 5.4517929702997199 3.5978789478540447 14.059749543666838 7.4508217908442047 23.290794521570206 27.950754560530186 10.339690923690794 735.59231178835034 20.674408316612244
leaf_count=1360 30 10 4 23 39 45 167 51 2198 15
internal_value=0 0.018866 -0.00084832 0.00042672 -0.0242862 0.00180046 -0.0499612 -0.0289719 -0.000383345 0.0394802
internal_weight=1254.26 53.6105 1200.65 1138.36 62.2902 30.7416 31.5486 15.7915 1124.3 37.819
internal_count=3942 106 3836 3581 255 84 171 61 3558 45
is_linear=0
shrinkage=0.04


Tree=99
num_leaves=13
num_cat=0
split_feature=18 24 21 5 11 14 12 4 23 16 18 20
split_gain=12.8363 36.8416 21.2646 31.3217 31.6648 26.1891 45.3937 44.6052 21.2803 15.2202 11.3319 3.22169
threshold=0.081500000000000017 12.932435640000001 4.5000000000000009 57.205000000000005 495.29500000000007 1.0000000180025095e-35 24.500000000000004 1.4470000000000003 11.500000000000002 10.500000000000002 -0.34986999999999996 1.5000000000000002
decision_type=8 10 8 10 10 10 10 10 10 10 10 8
left_child=1 9 3 8 -5 6 -4 -7 -2 10 -1 -11
right_child=2 -3 5 4 -6 7 -8 -9 -10 11 -12 -13
leaf_value=0.02613426377589137 0.0036649813401851378 0.03812643465054083 -0.001506693603992324 0.0094147048839486047 -0.039588128392548043 -0.02921955859309721 0.029034762291728383 0.0041264471269045599 0.048700309535684438 0.029092974044297639 -0.043485659410014581 -0.0089477352126801982
leaf_weight=3.3554147556424132 27.179057762026787 15.715886667370794 596.51523760706186 132.62140682712197 24.535608515143394 127.65457591414452 88.907028302550316 126.55395622551441 48.564418099820614 6.3375929892063114 48.830324113368988 5.9497818909585485
leaf_count=11 87 28 1972 323 107 392 115 268 69 11 529 30
internal_value=0 -0.0154288 0.00106488 0.0118812 0.00153616 -0.00159972 0.002444 -0.0125647 0.0329326 -0.0289841 -0.0384241 0.00947927
internal_weight=1252.72 80.189 1172.53 232.9 157.157 939.631 685.422 254.209 75.7435 64.4731 52.1857 12.2874
internal_count=3942 609 3333 586 430 2747 2087 660 156 581 540 41
is_linear=0
shrinkage=0.04


Tree=100
num_leaves=12
num_cat=0
split_feature=0 0 0 17 14 1 0 10 1 4 19
split_gain=12.4101 29.2179 25.2027 24.7753 23.9032 19.9018 19.2764 13.469 10.4956 8.90951 1.7734
threshold=1.8995000000000002 5.089500000000001 1.4945000000000002 36.500000000000007 1.0000000180025095e-35 14310.865000000002 1.2115000000000002 88.660000000000011 8376.9500000000025 4.9745000000000008 1.0000000180025095e-35
decision_type=10 10 10 8 10 8 10 8 10 10 10
left_child=2 9 3 6 -5 -3 -1 8 -4 10 -2
right_child=1 5 7 4 -6 -7 -8 -9 -10 -11 -12
leaf_value=0.0030071305653207436 -0.03258605046350959 -0.025622741165443729 0.0098853839725537521 -0.022985223989254965 0.012009703437055073 0.048499405322243477 -0.028424816779911155 -0.0063700399009767776 0.053039774692470704 0 -0.07182122192082184
leaf_weight=945.76283547282219 6.3160892799496713 10.427955746650698 15.750051975250242 129.3110183775425 39.948185630142689 11.490320667624472 31.700032882392406 13.648160547018049 26.871188998222351 4.6945405900478354 13.490575008094309
leaf_count=2635 32 39 29 831 116 10 109 37 24 13 67
internal_value=0 -0.0201757 0.000793164 -0.000477422 -0.0145969 0.0125576 0.0019533 0.0268151 0.037856 -0.0499237 -0.0614049
internal_weight=1249.41 46.4195 1202.99 1146.72 169.259 21.9183 977.463 56.2694 42.6212 24.5012 19.8067
internal_count=3942 161 3781 3691 947 49 2744 90 53 112 99
is_linear=0
shrinkage=0.04


Tree=101
num_leaves=9
num_cat=0
split_feature=4 0 11 12 24 24 23 12
split_gain=12.2689 13.0334 35.6396 15.3473 15.1591 25.3875 23.9398 9.65675
threshold=84.881500000000003 0.39850000000000008 -2004.2149999999999 24.500000000000004 0.020938225000000001 0.054121440000000014 4.5000000000000009 22.000000000000004
decision_type=10 8 10 8 8 8 10 10
left_child=1 2 7 -4 6 -6 -3 -1
right_child=-2 4 3 -5 5 -7 -8 -9
leaf_value=0.04797589148832495 -0.048222728940522694 -0.019583155273610708 -0.070410885358640998 0.0059785404718412736 -0.018794210530438237 8.8537583864034929e-05 0.02134949380173588 0.0089408576394155049
leaf_weight=31.377533078193665 7.8833983764052382 28.52889809012413 8.0728553831577265 7.2635534703731546 129.28078123927116 915.65740664303303 101.82589477300644 17.317490637302399
leaf_count=32 58 100 39 13 408 3077 184 31
internal_value=0 0.000330341 0.0178432 -0.0339223 -0.000613955 -0.0022364 0.0121977 0.0347323
internal_weight=1247.21 1239.32 64.0314 15.3364 1175.29 1044.94 130.355 48.695
internal_count=3942 3884 115 52 3769 3485 284 63
is_linear=0
shrinkage=0.04


Tree=102
num_leaves=8
num_cat=0
split_feature=24 24 20 24 18 24 24
split_gain=12.111 19.935 39.0037 23.5267 32.887 21.7733 21.6262
threshold=21.697062730000003 15.010012340000001 6.5000000000000009 0.16220795000000002 0.081500000000000017 16.056466345000004 0.22173855500000003
decision_type=10 10 10 10 8 10 10
left_child=1 3 5 4 -1 -3 -5
right_child=-2 2 -4 6 -6 -7 -8
leaf_value=-0.035435908248983197 0.040676147352850023 -0.038494837802787021 -0.06922822184621677 0.031413727858028512 -0.00018670250237258043 0.021511946872446522 0.0036458195465117237
leaf_weight=43.939865160733461 11.105083435773848 14.769342601299284 19.073505453765392 68.301382265985012 927.38201218470931 25.885656952857971 135.2798899486661
leaf_count=470 10 66 90 115 2734 57 400
internal_value=0 -0.000378009 -0.0228334 0.000755768 -0.00181927 -4.4713e-06 0.0131141
internal_weight=1245.74 1234.63 59.7285 1174.9 971.322 40.655 203.581
internal_count=3942 3932 213 3719 3204 123 515
is_linear=0
shrinkage=0.04


Tree=103
num_leaves=7
num_cat=0
split_feature=11 4 23 18 6 21
split_gain=12.1014 15.7062 12.8851 31.8847 20.9644 0.969003
threshold=-140281.28999999995 0.05050000000000001 20.500000000000004 0.15654500000000002 0.010130000000000002 118.50000000000001
decision_type=8 8 10 10 8 8
left_child=-1 5 4 -4 -3 -2
right_child=1 2 3 -5 -6 -7
leaf_value=0.029553756794901319 -0.04992884663715863 0.008115708256850403 -0.041246319815965916 0.016481018712512022 -0.0049491467461634936 -0.011109634695786456
leaf_weight=21.28429951518774 10.157497897744175 260.86652971431613 16.45544608682394 146.27833108603954 785.25743965059519 3.1216995269060144
leaf_count=32 79 712 170 294 2638 17
internal_value=0 -0.000523704 -2.31095e-05 0.0104127 -0.0016698 -0.0429889
internal_weight=1243.42 1222.14 1208.86 162.734 1046.12 13.2792
internal_count=3942 3910 3814 464 3350 96
is_linear=0
shrinkage=0.04


Tree=104
num_leaves=8
num_cat=0
split_feature=6 6 19 6 18 24 19
split_gain=12.0157 22.9437 15.3548 32.8313 16.1907 14.4899 11.4212
threshold=0.086185000000000025 0.067275000000000015 4.7500000000000009 0.0055500000000000011 1.5330200000000003 0.039011245000000007 4.7500000000000009
decision_type=10 10 8 8 10 10 10
left_child=1 2 4 -4 -1 -3 -2
right_child=6 5 3 -5 -6 -7 -8
leaf_value=0.0046356048778447671 -0.0075672428435059761 -0.006412486950690236 -0.036002223428112025 -0.0009892780004709808 0.037367138620499223 -0.093974491755278416 0.0375068957564621
leaf_weight=283.89830780401826 12.603626519441603 6.5341911464929563 44.767243959009647 836.41047209873796 26.292540699243546 6.3148826658725739 25.20276914536953
leaf_count=781 31 14 191 2830 30 32 33
internal_value=0 -0.000700306 -9.91215e-05 -0.00281016 0.00753005 -0.0528525 0.0220557
internal_weight=1242.02 1204.22 1191.37 881.178 310.191 12.8491 37.8064
internal_count=3942 3878 3832 3021 811 46 64
is_linear=0
shrinkage=0.04


Tree=105
num_leaves=12
num_cat=0
split_feature=0 0 0 17 5 1 1 10 10 1 22
split_gain=11.6709 25.5787 24.5383 22.8382 23.3427 18.8907 18.2739 10.6689 10.5557 8.28002 4.73396
threshold=1.8335000000000001 5.089500000000001 1.4945000000000002 36.500000000000007 57.32500000000001 11982.170000000002 14310.865000000002 -16172.869999999997 88.660000000000011 8376.9500000000025 17.350000000000005
decision_type=10 10 10 8 8 10 8 10 8 10 10
left_child=2 7 3 5 -5 -1 -3 -2 9 -4 -9
right_child=1 6 8 4 -6 -7 -8 10 -10 -11 -12
leaf_value=0.0036027744449990419 0 -0.024269530350369016 0.011543801651042226 -0.0082944534691852968 -0.0539692204742847 -0.016274273846313123 0.047155027495188399 -0.072189613256374546 -0.0025506866901364466 0.05131568350066841 -0.020209783024869091
leaf_weight=889.46072297543287 6.3002635836601284 10.402302518486978 15.153867855668066 146.62693670019507 20.293817322701216 82.971462562680244 11.223491564393042 14.429044820368292 13.153648711740969 25.215784698724747 5.5378026515245429
leaf_count=2514 15 39 27 816 131 230 10 75 35 23 27
internal_value=0 -0.019258 0.000779996 -0.000451526 -0.0141115 0.00187874 0.0121229 -0.045585 0.0271272 0.0371994 -0.0595961
internal_weight=1240.77 47.8929 1192.88 1139.35 166.921 972.432 21.6258 26.2671 53.5233 40.3697 19.9668
internal_count=3942 166 3776 3691 947 2744 49 117 85 50 102
is_linear=0
shrinkage=0.04


Tree=106
num_leaves=14
num_cat=0
split_feature=22 10 10 11 22 8 23 24 22 5 18 3 4
split_gain=11.4495 40.4129 44.5822 25.8418 29.9587 29.8696 24.354 21.8422 19.6096 17.9612 16.0962 12.6138 4.00614
threshold=22.450000000000003 8662.6400000000012 -4964.119999999999 4585.3550000000005 21.250000000000004 0.37800000000000006 7.5000000000000009 0.0081380950000000032 2.8500000000000001 57.175000000000004 0.081500000000000017 11463.925000000001 0.85400000000000009
decision_type=10 8 10 10 10 8 10 8 10 10 8 10 8
left_child=3 2 6 4 10 11 -2 -4 -7 -6 -1 -5 -3
right_child=1 12 7 5 9 8 -8 -9 -10 -11 -12 -13 -14
leaf_value=-0.019988050767200966 0.023912967970132822 0.055438793371773862 0.04362665719914019 -0.013199857454012457 -0.0051438295099050148 0 -0.024915534416802925 -0.046252010768725191 -0.047999425209507007 0.046112240700264831 0.0029227293509819182 0.042832518948543841 0.015568554008234424
leaf_weight=51.29286577552557 41.529192522168159 12.336105339229109 4.0159429088234893 10.715626843273641 14.024010471999643 18.494934469461441 26.036943715065718 65.602243009954691 44.710787877440453 39.360549211502075 888.29657226055861 13.625597327947615 9.1342074126005155
leaf_count=448 95 19 6 37 55 62 105 405 208 69 2385 14 34
internal_value=0 -0.0100209 -0.018132 0.00147032 0.00332754 -0.0192667 0.00475803 -0.040508 -0.0338018 0.0323534 0.00164077 0.0175913 0.0401273
internal_weight=1239.18 158.655 137.184 1080.52 992.974 87.5469 67.5661 69.6182 63.2057 53.3846 939.589 24.3412 21.4703
internal_count=3942 664 611 3278 2957 321 200 411 270 124 2833 51 53
is_linear=0
shrinkage=0.04


Tree=107
num_leaves=10
num_cat=0
split_feature=4 1 1 18 15 0 20 23 2
split_gain=11.2107 13.2844 17.1644 29.6941 21.8615 11.0506 19.1103 14.9714 5.72139
threshold=28.019000000000002 1207.45 1689.0400000000002 0.50620500000000013 0.68350000000000011 0.83000000000000007 7.5000000000000009 2.5000000000000004 207.32000000000002
decision_type=10 8 8 10 10 10 10 10 10
left_child=1 5 3 -3 -4 6 -1 -7 -2
right_child=8 2 4 -5 -6 7 -8 -9 -10
leaf_value=0.036443598378385109 -0.050293258590016501 0.0021476595021992281 0.00043933707327248046 -0.076062377300795167 -0.063689907778139945 0.027960616248397324 -0.016375937767248279 -0.014332098231811774 0
leaf_weight=48.538440465927124 10.118159253150223 17.841753408312801 1061.9942891895771 12.606017500162123 8.0732708461582643 20.099113166332245 13.209417983889578 37.721865706145763 5.7214638590812674
leaf_count=69 74 51 3422 55 45 37 35 131 23
internal_value=0 0.000437558 -0.000923439 -0.0302924 -5.5333e-05 0.0130825 0.0247821 0.00013999 -0.0329161
internal_weight=1235.92 1220.08 1100.52 30.4478 1070.07 119.569 61.7479 57.821 15.8396
internal_count=3942 3845 3573 106 3467 272 104 168 97
is_linear=0
shrinkage=0.04


Tree=108
num_leaves=6
num_cat=0
split_feature=11 4 22 6 21
split_gain=11.1782 14.8057 12.4506 29.8549 27.9044
threshold=-140281.28999999995 0.033000000000000008 8.3500000000000032 -0.005474999999999999 20.500000000000004
decision_type=8 8 8 8 10
left_child=-1 -2 3 -3 -4
right_child=1 2 4 -5 -6
leaf_value=0.028528057143698878 -0.046959567509079217 -0.056930135882099928 0.0030209245309484427 0.0060065570631134329 -0.013480691401660727
leaf_weight=21.082855053246021 10.384276419878004 11.802639752626417 399.93400797247887 515.83745733648539 275.66045940294862
leaf_count=32 85 55 1527 1220 1023
internal_value=0 -0.000513339 -7.65398e-05 0.00450831 -0.00368758
internal_weight=1234.7 1213.62 1203.23 527.64 675.594
internal_count=3942 3910 3825 1275 2550
is_linear=0
shrinkage=0.04


Tree=109
num_leaves=11
num_cat=0
split_feature=21 4 21 21 18 5 3 20 20 4
split_gain=11.4678 31.8787 20.7802 35.3155 24.7761 21.1433 17.6079 15.5998 14.736 3.91245
threshold=170.50000000000003 1.3495000000000001 114.50000000000001 111.50000000000001 1.7709250000000003 57.07500000000001 14622.150000000003 14.500000000000002 6.5000000000000009 0.69050000000000011
decision_type=10 10 10 10 10 10 8 10 10 10
left_child=2 9 3 7 6 -6 -4 -1 -3 -2
right_child=1 8 4 -5 5 -7 -8 -9 -10 -11
leaf_value=-0.0017871138008737483 0.020976374812077099 0.020871968758446574 0.028170421205130216 0.062145369003024101 -0.055075252979206603 0.021303228082634733 -0.059931399099901368 0.016073340242067545 -0.056812841354831785 0.051035098668009531
leaf_weight=1021.7112813442945 16.676976516842842 5.3952930867671958 3.5539640039205578 14.12966328859329 7.202177811414006 22.751805655658245 26.892047703266144 84.169934049248695 10.070783123373984 20.288175776600838
leaf_count=3395 30 10 4 23 39 45 167 163 51 15
internal_value=0 0.0182072 -0.000823954 0.000395611 -0.0235846 0.00167923 -0.048712 -0.000403007 -0.0286551 0.0384687
internal_weight=1232.84 52.4312 1180.41 1120.01 60.4 29.954 30.446 1105.88 15.4661 36.9652
internal_count=3942 106 3836 3581 255 84 171 3558 61 45
is_linear=0
shrinkage=0.04


Tree=110
num_leaves=8
num_cat=0
split_feature=24 22 22 6 23 10 20
split_gain=10.9977 19.4813 19.7208 25.4497 16.5712 14.0871 2.57978
threshold=21.697062730000003 0.75000000000000011 2.6500000000000008 0.032195000000000008 20.500000000000004 3716.2250000000004 3.5000000000000004
decision_type=10 8 8 8 10 8 10
left_child=1 5 3 -3 -4 6 -1
right_child=-2 2 4 -5 -6 -7 -8
leaf_value=-0.023005482849644838 0.039212842213576911 -0.0078770988725352445 -0.0032794447911700915 0.032467074726122577 0.010868665088364371 0.013428835292946559 -0.070408003444388509
leaf_weight=4.767427720129489 10.835463851690291 39.460400868207216 942.93139012902975 64.099356256425381 153.24924558401108 5.3522040918469456 10.40603895485401
leaf_count=22 10 105 3206 97 440 16 46
internal_value=0 -0.000369248 0.000283025 0.0169382 -0.00127921 -0.0385464 -0.0579994
internal_weight=1231.1 1220.27 1199.74 103.56 1096.18 20.5257 15.1735
internal_count=3942 3932 3848 202 3646 84 68
is_linear=0
shrinkage=0.04


Tree=111
num_leaves=8
num_cat=0
split_feature=6 6 19 6 5 24 19
split_gain=10.9588 20.8224 14.3305 29.2481 16.2276 13.0174 10.6693
threshold=0.086185000000000025 0.067275000000000015 4.7500000000000009 0.0055500000000000011 57.055000000000007 0.039011245000000007 4.7500000000000009
decision_type=10 10 8 8 10 10 10
left_child=1 2 4 -4 -1 -3 -2
right_child=6 5 3 -5 -6 -7 -8
leaf_value=0.036478006927209587 -0.0070432917435164309 -0.0062023771789218784 -0.034348926421478423 -0.0010030341020055445 0.0043216344086194555 -0.089413971929399719 0.036773978565037183
leaf_weight=27.455943942070007 12.606647104024885 6.5423692762851697 43.945574905723333 829.42788847908378 279.35346016287804 6.3045570701360703 24.209849789738655
leaf_count=32 31 14 191 2830 779 32 33
internal_value=0 -0.00067196 -9.30837e-05 -0.00272248 0.00731901 -0.0503563 0.0213408
internal_weight=1229.85 1193.03 1180.18 873.373 306.809 12.8469 36.8165
internal_count=3942 3878 3832 3021 811 46 64
is_linear=0
shrinkage=0.04


Tree=112
num_leaves=13
num_cat=0
split_feature=0 0 0 17 18 1 1 10 10 4 22 18
split_gain=10.72 23.7029 22.8777 20.5194 22.7999 17.5434 16.6368 9.93804 9.40221 6.45549 4.49239 3.56913
threshold=1.8335000000000001 5.089500000000001 1.4945000000000002 36.500000000000007 -0.25897999999999993 11982.170000000002 17401.995000000006 -16172.869999999997 88.660000000000011 0.29800000000000004 17.350000000000005 0.37301000000000006
decision_type=10 10 10 8 8 10 8 10 8 8 10 8
left_child=2 7 3 5 -5 -1 11 -2 9 -4 -9 -3
right_child=1 6 8 4 -6 -7 -8 10 -10 -11 -12 -13
leaf_value=0.0034338171140996182 0 0.0031510346065074415 0.056553703953431012 0.040706350824541819 -0.017604891187204489 -0.015771648818454557 0.051591146615387266 -0.070236459010629762 -0.0016189626848391678 0.02091073590908607 -0.019136060970951742 -0.036633179135678449
leaf_weight=881.76059497520328 6.2406703084707287 5.496105797588827 15.638231277465819 10.880088008940218 153.36275796219707 82.558708503842354 9.1737636774778348 14.155206836760046 13.071872197091578 24.091609969735146 5.4559996500611296 6.6206503957509995
leaf_count=2514 15 17 10 27 920 230 7 75 35 40 27 25
internal_value=0 -0.018609 0.000743729 -0.000448112 -0.0135089 0.00176152 0.0117997 -0.0441599 0.0263581 0.035966 -0.0578436 -0.0175923
internal_weight=1228.51 47.1424 1181.36 1128.56 164.243 964.319 21.2905 25.8519 52.8017 39.7298 19.6112 12.1168
internal_count=3942 166 3776 3691 947 2744 49 117 85 50 102 42
is_linear=0
shrinkage=0.04


Tree=113
num_leaves=15
num_cat=0
split_feature=20 18 18 5 4 10 0 4 20 4 5 6 24 10
split_gain=10.7143 23.1792 28.4716 25.5769 23.0833 34.7928 18.4041 15.743 15.7138 27.2305 20.2442 15.614 14.6982 10.2466
threshold=3.5000000000000004 0.19103500000000004 0.22030500000000003 56.875000000000007 1.8080000000000003 -43.554999999999993 0.32800000000000007 0.94450000000000001 2.5000000000000004 0.29450000000000004 56.945000000000007 0.0055500000000000011 0.010837010000000001 266.89000000000004
decision_type=8 8 8 8 8 10 8 8 10 10 8 10 8 10
left_child=4 7 13 -4 8 6 -6 -2 10 -10 -1 -7 -9 -3
right_child=1 2 3 -5 5 11 -8 12 9 -11 -12 -13 -14 -15
leaf_value=-0.051447297432693974 -0.052830156856023838 0.010834435891324575 0.017829104807729181 -0.0047863298396859334 0.021483127819909558 -0.01249528609077564 -0.039669193535140805 0.048500472414213042 -0.031173123708487169 0.033983918734496327 0.0090629120971917991 0.020407769646598038 -0.020442211456097609 0.064609227138916689
leaf_weight=8.9988384991884214 22.391940079629421 11.798228681087496 90.100435554981232 672.6817825846374 8.5380588024854642 35.190416488796473 50.28724642843008 5.2537443637847892 10.961733989417551 84.265211142599583 119.03169399499893 62.604713164269924 31.457097563892603 13.287398740649222
leaf_count=80 182 25 200 1928 17 236 289 6 55 202 366 133 207 16
internal_value=0 -0.002509 -0.000663025 -0.00207884 0.0055716 -0.00610143 -0.03035 -0.0265692 0.0138452 0.026151 0.00447065 0.00836119 -0.00951912 0.0408056
internal_weight=1226.85 846.971 787.868 762.782 379.878 156.62 58.8253 59.1028 223.257 95.2269 128.031 97.7951 36.7108 25.0856
internal_count=3942 2564 2169 2128 1378 675 306 395 703 257 446 369 213 41
is_linear=0
shrinkage=0.04


Tree=114
num_leaves=11
num_cat=0
split_feature=21 4 21 21 18 5 21 3 20 4
split_gain=10.8126 30.0902 18.8197 31.821 23.7156 19.8214 19.4875 17.0041 14.0336 3.83092
threshold=170.50000000000003 1.3495000000000001 114.50000000000001 110.50000000000001 1.7709250000000003 57.07500000000001 100.50000000000001 14622.150000000003 6.5000000000000009 0.69050000000000011
decision_type=10 10 10 10 10 10 10 8 10 10
left_child=2 9 3 6 7 -6 -1 -4 -3 -2
right_child=1 8 4 -5 5 -7 -8 -9 -10 -11
leaf_value=0.00020501540764005985 0.020315591021310277 0.02014900353500344 0.027938674297654047 0.054595757631019669 -0.053631849516290873 0.021028594545149021 -0.041724734143307025 -0.058913136885835958 -0.055866179168039383 0.050273963112627662
leaf_weight=1079.7643545009196 16.458607316017151 5.397713676095008 3.5345326662063625 16.549752026796341 7.0171281136572388 22.620773158967495 17.51999531686306 26.175298988819122 9.8705771565437299 19.884776651859283
leaf_count=3473 30 10 4 29 39 45 79 167 51 15
internal_value=0 0.0178236 -0.00079692 0.00035935 -0.0226536 0.00209171 -0.000464944 -0.0476271 -0.0279378 0.0377096
internal_weight=1224.79 51.6117 1173.18 1113.83 59.3477 29.6379 1097.28 29.7098 15.2683 36.3434
internal_count=3942 106 3836 3581 255 84 3552 171 61 45
is_linear=0
shrinkage=0.04


Tree=115
num_leaves=10
num_cat=0
split_feature=4 1 18 1 18 16 1 2 21
split_gain=10.5797 12.4532 16.6687 42.3294 39.7252 10.5122 22.5282 5.32398 3.26469
threshold=28.019000000000002 1207.45 0.69803000000000004 6399.0650000000014 0.66749000000000003 7.5000000000000009 659.69500000000005 207.32000000000002 17.500000000000004
decision_type=10 8 8 8 10 10 10 10 10
left_child=1 5 4 -4 -3 6 -1 -2 -7
right_child=7 2 3 -5 -6 8 -8 -9 -10
leaf_value=-0.024807173368338077 -0.049587987605915214 -0.0034629488457817493 -0.026557411902664571 0.010041533735715718 -0.071727520374856593 0.017517846143836141 0.019162308383542076 0 0.045639326541218515
leaf_weight=26.903206408023834 9.7604312896728498 639.95781181380153 57.657955914735794 378.34950109198689 13.483189933001993 18.767392233014107 56.916795760393143 5.6405974440276614 15.576374277472494
leaf_count=99 74 2451 169 892 61 41 118 23 14
internal_value=0 0.000422588 -0.000900177 0.00513097 -0.00495588 0.0127392 0.00474908 -0.0324189 0.031318
internal_weight=1223.01 1207.61 1089.45 436.007 653.441 118.164 83.82 15.401 34.3438
internal_count=3942 3845 3573 1061 2512 272 217 97 55
is_linear=0
shrinkage=0.04


Tree=116
num_leaves=9
num_cat=0
split_feature=4 4 22 19 22 0 22 4
split_gain=10.5362 12.8576 37.0807 34.1356 23.4335 34.0244 27.2403 8.10472
threshold=0.018500000000000003 0.17950000000000002 16.250000000000004 14.65 17.950000000000003 0.91550000000000009 16.750000000000004 0.13350000000000004
decision_type=8 8 10 8 10 8 10 10
left_child=-1 2 3 -2 6 -6 -3 -4
right_child=1 4 7 -5 5 -7 -8 -9
leaf_value=-0.045957890862128405 0.015824016907333802 0.0006995450876522252 0.0099339752523674892 -0.054722878063951888 0.020372390134011504 -0.017775755634312378 0.033787188012903389 0.053078268912277925
leaf_weight=7.4317682869732371 29.896429039537907 821.34350774809718 10.919720336794851 16.513233471661806 44.187637992203236 219.43346896395087 41.433579757809639 30.419163223356009
leaf_count=59 66 2390 34 95 109 1046 101 42
internal_value=0 0.000294081 0.0150094 -0.00916697 -0.000840675 -0.0112793 0.00233035 0.0424146
internal_weight=1221.58 1214.15 87.7485 46.4097 1126.4 263.621 862.777 41.3389
internal_count=3942 3883 237 161 3646 1155 2491 76
is_linear=0
shrinkage=0.04


Tree=117
num_leaves=8
num_cat=0
split_feature=24 22 22 6 23 5 21
split_gain=10.3408 17.9004 18.5431 23.1967 15.2997 15.1019 3.10397
threshold=21.697062730000003 0.75000000000000011 2.6500000000000008 0.036470000000000009 20.500000000000004 56.915000000000006 4.5000000000000009
decision_type=10 8 8 8 10 10 10
left_child=1 5 3 -3 -4 -1 -7
right_child=-2 2 4 -5 -6 6 -8
leaf_value=0.023489092547357881 0.038317121223471189 -0.0065882810337923297 -0.0031769559143620123 0.031902088708967442 0.010499097010294185 -0.019272226159682913 -0.067906992263464472
leaf_weight=4.3696646094322231 10.663657948374746 40.422814346849918 935.32529720664024 61.787745852023363 151.30597772449255 4.7962934933602801 11.033663451671599
leaf_count=6 10 108 3206 94 440 28 50
internal_value=0 -0.000357702 0.000267583 0.016527 -0.00125031 -0.0372424 -0.0554372
internal_weight=1219.71 1209.04 1188.84 102.211 1086.63 20.1996 15.83
internal_count=3942 3932 3848 202 3646 84 78
is_linear=0
shrinkage=0.04


Tree=118
num_leaves=15
num_cat=0
split_feature=6 18 21 21 23 23 5 12 6 5 6 18 18 2
split_gain=10.3618 29.2724 44.5969 44.9946 34.6634 29.0762 31.1017 25.9481 28.1733 27.1311 40.3924 19.801 17.9603 11.9623
threshold=0.010130000000000002 0.69803000000000004 19.500000000000004 111.50000000000001 11.500000000000002 20.500000000000004 56.875000000000007 24.500000000000004 0.0055500000000000011 57.085000000000008 0.0015200000000000003 0.93500500000000009 0.3077950000000001 53.350000000000001
decision_type=8 8 10 10 10 10 8 10 10 10 10 10 8 10
left_child=7 2 4 -4 -2 6 -3 9 12 -1 -11 -7 -9 -10
right_child=1 5 3 -5 -6 11 -8 8 13 10 -12 -13 -14 -15
leaf_value=0.036656741091736132 -0.012526692428349251 0.026690574513477342 -0.035400584387876161 0.0105143196840322 0.012893611848917528 0.04204145107657286 -0.0046604523047551394 0.025331004047144924 -0.0045426298090233495 0.0071526519616098936 -0.03531791965912251 -0.0041649057247871895 -0.048648051745744034 0.037008390575778635
leaf_weight=23.183411985635757 170.47907153144479 61.339641779661179 138.82212562114 44.175567511469126 171.78800233453512 51.567160129547119 277.54585799202323 7.8989318609237671 11.793365374207495 90.569161411374807 58.070663038641214 19.581021085381508 12.760540574789049 78.829472973942757
leaf_count=27 737 96 659 169 578 55 799 12 25 300 301 47 48 89
internal_value=0 -0.00203322 -0.00829789 -0.0242093 0.000173915 0.00594363 0.000986242 0.00669456 0.0217178 -0.00295405 -0.00936844 0.0291053 -0.0194875 0.0313863
internal_weight=1218.4 935.298 525.265 182.998 342.267 410.034 338.885 283.106 111.282 171.823 148.64 71.1482 20.6595 90.6228
internal_count=3942 3140 2143 828 1315 997 895 802 174 628 601 102 60 114
is_linear=0
shrinkage=0.04


Tree=119
num_leaves=15
num_cat=0
split_feature=6 6 5 3 12 6 18 10 23 10 6 6 24 19
split_gain=10.5197 23.6262 41.3947 45.8369 30.8645 26.228 21.9941 7.45433 19.6629 16.5783 6.8684 14.4893 4.06755 3.48886
threshold=0.031385000000000003 0.010130000000000002 57.085000000000008 9071.6100000000024 24.500000000000004 0.0055500000000000011 0.73354500000000011 -861.14999999999998 3.5000000000000004 -43.554999999999993 0.037915000000000011 0.054325000000000005 0.053274075000000011 6.0500000000000007
decision_type=10 10 8 8 10 10 8 10 10 10 10 10 10 10
left_child=1 4 -3 -4 6 -6 -1 10 12 -10 13 -12 -9 -2
right_child=7 2 3 -5 5 -7 -8 8 9 -11 11 -13 -14 -15
leaf_value=-0.0083098832004488386 0.037980835604794788 0.030586321208526456 -0.0071996007961139842 -0.051052789240055754 -0.018765921926662838 0.030421613432995345 0.0060578486015703406 -0.018907454344458074 -0.032942706779011378 0.014313695364729357 -0.017239482375017798 0.020266914704515752 -0.075320304137332247 0.011345637058323437
leaf_weight=371.62524586170912 24.862394779920578 28.44936540722847 126.3957320638001 55.132044155150652 20.57879427075386 89.768095433712006 312.96651852503419 5.8652326315641385 13.517625853419302 72.861555986106396 24.285119466483593 47.039049401879311 5.136337473988533 15.981797888875006
leaf_count=1876 31 35 357 267 60 114 817 17 38 133 62 81 24 30
internal_value=0 -0.00170194 -0.0136277 -0.0207318 0.00142959 0.0210248 -0.00171274 0.0081404 0 0.00654123 0.0151459 0.00718682 -0.0491134 0.0283058
internal_weight=1214.46 1004.92 209.977 181.528 794.939 110.347 684.592 209.549 97.3808 86.3792 112.168 71.3242 11.0016 40.8442
internal_count=3942 3526 659 624 2867 174 2693 416 212 171 204 143 41 61
is_linear=0
shrinkage=0.04


Tree=120
num_leaves=14
num_cat=0
split_feature=20 23 18 18 4 10 0 20 4 5 1 5 17
split_gain=10.2521 22.6174 28.5305 23.6568 21.0669 31.3583 16.8556 15.3038 25.1213 18.5969 15.221 17.0463 14.3392
threshold=3.5000000000000004 1.0000000180025095e-35 2.5526250000000004 1.7255800000000001 1.8080000000000003 -43.554999999999993 0.32800000000000007 2.5000000000000004 0.29450000000000004 56.945000000000007 5518.8500000000013 57.235000000000007 11.500000000000002
decision_type=8 8 10 10 8 10 8 10 10 8 8 10 8
left_child=4 10 3 -3 7 6 -6 9 -9 -1 -2 -12 -7
right_child=1 2 -4 -5 5 12 -8 8 -10 -11 11 -13 -14
leaf_value=-0.050706632674708221 -0.027854038702140871 -0.0066678860295110633 -0.07072194290141047 0.012287513366869032 0.020939459388909804 0.018044626199203554 -0.03808829490080487 -0.030088158305773154 0.033164107446056183 0.0084919072795002319 -0.00097071692440528728 0.042994174682786233 -0.015511672198350129
leaf_weight=8.5958902724087221 8.576180234551428 634.01380810141563 9.7830334641039354 125.27703929692507 8.3711532130837423 68.19772582501173 49.204730615019798 10.687977589666842 83.429702792316675 117.57489556819201 20.941304136067629 37.747516591101885 27.943954110145569
leaf_count=80 28 2082 52 274 17 170 289 55 202 366 81 47 199
internal_value=0 -0.00246381 -0.00443442 -0.00350804 0.00549868 -0.00576458 -0.0290553 0.013444 0.0256488 0.00411665 0.0196384 0.0270931 0.00805461
internal_weight=1210.34 836.339 769.074 759.291 374.006 153.718 57.5759 220.288 94.1177 126.171 67.265 58.6888 96.1417
internal_count=3942 2564 2408 2356 1378 675 306 703 257 446 156 128 369
is_linear=0
shrinkage=0.04


Tree=121
num_leaves=10
num_cat=0
split_feature=4 1 1 18 15 5 6 24 2
split_gain=10.1071 11.7629 14.9202 25.4211 19.3482 9.96211 18.6075 12.6237 4.88012
threshold=28.019000000000002 1207.45 1689.0400000000002 0.50620500000000013 0.68350000000000011 57.385000000000012 0.014350000000000002 0.27582853500000004 207.32000000000002
decision_type=10 8 8 10 10 10 8 10 10
left_child=1 5 3 -3 -4 7 -7 -1 -2
right_child=8 2 4 -5 -6 6 -8 -9 -10
leaf_value=0.026821708435272252 -0.048918811715788935 0.0016071700759544005 0.00040656055315620431 -0.07130333709104146 -0.060995737908226468 -0.053748989743756595 0.01267824091156208 -0.011996974712394507 0
leaf_weight=70.054663307964802 9.4361779019236547 17.589044950902466 1038.8144022189081 12.35018979012966 7.7755367197096339 8.9780257865786535 22.26938130706549 15.452597476541994 5.5180836506187907
leaf_count=121 74 51 3422 55 45 34 38 79 23
internal_value=0 0.000411161 -0.000881515 -0.0284892 -5.94297e-05 0.0124537 -0.00632362 0.019545 -0.0321457
internal_weight=1208.24 1193.28 1076.53 29.9392 1046.59 116.755 31.2474 85.5073 14.9543
internal_count=3942 3845 3573 106 3467 272 72 200 97
is_linear=0
shrinkage=0.04


Tree=122
num_leaves=9
num_cat=0
split_feature=4 4 22 19 22 10 22 4
split_gain=9.93361 11.9782 33.8937 31.297 20.8121 31.2616 25.3904 7.51369
threshold=0.018500000000000003 0.17950000000000002 16.250000000000004 14.65 17.950000000000003 -26774.254999999997 16.750000000000004 0.13350000000000004
decision_type=8 8 10 8 10 10 10 10
left_child=-1 2 3 -2 6 -6 -3 -4
right_child=1 4 7 -5 5 -7 -8 -9
leaf_value=-0.045401911124724137 0.015342221223798705 0.00059003664351457783 0.0093853794419195315 -0.052879541578402328 0.017757679512057655 -0.017490510879014962 0.032651698537578613 0.051285984188864639
leaf_weight=7.1645907983183852 29.348981417715549 813.1948273666203 10.780509173870085 16.15695284307003 48.807275824248791 210.24110252037644 41.133028868585825 30.008535131812096
leaf_count=59 66 2390 34 95 107 1048 101 42
internal_value=0 0.000280612 0.0146053 -0.00875675 -0.000817764 -0.0107509 0.00217529 0.0409438
internal_weight=1206.84 1199.67 86.295 45.5059 1113.38 259.048 854.328 40.789
internal_count=3942 3883 237 161 3646 1155 2491 76
is_linear=0
shrinkage=0.04


Tree=123
num_leaves=15
num_cat=0
split_feature=2 24 20 20 24 24 0 2 18 6 23 19 23 2
split_gain=10.0235 25.5011 21.444 28.6113 20.1309 49.3432 32.2733 21.9517 40.8743 18.6876 17.2393 10.1071 12.282 7.73243
threshold=237.32000000000002 0.075136645000000016 10.500000000000002 4.5000000000000009 0.066341060000000021 0.022083955000000006 1.6120000000000003 145.20500000000001 0.73354500000000011 0.0055500000000000011 18.500000000000004 0.55000000000000016 14.500000000000002 263.64000000000004
decision_type=10 10 10 10 8 10 10 8 8 10 10 10 8 10
left_child=4 11 3 -3 5 9 -7 10 -9 -1 -6 12 -2 -13
right_child=1 2 -4 -5 7 6 -8 8 -10 -11 -12 13 -14 -15
leaf_value=-0.040904224988153229 -0.038943389659056415 0.0037961192116730169 0.035314527449855991 -0.039448527683390272 0.016478849830530194 -0.043147637567983302 0.021900608196355593 -0.013557960855145375 0.0077535098659980142 0.0096477052092406902 -0.025866599907663389 0.049732893120846312 0.030947560594469806 0.020347450766204575
leaf_weight=12.491213422268627 7.7707071751356098 72.527374893426895 18.694612681865692 35.881415784358978 180.37142657488585 82.953166890889406 13.541547313332556 279.89094476401806 294.56743987649679 111.09775909408927 16.024435117840767 24.051163554191589 7.1969646662473687 47.80900152400136
leaf_count=61 32 200 24 129 427 343 23 1533 750 225 66 23 11 95
internal_value=0 0.00783447 -0.00344916 -0.0104489 -0.0017032 -0.0123673 -0.0337471 0.00132157 -0.00259796 0.00423299 0.0128653 0.0245063 -0.00413036 0.0307347
internal_weight=1204.87 213.931 127.103 108.409 990.938 220.084 96.4947 770.854 574.458 123.589 196.396 86.8278 14.9677 71.8602
internal_count=3942 514 353 329 3428 652 366 2776 2283 286 493 161 43 118
is_linear=0
shrinkage=0.04


Tree=124
num_leaves=13
num_cat=0
split_feature=0 0 0 10 0 24 3 1 4 1 11 22
split_gain=9.76347 21.6534 18.4756 19.2102 18.6627 19.7863 17.5205 14.9589 7.48602 5.90519 4.51538 3.26044
threshold=1.8995000000000002 5.089500000000001 1.4945000000000002 440.24500000000006 1.2115000000000002 0.16220795000000002 10951.710000000001 17401.995000000006 4.9745000000000008 8065.6950000000006 9432.7300000000014 6.6500000000000012
decision_type=10 8 10 8 10 10 10 8 10 10 8 10
left_child=2 8 4 9 5 -1 -6 11 10 -4 -2 -3
right_child=1 7 3 -5 6 -7 -8 -9 -10 -11 -12 -13
leaf_value=-0.0021958718246334044 -0.062708838040913581 0 0.014078541464099894 -0.02772379939855792 -0.054546335635646301 0.011213139817735265 -0.00014655321856012676 0.049242407788838247 0 0.046418056676206909 0 -0.038523364862151979
leaf_weight=843.22150314413011 16.419157095253468 6.1569417417049426 17.512239672243595 8.9032978415489179 18.895709749311209 221.79702895879745 19.979397065937519 8.7933231294155103 4.5554090291261664 27.040081709623337 2.205966651439673 5.5548298433423042
leaf_count=2971 93 19 33 30 104 560 56 7 13 27 6 23
internal_value=0 -0.0184584 0.000699767 0.023561 -0.000399335 0.000581823 -0.027453 0.0106207 -0.044707 0.0344476 -0.0556872 -0.017568
internal_weight=1201.03 43.6856 1157.35 53.4556 1103.89 1065.02 38.8751 20.5051 23.1805 44.5523 18.6251 11.7118
internal_count=3942 161 3781 90 3691 3531 160 49 112 60 99 42
is_linear=0
shrinkage=0.04


Tree=125
num_leaves=13
num_cat=0
split_feature=18 11 0 21 5 11 23 18 23 20 16 5
split_gain=9.76693 30.7146 18.3768 17.1736 29.2772 25.249 23.5109 27.4368 17.7941 13.0082 12.1527 6.7361
threshold=0.081500000000000017 1630.3950000000002 1.0005000000000002 4.5000000000000009 57.205000000000005 495.29500000000007 1.0000000180025095e-35 2.5526250000000004 11.500000000000002 11.500000000000002 15.500000000000002 57.275000000000013
decision_type=8 10 8 8 10 10 8 10 10 10 10 10
left_child=1 10 11 4 8 -6 9 -8 -2 -5 -1 -3
right_child=3 2 -4 6 5 -7 7 -9 -10 -11 -12 -13
leaf_value=-0.046649685860798179 0.0043113345282001737 0.041088502129796201 -0.039458786609634033 0.028265952702449901 0.0078230855864513758 -0.037046049182869897 -0.0025266015134679633 -0.068804573934439367 0.046354094962247655 -0.022435848825305867 0.031644291860091253 0
leaf_weight=33.888837249949574 26.34698248654604 18.652064971625808 7.8193206116557112 57.706268362700939 125.48963505029678 23.350576508790255 829.71212845295668 9.6476563923060876 46.5489152520895 8.5774783194065076 2.8366224914789191 8.727476239204405
leaf_count=431 87 37 101 127 323 107 2539 52 69 29 4 36
internal_value=0 -0.0142451 0.0119599 0.000908331 0.0108835 0.000549471 -0.00151657 -0.00335273 0.0315638 0.0212865 -0.0397213 0.0278062
internal_weight=1199.3 71.9243 35.1989 1127.38 221.736 148.84 905.644 839.36 72.8959 66.2837 36.7255 27.3795
internal_count=3942 609 174 3333 586 430 2747 2591 156 156 435 73
is_linear=0
shrinkage=0.04


Tree=126
num_leaves=13
num_cat=0
split_feature=19 10 9 0 11 4 23 0 6 16 21 12
split_gain=9.62609 23.4739 18.0675 14.7144 25.3567 20.177 20.0857 14.3167 12.7016 11.5433 7.52984 6.81143
threshold=63.950000000000003 1805.4200000000003 1.0000000180025095e-35 0.39850000000000008 -1764.7249999999997 15.104500000000002 4.5000000000000009 0.55150000000000021 0.031225000000000006 6.5000000000000009 22.500000000000004 22.000000000000004
decision_type=10 10 10 8 10 10 10 8 10 10 10 10
left_child=3 2 8 4 11 7 -6 -5 -2 -4 -7 -1
right_child=1 -3 9 5 6 10 -8 -9 -10 -11 -12 -13
leaf_value=0.046600474640133747 -0.027372373612988016 0.022006965477721376 -0.070200138153725181 -0.036317942991469496 0.025638516162863778 -0.063883351162571725 -0.068615572748857434 0.0011609745812981073 0.02981628187472404 0 -0.01094508881468197 0.011614060650096767
leaf_weight=28.928679972887039 16.24299838766456 18.85292761772871 17.613898105919365 16.051705986261368 5.8399240821599943 9.9983029048889893 7.5021442770957947 1036.3908276818693 9.2087790220975858 4.4398243948817244 9.5207190662622434 15.866496846079825
leaf_count=31 57 38 84 63 8 66 46 3450 11 16 41 31
internal_value=0 -0.0147556 -0.029839 0.000864393 0.0203786 -0.000184309 -0.0264791 0.000553383 -0.00573432 -0.0560272 -0.0399792 0.0349148
internal_weight=1196.46 66.3584 47.5055 1130.1 58.1372 1071.96 13.3421 1052.44 25.4518 22.0537 19.519 44.7952
internal_count=3942 206 168 3736 116 3620 54 3513 68 100 107 62
is_linear=0
shrinkage=0.04


Tree=127
num_leaves=6
num_cat=0
split_feature=11 4 22 6 21
split_gain=9.53004 12.5103 11.3693 25.1073 24.7737
threshold=-140281.28999999995 0.033000000000000008 8.3500000000000032 -0.005474999999999999 20.500000000000004
decision_type=8 8 8 8 10
left_child=-1 -2 3 -3 -4
right_child=1 2 4 -5 -6
leaf_value=0.027052291536556815 -0.045482082147003167 -0.053663342346463867 0.0028112055824423433 0.0057227066054503298 -0.013015357437949904
leaf_weight=19.964663967490196 9.3034235425293428 11.10577481985092 386.79746130667627 502.26273284852505 265.5050303414464
leaf_count=32 85 55 1527 1220 1023
internal_value=0 -0.000480571 -8.49093e-05 0.00434811 -0.00360504
internal_weight=1194.94 1174.97 1165.67 513.369 652.302
internal_count=3942 3910 3825 1275 2550
is_linear=0
shrinkage=0.04


Tree=128
num_leaves=14
num_cat=0
split_feature=18 10 10 6 20 23 18 24 0 5 3 10 24
split_gain=9.53861 24.1122 54.4568 25.0143 17.2005 19.5289 25.5021 18.0402 25.6252 19.045 14.2694 12.3872 4.58739
threshold=0.14275000000000002 -793.52499999999986 -677.8499999999998 1.0000000180025095e-35 3.5000000000000004 1.0000000180025095e-35 2.5526250000000004 0.16220795000000002 1.1700000000000002 57.395000000000003 15690.290000000003 155.67000000000004 0.016585010000000001
decision_type=8 10 10 10 8 8 10 8 10 10 10 10 8
left_child=1 10 -3 -4 7 11 -7 9 -9 -2 12 -6 -1
right_child=4 2 3 -5 5 6 -8 8 -10 -11 -12 -13 -14
leaf_value=-0.0042703939258936455 0.0090383969967955131 0.12238487076643743 -0.030392623125257846 0.010656966690618393 0.028012181856615536 -0.0025151988297837575 -0.066994226943473664 0.026548070270953655 -0.039174774736819309 -0.026100944942033119 0.01485189250291199 -0.014985189281517914 -0.049053648611577259
leaf_weight=5.3469395823776713 92.95401306450367 5.1166434660553923 38.986764444038272 58.311899721622467 52.320178933441639 719.8228608071804 9.4850418046116811 115.54777613282204 9.6664657294750196 33.02360687404871 7.3000633232295504 12.452321715652941 32.82651636749506
leaf_count=34 200 11 490 240 85 2073 52 215 37 93 25 51 336
internal_value=0 -0.00950117 0.00110812 -0.00565805 0.00133592 -0.00152934 -0.00342651 0.0104582 0.0211796 -8.16219e-05 -0.0335826 0.0193882 -0.0434343
internal_weight=1193.16 147.889 102.415 97.2987 1045.27 794.08 729.308 251.192 125.214 125.978 45.4735 64.7725 38.1735
internal_count=3942 1136 741 730 2806 2261 2125 545 252 293 395 136 370
is_linear=0
shrinkage=0.04


Tree=129
num_leaves=6
num_cat=0
split_feature=4 0 15 13 24
split_gain=9.11073 9.39119 12.8389 10.909 0.376896
threshold=84.881500000000003 0.12800000000000003 0.70150000000000012 1.0000000180025095e-35 0.15528338500000002
decision_type=10 8 10 10 8
left_child=1 -1 3 -3 -4
right_child=-2 2 4 -5 -6
leaf_value=0.031677932358290799 -0.04505347076777514 -0.00087580599229040231 -0.062466459581328931 0.013743257179732443 -0.023684953466155078
leaf_weight=14.532924488186834 6.6426584199070922 1072.978932114318 4.2580404281616184 87.846186827868223 4.0330771356821069
leaf_count=20 58 3595 19 227 23
internal_value=0 0.000258104 -0.000128742 0.00021872 -0.0482969
internal_weight=1190.29 1183.65 1169.12 1160.83 8.29112
internal_count=3942 3884 3864 3822 42
is_linear=0
shrinkage=0.04


Tree=130
num_leaves=10
num_cat=0
split_feature=21 4 21 11 20 18 11 21 4
split_gain=9.08208 27.4125 17.9112 13.9707 13.6723 12.0259 33.9868 24.9159 3.68888
threshold=170.50000000000003 1.3495000000000001 144.50000000000003 -103100.20499999999 6.5000000000000009 1.2835750000000001 6940.130000000001 122.50000000000001 0.69050000000000011
decision_type=10 10 10 10 10 10 10 10 10
left_child=2 8 5 -4 -3 7 -7 -1 -2
right_child=1 4 3 -5 -6 6 -8 -9 -10
leaf_value=-0.0010613798104719227 0.018715612511925189 0.020302915538288922 0.0056877740939138997 -0.059320703467141557 -0.055185229673578688 0.014181327985651056 -0.057944719800092408 -0.058073995770417185 0.048772045381340279
leaf_weight=931.31205878965557 15.561962887644766 5.3542916327714911 7.3396370559930828 14.105328686535357 9.6475903987884504 164.69570228084922 10.585237786173819 11.951787624508141 19.085212305188179
leaf_count=3259 30 10 13 84 51 337 62 81 15
internal_value=0 0.016644 -0.00074843 -0.0365372 -0.0271669 -2.83886e-05 0.00955942 -0.00183534 0.0362994
internal_weight=1189.64 49.6491 1139.99 21.445 15.0019 1118.54 175.281 943.264 34.6472
internal_count=3942 106 3836 97 61 3739 399 3340 45
is_linear=0
shrinkage=0.04


Tree=131
num_leaves=9
num_cat=0
split_feature=4 4 22 8 22 0 22 22
split_gain=8.98369 10.8735 31.442 29.2264 18.865 29.3888 23.4561 6.47914
threshold=0.018500000000000003 0.17950000000000002 16.250000000000004 0.68050000000000022 17.950000000000003 0.91550000000000009 16.750000000000004 20.450000000000003
decision_type=8 8 10 10 10 8 10 10
left_child=-1 2 3 -2 6 -6 -3 -4
right_child=1 4 7 -5 5 -7 -8 -9
leaf_value=-0.044535181576968501 -0.056320671710946575 0.00052636261873014931 0.060051537587984968 0.012561365203726806 0.019448392562836911 -0.016571924595318716 0.031579631339445226 0.024244178235769999
leaf_weight=6.7087969109415999 13.796716175973414 802.47134158760309 15.969022922217844 30.540194950997829 42.854199156165123 210.42956243827939 40.497622013092041 24.294999940320849
leaf_count=59 94 2390 21 67 109 1046 101 55
internal_value=-1.01796e-06 0.000253807 0.0140402 -0.00881625 -0.000797806 -0.0103724 0.00205976 0.0394987
internal_weight=1187.56 1180.85 84.6009 44.3369 1096.25 253.284 842.969 40.264
internal_count=3942 3883 237 161 3646 1155 2491 76
is_linear=0
shrinkage=0.04


Tree=132
num_leaves=13
num_cat=0
split_feature=19 10 24 0 11 23 4 23 6 12 12 8
split_gain=8.95607 21.9822 16.8965 12.699 23.571 18.707 18.4622 14.7105 10.3292 7.33113 6.48453 3.15824
threshold=63.950000000000003 1805.4200000000003 0.069019860000000016 0.39850000000000008 -1764.7249999999997 4.5000000000000009 15.104500000000002 5.5000000000000009 0.031225000000000006 26.500000000000004 22.000000000000004 0.99950000000000017
decision_type=10 10 10 8 10 10 10 8 10 10 10 10
left_child=3 2 11 4 10 -6 7 -5 -4 -8 -1 -2
right_child=1 -3 8 6 5 -7 9 -9 -10 -11 -12 -13
leaf_value=0.045265317998233308 -0.069048682744494314 0.021279964050924777 -0.022141424821857089 -0.0069967652954242929 0.024428923439338068 -0.067326123273230593 -0.054654954527654967 0.0035506374959029747 0.03292347779987892 0 0.01068911924160755 -0.022159161767864359
leaf_weight=27.780772924423218 13.623459089547397 18.776953019201756 21.573469534516338 293.58608399890363 5.720300689339636 7.3529105558991432 13.210541529580953 750.95186812244356 6.5616325139999381 5.8425490111112586 15.570101909339426 5.2070692218840113
leaf_count=31 63 38 80 1031 8 46 94 2482 8 13 31 17
internal_value=0 -0.0143065 -0.0290297 0.000829706 0.019239 -0.0262834 -0.000136703 0.000565034 -0.00825017 -0.0386612 0.0335663 -0.0580258
internal_weight=1185.76 65.7426 46.9656 1120.02 56.4241 13.0732 1063.59 1044.54 28.1351 19.0531 43.3509 18.8305
internal_count=3942 206 168 3736 116 54 3620 3513 88 107 62 80
is_linear=0
shrinkage=0.04


Tree=133
num_leaves=15
num_cat=0
split_feature=18 11 4 4 23 21 24 11 10 5 19 23 4 22
split_gain=8.89092 23.2152 19.1156 57.5847 15.6275 31.3616 24.5827 21.1158 26.5012 24.6531 11.8421 10.3761 9.31338 0.0711151
threshold=0.14275000000000002 1630.3950000000002 1.4470000000000003 1.4940000000000002 20.500000000000004 191.50000000000003 0.020938225000000001 2027.0550000000003 1438.0450000000003 56.865000000000002 45.050000000000004 18.500000000000004 5.1915000000000004 24.750000000000004
decision_type=8 8 10 10 10 10 10 10 10 10 10 8 8 10
left_child=1 2 10 -4 7 6 -6 8 -2 -9 -1 12 -3 -7
right_child=4 11 3 -5 5 13 -8 9 -10 -11 -12 -13 -14 -15
leaf_value=-0.038994077070981417 -0.00019706710015074993 0.026911053506691353 0.095490002220805364 -0.027384027028939783 0.031445468521538213 -0.066327467850748972 -0.0049875877266882494 0.028244324249450607 0.027554392756634006 -0.021671548860054762 0.013394590255711941 -0.037226260167946189 -0.021362798682904059 -0.030705710813065227
leaf_weight=58.237434351816773 702.84182333946228 38.173003610223532 7.8061962127685574 22.322026839479804 86.254676781594753 4.9640505462884885 43.498476289212704 17.476313658058643 59.116301819682121 119.5047515463084 6.9619947262108317 5.2634260952472678 6.8053645901381961 4.8673508614301682
leaf_count=641 1899 127 13 199 149 24 113 42 104 458 28 67 61 17
internal_value=0 -0.00925686 -0.0208944 0.00483866 0.00128245 0.0137158 0.0191058 -0.000632477 0.00194645 -0.0150781 -0.0330362 0.0124181 0.0190127 -0.0529672
internal_weight=1184.09 145.569 95.3277 30.1282 1038.52 139.585 129.753 898.939 761.958 136.981 65.1994 50.2418 44.9784 9.8314
internal_count=3942 1136 881 212 2806 303 262 2503 2003 500 669 255 188 41
is_linear=0
shrinkage=0.04


Tree=134
num_leaves=15
num_cat=0
split_feature=6 6 5 2 1 17 5 12 5 6 6 22 18 2
split_gain=9.10766 27.8524 41.2581 36.4983 34.1791 24.3195 46.9589 23.463 24.0568 34.5986 22.2057 21.6578 14.7988 11.1075
threshold=0.010130000000000002 0.029630000000000004 57.395000000000003 247.03500000000003 11369.895000000002 3.5000000000000004 57.205000000000005 24.500000000000004 57.085000000000008 0.0015200000000000003 0.0055500000000000011 2.7500000000000004 0.3077950000000001 53.350000000000001
decision_type=8 8 8 10 10 8 10 10 10 10 10 8 8 10
left_child=7 2 4 -4 -2 11 -7 8 -1 -10 12 -3 -9 -12
right_child=1 5 3 -5 -6 6 -8 10 9 -11 13 -13 -14 -15
leaf_value=0.035154375513178897 0.0071930310667382589 0.024963488345364319 -0.067507506042768034 0.0028456291626794989 -0.043801705447321988 -0.038645799833540502 0.013071472868141499 0.024340400899187431 0.0063904874589137371 -0.033625596408470147 -0.0052546463864959923 0.0018328108640415428 -0.043358720700693479 0.035083680559630126
leaf_weight=22.141161218285561 99.486265208572149 73.496940936893225 36.633279621601105 16.454460609704256 26.049551859498024 62.31689721904695 49.702957885339856 7.8401533365249634 87.474764250218868 55.900876455008984 11.60933408141136 543.23610932566226 12.317708820104601 76.497506678104401
leaf_count=27 297 116 152 37 122 504 241 12 300 301 25 1671 48 89
internal_value=-2.74399e-06 -0.00194942 -0.0160908 -0.0455054 -0.00336183 0.00149798 -0.0155651 0.00636789 -0.00300196 -0.00913505 0.0208245 0.00463972 -0.016108 0.0295432
internal_weight=1181.16 907.376 178.624 53.0877 125.536 728.753 112.02 273.782 165.517 143.376 108.265 616.733 20.1579 88.1068
internal_count=3942 3140 608 189 419 2532 745 802 628 601 174 1787 60 114
is_linear=0
shrinkage=0.04


Tree=135
num_leaves=11
num_cat=0
split_feature=22 20 22 4 2 1 1 14 14 1
split_gain=8.96678 17.7818 16.5289 19.1054 17.1411 12.8364 17.991 12.8952 11.2251 10.4643
threshold=0.75000000000000011 14.500000000000002 2.6500000000000008 0.53800000000000014 233.76500000000001 1207.45 1689.0400000000002 1.0000000180025095e-35 1.0000000180025095e-35 8023.170000000001
decision_type=8 10 8 10 8 8 8 10 8 10
left_child=1 9 3 8 -5 7 -7 -4 -2 -1
right_child=2 -3 5 4 -6 6 -8 -9 -10 -11
leaf_value=-0.061949906529861404 0.011609152446730551 0.034526768267696024 -0.011334851240972218 -0.0026153720972659934 0.034831497985634445 -0.036520835475717627 -0.0015769002867574065 0.019935402246267098 -0.06098339750838655 0.0060047946255248367
leaf_weight=13.077046871185308 5.270812347531316 5.3783165365457526 27.115364298224449 27.525462314486504 59.399884544312954 23.780249647796154 922.34168253466487 81.879851341247559 7.0312981642782697 4.1340854167938224
leaf_count=72 11 5 108 70 76 95 3282 167 46 10
internal_value=-1.86837e-06 -0.0247001 0.000474619 0.0160519 0.0227978 -0.000978295 -0.00249515 0.0119572 -0.0290804 -0.0447893
internal_weight=1176.93 22.5894 1154.34 99.2275 86.9253 1055.12 946.122 108.995 12.3021 17.2111
internal_count=3942 87 3855 203 146 3652 3377 275 57 82
is_linear=0
shrinkage=0.04


Tree=136
num_leaves=8
num_cat=0
split_feature=6 6 0 19 6 1 19
split_gain=8.74551 18.4006 11.675 11.4508 23.8506 12.7833 9.91536
threshold=0.086185000000000025 0.067275000000000015 0.81950000000000001 4.9500000000000011 0.0055500000000000011 5748.5700000000006 4.7500000000000009
decision_type=10 10 10 8 8 8 10
left_child=1 3 -3 5 -5 -1 -2
right_child=6 2 -4 4 -6 -7 -8
leaf_value=0.013818960587757676 -0.0079394998969974408 -0.0020882160034251074 -0.081804843158960389 -0.032080620432625134 -0.00089755214780737086 -0.0029278901345128269 0.035420397042006432
leaf_weight=170.32631947100163 12.109794326126574 5.8882351219654065 6.7522712647914886 40.902995768934488 792.65781079791486 124.10456623136997 22.311661958694458
leaf_count=405 31 17 29 190 2826 411 33
internal_value=-2.59355e-06 -0.000623005 -0.0476854 -5.6997e-05 -0.00247 0.00669924 0.019698
internal_weight=1175.05 1140.63 12.6405 1127.99 833.561 294.431 34.4215
internal_count=3942 3878 46 3832 3016 816 64
is_linear=0
shrinkage=0.04


Tree=137
num_leaves=15
num_cat=0
split_feature=6 6 5 2 1 17 5 12 5 22 6 22 18 2
split_gain=8.87837 25.7262 38.3906 33.2626 31.5143 22.2178 44.3132 21.7905 22.2075 33.179 19.9778 19.2587 13.6645 10.4135
threshold=0.010130000000000002 0.029630000000000004 57.395000000000003 247.03500000000003 11369.895000000002 3.5000000000000004 57.205000000000005 24.500000000000004 57.085000000000008 4.7500000000000009 0.0055500000000000011 2.7500000000000004 0.3077950000000001 53.350000000000001
decision_type=8 8 8 10 10 8 10 10 10 10 10 8 8 10
left_child=7 2 4 -4 -2 11 -7 8 -1 -10 12 -3 -9 -12
right_child=1 5 3 -5 -6 6 -8 10 9 -11 13 -13 -14 -15
leaf_value=0.034233597875614058 0.0068428697302644779 0.023790241188056553 -0.06510979495945779 0.0022390022289327759 -0.042303957793448817 -0.037820438924817006 0.012682000070204315 0.023949621981691652 -0.059849402649564259 -0.0012090304154242231 -0.0049390000363124008 0.0017634891760606023 -0.041362389248192563 0.034071277000448756
leaf_weight=21.788895353674889 99.344776507467031 71.918090049177408 36.379997722804546 16.334875643253326 25.809428501874208 60.977889209985733 49.6084422506392 7.8035044521093369 17.24074462428689 125.28973070532084 11.634759292006491 542.10448473319411 12.132279314100744 75.556426048278809
leaf_count=27 297 116 152 37 122 504 241 12 103 498 25 1671 48 89
internal_value=-5.36894e-06 -0.00193055 -0.0155482 -0.0440395 -0.00326108 0.001393 -0.0150302 0.00631354 -0.00273528 -0.00862653 0.0203273 0.0043932 -0.014858 0.0286392
internal_weight=1173.92 902.478 177.869 52.7149 125.154 724.609 110.586 271.446 164.319 142.53 107.127 614.023 19.9358 87.1912
internal_count=3942 3140 608 189 419 2532 745 802 628 601 174 1787 60 114
is_linear=0
shrinkage=0.04


Tree=138
num_leaves=13
num_cat=0
split_feature=18 11 0 21 4 6 5 14 4 12 16 5
split_gain=8.72474 26.58 15.6341 14.6544 28.21 41.9735 22.1622 21.647 36.3564 35.989 11.2552 6.10211
threshold=0.081500000000000017 1630.3950000000002 1.0005000000000002 4.5000000000000009 0.51000000000000012 0.03271000000000001 57.185000000000009 1.0000000180025095e-35 1.4470000000000003 24.500000000000004 15.500000000000002 57.275000000000013
decision_type=8 10 8 8 8 10 10 10 10 10 10 10
left_child=1 10 11 4 5 -2 -6 9 -9 -5 -1 -3
right_child=3 2 -4 7 6 -7 -8 8 -10 -11 -12 -13
leaf_value=-0.04619479858294933 -0.060883499926214307 0.03844701859035346 -0.038728630079212747 -0.0012671777441971908 0.036721140617966212 0.030727185060484361 0.0065955767392227617 -0.026978156597126667 0.0039054561715547321 0.026629278925533677 0.030772850505314951 -0.0007504212552174595
leaf_weight=30.78811496309936 19.286365013569597 17.912268944084648 7.1633242554962626 561.87578101456165 57.985880382359028 12.711182229220865 125.37596955522895 121.98821227625012 119.32024747878313 84.546161860227585 2.7022099196910849 8.1818572729825956
leaf_count=431 111 37 101 1972 114 22 339 392 268 115 4 36
internal_value=-6.41585e-06 -0.0140111 0.0108003 0.000828847 0.010188 -0.0239624 0.0163051 -0.00142358 -0.0116479 0.00236827 -0.0390348 0.0256215
internal_weight=1169.84 66.7478 33.2575 1103.09 215.359 31.9975 183.362 887.73 241.308 646.422 33.4903 26.0941
internal_count=3942 609 174 3333 586 133 453 2747 660 2087 435 73
is_linear=0
shrinkage=0.04


Tree=139
num_leaves=11
num_cat=0
split_feature=21 4 21 4 20 18 11 21 4 4
split_gain=8.5546 25.0228 16.5796 13.5447 12.8342 11.2038 29.7386 23.2338 3.68963 3.38224
threshold=170.50000000000003 1.3495000000000001 144.50000000000003 1.8950000000000002 6.5000000000000009 1.2835750000000001 6940.130000000001 122.50000000000001 0.69050000000000011 0.20200000000000004
decision_type=10 10 10 10 10 10 10 10 10 10
left_child=2 8 5 9 -3 7 -7 -1 -2 -4
right_child=1 4 3 -5 -6 6 -8 -9 -10 -11
leaf_value=-0.0010527548919870172 0.017554472973036427 0.019947623125428884 -0.014805592980563522 0.014367911922103616 -0.053645139321996577 0.013560470796442174 -0.055937578227759577 -0.057139460987940593 0.047904351823324254 -0.066484377475828291
leaf_weight=913.19105131551623 15.020988985896109 5.3248581439256659 4.1896453797817257 5.5534861907362929 9.3601272255182248 162.29818779602647 9.9084945358335954 11.496072253212331 18.706803530454636 11.250839974731205
leaf_count=3259 30 10 23 13 51 337 62 81 15 61
internal_value=-5.01851e-06 0.0163515 -0.000738252 -0.0355311 -0.0258647 -3.82249e-05 0.00929549 -0.00180217 0.035426 -0.0546207
internal_weight=1166.3 48.4128 1117.89 20.994 14.685 1096.89 172.207 924.687 33.7278 15.4405
internal_count=3942 106 3836 97 61 3739 399 3340 45 84
is_linear=0
shrinkage=0.04


Tree=140
num_leaves=15
num_cat=0
split_feature=24 23 5 24 2 20 4 0 4 2 2 2 11 18
split_gain=8.52551 17.965 17.0109 15.6107 43.0654 24.7452 17.0636 22.772 22.6377 14.2118 16.2887 10.6367 7.37595 3.34723
threshold=0.020938225000000001 4.5000000000000009 58.115000000000002 0.054121440000000014 237.32000000000002 7.5000000000000009 6.3500000000000005 0.34500000000000003 5.5965000000000016 112.87000000000002 70.300000000000026 259.96000000000009 -4500.1649999999991 0.14868000000000003
decision_type=8 10 8 8 10 10 10 8 10 10 10 10 10 10
left_child=1 2 13 4 5 -2 8 -8 -5 10 -3 -6 -11 -1
right_child=3 9 -4 6 11 -7 7 -9 -10 12 -12 -13 -14 -15
leaf_value=-0.0033497449461762606 -0.045243208028281315 0.012826662422250978 0.0083860856153102955 0.00068851676119365966 0.047135973671664749 -0.0012764264773757817 0.01716624135782353 -0.042128244107670118 0.037122179203829854 0.010957578521935882 -0.045186593170352632 0.0037075429296593793 0.041199778597752063 -0.063744503451743262
leaf_weight=2.6287865117192295 57.616998858749866 34.068525269627571 15.410538107156752 827.47164906747639 14.0663855522871 33.148241713643074 14.453990902751682 31.351251410320401 27.779189117252827 23.820168640464544 9.4786071926355344 27.02174261584878 36.459350407123566 9.6100739389657956
leaf_count=28 269 70 28 2937 14 79 42 192 39 53 36 62 47 46
internal_value=-7.54972e-06 0.00954864 -0.0185267 -0.00124731 -0.0140813 -0.0295003 0.000615296 -0.0230024 0.00191628 0.0172699 0 0.019444 0.0297667 -0.0529829
internal_weight=1164.39 131.476 27.6494 1032.91 131.853 90.7652 901.056 45.8052 855.251 103.827 43.5471 41.0881 60.2795 12.2389
internal_count=3942 308 102 3634 424 348 3210 234 2976 206 106 76 100 74
is_linear=0
shrinkage=0.04


Tree=141
num_leaves=10
num_cat=0
split_feature=8 6 2 0 0 1 3 23 1
split_gain=8.62253 17.4937 17.1937 13.3476 14.7923 20.7702 12.4352 21.0628 4.8932
threshold=0.0055000000000000005 -0.005474999999999999 80.88000000000001 1.8995000000000002 1.6865000000000003 11982.170000000002 31944.720000000005 14.500000000000002 4474.1100000000006
decision_type=8 10 10 10 10 10 8 10 8
left_child=1 -1 -3 4 5 -2 7 -5 -4
right_child=3 2 8 6 -6 -7 -8 -9 -10
leaf_value=0.046267884546562915 0.0011990904686719453 -0.049503116013546802 0.037031127101703372 -0.063421079443030923 0.033558513321254785 -0.018215744441230256 0.026036314844563497 0.0007287190200361848 -0.0018447334676287251
leaf_weight=18.620892103761435 963.12691469304264 8.4080551229417342 9.5297594517469424 17.210313729941848 20.229473993182182 96.47069862857461 5.815422683954238 14.086495816707609 8.7408270835876447
leaf_count=31 3296 80 15 96 29 306 11 41 37
internal_value=-4.59392e-06 0.0169887 -0.0031867 -0.000718978 7.84325e-05 -0.000557418 -0.024145 -0.0343612 0.0178133
internal_weight=1162.24 45.2995 26.6786 1116.94 1079.83 1059.6 37.1122 31.2968 18.2706
internal_count=3942 163 132 3779 3631 3602 148 137 52
is_linear=0
shrinkage=0.04


Tree=142
num_leaves=15
num_cat=0
split_feature=4 21 11 4 5 20 5 2 10 18 16 24 0 18
split_gain=8.45359 37.2054 30.6601 30.5732 31.9086 39.7322 29.7943 29.7311 27.9398 27.8471 24.7426 23.2961 19.7465 4.55561
threshold=0.95350000000000013 73.500000000000014 -75102.979999999996 0.76350000000000018 56.915000000000006 13.500000000000002 57.065000000000005 435.04500000000002 -13125.399999999998 0.33557000000000009 10.500000000000002 0.030734590000000003 0.81450000000000011 0.74059000000000008
decision_type=8 10 10 10 8 10 8 8 10 10 10 10 8 10
left_child=3 6 -3 4 5 -1 7 -2 13 -10 -6 -8 -4 -5
right_child=1 2 12 8 10 -7 11 -9 9 -11 -12 -13 -14 -15
leaf_value=-0.055722498310664108 0.041681570824199952 0.028298139295456472 0.019108860235856499 0.023086784917241528 0.0032539144058838184 0.017052513562406637 0.0060647509655063726 0 0.031895990364948335 -0.0032153429407847105 -0.063396156551647501 -0.013128894669207542 -0.054175217386625611 0.053118441331511675
leaf_weight=36.102666484192014 48.749159432947636 10.29488269984722 6.0469911247491828 16.864071756601334 305.86387728713453 17.040637759491801 175.77074168622494 60.169048190116882 51.674845550209284 114.75742625445127 8.6666728034615499 234.28289728425443 45.830520551651716 29.272506684064865
leaf_count=264 52 14 9 39 922 44 680 313 139 295 51 818 282 20
internal_value=-2.30318e-06 -0.00342799 -0.0325404 0.00339427 -0.00354379 -0.0320726 4.91142e-05 0.0186341 0.0154688 0.0076293 0.00125623 -0.0048554 -0.0451503 0.0429352
internal_weight=1161.39 581.144 62.1724 580.243 367.674 53.1433 518.972 108.918 212.569 166.432 314.531 410.054 51.8775 46.1366
internal_count=3942 2168 305 1774 1281 308 1863 365 493 434 973 1498 291 59
is_linear=0
shrinkage=0.04


Tree=143
num_leaves=11
num_cat=0
split_feature=21 4 21 11 4 18 11 21 4 4
split_gain=8.31818 22.4251 15.4246 13.3429 12.8398 10.6212 27.6886 21.5217 3.58066 3.25056
threshold=170.50000000000003 1.3495000000000001 144.50000000000003 -58925.244999999988 1.8950000000000002 1.2835750000000001 6940.130000000001 122.50000000000001 0.69050000000000011 0.20200000000000004
decision_type=10 10 10 8 10 10 10 10 10 10
left_child=2 8 5 -3 9 7 -7 -1 -2 -4
right_child=1 3 4 -5 -6 6 -8 -9 -10 -11
leaf_value=-0.0010485482247594542 0.016896742998667311 0.026811338337762749 -0.013906614066687497 -0.051194568757755764 0.014375810726497532 0.013155078727423006 -0.055075537684276289 -0.055746030620573261 0.047066525991477481 -0.065010084109909078
leaf_weight=907.74575441889465 14.868840225040911 4.6292279958724976 4.1187952160835293 9.5543798953294736 5.449184224009513 161.2920443713665 9.5324783250689489 11.181954421102999 18.128613814711571 11.063885822892187
leaf_count=3259 30 6 23 55 13 337 62 81 15 61
internal_value=0 0.0163432 -0.000718523 -0.024327 -0.0345675 -4.37689e-05 0.00908126 -0.00176584 0.034524 -0.0533073
internal_weight=1157.57 47.1811 1110.38 14.1836 20.6319 1089.75 170.825 918.928 32.9975 15.1827
internal_count=3942 106 3836 61 97 3739 399 3340 45 84
is_linear=0
shrinkage=0.04


Tree=144
num_leaves=10
num_cat=0
split_feature=8 6 2 0 0 1 3 23 1
split_gain=8.12178 16.2054 16.2559 12.2339 13.7598 19.2991 11.7946 19.9857 4.74654
threshold=0.0055000000000000005 -0.005474999999999999 80.88000000000001 1.8995000000000002 1.6865000000000003 11982.170000000002 31944.720000000005 14.500000000000002 4474.1100000000006
decision_type=8 10 10 10 10 10 8 10 8
left_child=1 -1 -3 4 5 -2 7 -5 -4
right_child=3 2 8 6 -6 -7 -8 -9 -10
leaf_value=0.04469253625763879 0.0011550987184998219 -0.048927303120806002 0.036403089622600721 -0.062025748575358891 0.032606959080375621 -0.017579325431987078 0.025764585897433027 0.00074658439068966151 -0.0020343579253514561
leaf_weight=18.592298101633787 957.89759771712124 8.1490941941738146 9.3935578465461749 16.861115094274286 19.916848007589579 96.29484374448657 5.7617142945528022 14.056666314601896 8.7068272233009321
leaf_count=31 3296 80 15 96 29 306 11 41 37
internal_value=-1.65927e-06 0.0165748 -0.00305616 -0.000695994 6.62446e-05 -0.00054475 -0.0232558 -0.0332922 0.0172806
internal_weight=1155.63 44.8418 26.2495 1110.79 1074.11 1054.19 36.6795 30.9178 18.1004
internal_count=3942 163 132 3779 3631 3602 148 137 52
is_linear=0
shrinkage=0.04


Tree=145
num_leaves=9
num_cat=0
split_feature=4 4 22 19 22 10 22 22
split_gain=8.19556 11.0088 26.706 26.4127 16.3094 26.5029 20.6362 5.9324
threshold=0.018500000000000003 0.17950000000000002 16.250000000000004 14.65 17.950000000000003 8662.6400000000012 16.750000000000004 20.450000000000003
decision_type=8 8 10 8 10 8 10 10
left_child=-1 2 3 -2 6 -6 -3 -4
right_child=1 4 7 -5 5 -7 -8 -9
leaf_value=-0.043701031699126237 0.015128604861392288 0.00039414094725320796 0.057592402013378667 -0.049870533117147647 -0.014968475529106731 0.024112836588956982 0.029901044848302687 0.022959203102414706
leaf_weight=6.3306806720793238 27.949133563786745 781.75680344179273 15.840363647788761 14.776190124452112 213.92032745853066 31.093157783150673 39.450610727071762 23.643143763765693
leaf_count=59 66 2390 21 95 1060 95 101 55
internal_value=0 0.000242915 0.0143147 -0.00720494 -0.000829514 -0.00988844 0.00185332 0.0379003
internal_weight=1154.76 1148.43 82.2088 42.7253 1066.22 245.013 821.207 39.4835
internal_count=3942 3883 237 161 3646 1155 2491 76
is_linear=0
shrinkage=0.04


Tree=146
num_leaves=13
num_cat=0
split_feature=18 11 0 21 4 6 5 23 18 5 16 5
split_gain=8.18868 24.3834 14.1935 14.0759 24.9586 38.6414 20.5789 20.1025 23.2627 11.087 10.5961 5.47816
threshold=0.081500000000000017 1630.3950000000002 1.0005000000000002 4.5000000000000009 0.51000000000000012 0.03271000000000001 57.205000000000005 1.0000000180025095e-35 2.5526250000000004 57.235000000000007 15.500000000000002 57.275000000000013
decision_type=8 10 8 8 8 10 10 8 10 10 10 10
left_child=1 10 11 4 5 -2 -6 9 -9 -5 -1 -3
right_child=3 2 -4 7 6 -7 -8 8 -10 -11 -12 -13
leaf_value=-0.045783258894854788 -0.058749519546015698 0.036686667771657681 -0.038315434413789047 -0.0033008054785133986 0.033759050557078049 0.030396060664773308 0.0054217999297898421 -0.0023647348096548912 -0.065150783833691814 0.031432076724702773 0.029823323657905673 -0.00042704202295993829
leaf_weight=29.201199591159824 18.616795331239704 17.362434498965744 6.8263265304267398 20.485257387161255 65.203902937471867 12.387627586722372 115.47948101907969 804.52260026521981 9.0874750073999149 43.465509511530399 2.623251859098672 8.2467461749911291
leaf_count=431 111 37 101 88 134 22 319 2539 52 68 4 36
internal_value=0 -0.0138327 0.0100459 0.000807445 0.0100644 -0.02258 0.0158233 -0.00140723 -0.00313016 0.0200565 -0.0385675 0.0241899
internal_weight=1153.51 64.26 32.4355 1089.25 211.688 31.0044 180.683 877.561 813.61 63.9508 31.8245 25.6092
internal_count=3942 609 174 3333 586 133 453 2747 2591 156 435 73
is_linear=0
shrinkage=0.04


Tree=147
num_leaves=6
num_cat=0
split_feature=11 4 22 6 6
split_gain=8.02329 10.3094 9.38227 21.5138 21.1754
threshold=-140281.28999999995 0.033000000000000008 8.3500000000000032 -0.005474999999999999 -0.0011149999999999999
decision_type=8 8 8 8 8
left_child=-1 -2 3 -3 -4
right_child=1 2 4 -5 -6
leaf_value=0.02540894551520358 -0.043822613488060214 -0.051353385066094152 0.019865155055689612 0.005273692346441046 -0.0057049814421233601
leaf_weight=19.022441267967224 8.2049231287091953 10.427538007497786 56.24540838226676 485.35280454903841 571.05234970711172
leaf_count=32 85 55 164 1220 2386
internal_value=0 -0.000454009 -0.000100008 0.00399184 -0.00336643
internal_weight=1150.31 1131.28 1123.08 495.78 627.298
internal_count=3942 3910 3825 1275 2550
is_linear=0
shrinkage=0.04


Tree=148
num_leaves=8
num_cat=0
split_feature=6 6 24 22 22 6 19
split_gain=8.00617 16.7008 10.8172 9.98796 22.4769 20.8164 9.59605
threshold=0.086185000000000025 0.067275000000000015 0.039011245000000007 8.4500000000000011 14.450000000000001 0.0055500000000000011 3.7500000000000004
decision_type=10 10 10 8 8 8 10
left_child=1 3 -3 5 -5 -1 -2
right_child=6 2 -4 4 -6 -7 -8
leaf_value=-0.021378533801056091 -0.012949404577865149 -0.0052652822214541376 -0.08170245828570448 -0.014575191354343261 0.0017861480184135864 0.0068380716473982481 0.03257959222586114
leaf_weight=45.407930493354797 9.5351060032844526 6.5908812880516034 6.1261017471551895 197.41769072040915 412.93958258628845 446.61382254585624 24.07029090821743
leaf_count=190 26 14 32 800 1746 1096 38
internal_value=0 -0.000599658 -0.0452981 -4.55823e-05 -0.00348072 0.00417434 0.0190744
internal_weight=1148.7 1115.1 12.717 1102.38 610.357 492.022 33.6054
internal_count=3942 3878 46 3832 2546 1286 64
is_linear=0
shrinkage=0.04


Tree=149
num_leaves=11
num_cat=0
split_feature=22 20 22 4 2 4 4 24 1 14
split_gain=8.0795 16.3692 14.3136 16.9579 15.3869 12.0707 29.2172 27.0638 9.82416 9.3969
threshold=0.75000000000000011 13.500000000000002 2.6500000000000008 0.53800000000000014 233.76500000000001 0.38450000000000006 0.6625000000000002 0.23269074000000003 8023.170000000001 1.0000000180025095e-35
decision_type=8 8 8 10 8 8 8 10 10 8
left_child=1 8 3 9 -5 7 -7 -4 -1 -2
right_child=2 -3 5 4 -6 6 -8 -9 -10 -11
leaf_value=-0.060933807731842364 0.009722635580633212 0.033302227605333252 0.015795028271963375 -0.0027073937544517001 0.033232659550465032 -0.024454884575326359 -0.00034371775768345125 -0.023791544337014955 0.0062530006534775853 -0.058391568307653297
leaf_weight=12.446420188993221 4.9110564291477177 5.2379313707351676 148.36485005170107 26.83806087076664 57.404541753232479 89.698333216831088 758.71926789171994 33.139508916065097 3.9407211542129508 6.6582566276192674
leaf_count=72 11 5 385 70 76 429 2694 144 10 46
internal_value=-7.35585e-07 -0.0239557 0.000452106 0.0152103 0.0215984 -0.000908131 -0.00292931 0.00841182 -0.0438859 -0.0286157
internal_weight=1147.36 21.6251 1125.73 95.8119 84.2426 1029.92 848.418 181.504 16.3871 11.5693
internal_count=3942 87 3855 203 146 3652 3123 529 82 57
is_linear=0
shrinkage=0.04


Tree=150
num_leaves=13
num_cat=0
split_feature=6 6 5 12 5 22 18 21 23 6 18 2
split_gain=8.20418 23.2761 21.6606 19.5306 18.4637 29.1836 18.3572 35.0005 24.4041 16.8526 12.502 9.63403
threshold=0.010130000000000002 0.012430000000000002 57.165000000000006 24.500000000000004 57.085000000000008 4.7500000000000009 0.69803000000000004 19.500000000000004 20.500000000000004 0.0055500000000000011 0.3077950000000001 53.350000000000001
decision_type=8 8 10 10 10 10 8 10 10 10 8 10
left_child=3 2 -2 4 -1 -6 7 -3 -8 10 -5 -11
right_child=1 6 -4 9 5 -7 8 -9 -10 11 -12 -13
leaf_value=0.032012208000971681 0.017792639158508965 0.0019110555205326416 -0.066270417296230136 0.024011346174357379 -0.057486889520817971 -0.001009151656252628 0.00097906054554372035 -0.020687656004974023 0.027594413565838638 -0.0050248610095188582 -0.03901946318257745 0.032646610529237459
leaf_weight=20.726555958390236 6.2579567432403591 308.3478088863194 15.964971303939818 7.7280357778072357 16.264081589877605 122.09449580311775 315.88792202435434 168.46588515490294 66.754351601004601 11.537875175476072 11.754763312637808 73.548134967684746
leaf_count=27 12 1265 84 12 103 498 870 807 102 25 48 89
internal_value=-1.89611e-06 -0.00187102 -0.0418475 0.00616459 -0.00255614 -0.00797525 -0.000790361 -0.00604484 0.00570443 0.0195712 -0.0130416 0.0273051
internal_weight=1145.33 881.679 22.2229 263.654 159.085 138.359 859.456 476.814 382.642 104.569 19.4828 85.086
internal_count=3942 3140 96 802 628 601 3044 2072 972 174 60 114
is_linear=0
shrinkage=0.04


Tree=151
num_leaves=15
num_cat=0
split_feature=4 21 11 4 5 20 10 5 23 18 16 18 0 18
split_gain=8.04205 32.7035 28.5939 27.0394 29.3835 36.7869 26.9628 26.8633 28.1657 26.6983 22.5398 22.1973 18.7712 5.83612
threshold=0.95350000000000013 73.500000000000014 -75102.979999999996 0.76350000000000018 56.915000000000006 13.500000000000002 -13125.399999999998 57.065000000000005 11.500000000000002 0.33557000000000009 10.500000000000002 1.5330200000000003 0.81450000000000011 0.72162500000000007
decision_type=8 10 10 10 8 10 10 8 10 10 10 10 8 10
left_child=3 7 -3 4 5 -1 13 8 -2 -8 -6 -9 -4 -5
right_child=1 2 12 6 10 -7 9 11 -10 -11 -12 -13 -14 -15
leaf_value=-0.054831670864323633 -0.0022013783339427558 0.027923002577968693 0.019024858881522298 0.01852131492195621 0.0032493019035546539 0.016105840405318397 0.030965754008080628 -0.0074579133965018219 0.038525116391418306 -0.0036181005547289845 -0.061490225160818625 0.028041121176793405 -0.05277140663607232 0.052500185582969434
leaf_weight=34.31814843788743 53.949989218264818 10.127737805247305 6.0010739117860785 14.934098504483698 300.45368108525872 16.77263287268579 51.028582517057657 376.00067886710167 52.414977815002203 113.61831942945719 8.3442486841231567 29.796266674995422 44.013010891154408 30.263765215873718
leaf_count=264 238 14 9 38 922 44 139 1454 127 295 51 44 282 21
internal_value=-1.26979e-06 -0.00336634 -0.0311431 0.00334389 -0.00326562 -0.0312255 0.0147553 -3.8383e-05 0.0177672 0.00704058 0.00133869 -0.00477082 -0.0436578 0.0420362
internal_weight=1142.04 572.304 60.1418 569.733 359.889 51.0908 209.845 512.162 106.365 164.647 308.798 405.797 50.0141 45.1979
internal_count=3942 2168 305 1774 1281 308 493 1863 365 434 973 1498 291 59
is_linear=0
shrinkage=0.04


Tree=152
num_leaves=11
num_cat=0
split_feature=21 4 21 11 4 18 11 21 4 4
split_gain=7.8605 20.0708 14.104 12.3053 12.1366 9.36427 25.3416 19.7666 3.44764 3.0394
threshold=170.50000000000003 1.3495000000000001 144.50000000000003 -58925.244999999988 1.8950000000000002 1.2835750000000001 6940.130000000001 122.50000000000001 0.69050000000000011 0.21500000000000002
decision_type=10 10 10 8 10 10 10 10 10 8
left_child=2 8 5 -3 9 7 -7 -1 -2 -4
right_child=1 3 4 -5 -6 6 -8 -9 -10 -11
leaf_value=-0.00099317985639824904 0.016012588834025492 0.025986438494320491 -0.0085627134098523947 -0.049707660440475573 0.014277228593501182 0.012480711028435554 -0.054246501403724876 -0.054480952838160387 0.046086795119895607 -0.061921054541214583
leaf_weight=894.0702926274389 14.396106846630575 4.5755631327629089 3.2718132138252267 9.1078710034489614 5.3647397719323626 158.62446849793196 9.0813208743929845 10.717287672683595 17.567521825432777 11.472845826297998
leaf_count=3259 30 6 13 55 13 337 62 81 15 71
internal_value=0 0.0161551 -0.000698288 -0.0229626 -0.0334768 -4.97341e-05 0.008598 -0.00167858 0.033613 -0.052062
internal_weight=1138.25 45.6471 1092.6 13.6834 20.1094 1072.49 167.706 904.788 31.9636 14.7447
internal_count=3942 106 3836 61 97 3739 399 3340 45 84
is_linear=0
shrinkage=0.04


Tree=153
num_leaves=15
num_cat=0
split_feature=24 23 5 24 2 20 2 21 2 2 18 5 11 18
split_gain=7.88019 16.7734 15.1507 14.275 37.7218 22.8824 15.566 18.6801 13.2612 14.3577 12.0194 10.1288 6.80038 2.12881
threshold=0.020938225000000001 4.5000000000000009 58.115000000000002 0.054121440000000014 237.32000000000002 7.5000000000000009 25.820000000000004 11.500000000000002 112.87000000000002 70.300000000000026 0.12644500000000003 57.255000000000003 -4500.1649999999991 0.18028000000000002
decision_type=8 10 8 8 10 10 8 10 10 10 8 10 10 10
left_child=1 2 13 4 5 -2 7 -5 9 -3 -8 -6 -10 -1
right_child=3 8 -4 6 11 -7 10 -9 12 -11 -12 -13 -14 -15
leaf_value=-0.010883098120781151 -0.043605339988882712 0.012207536586714401 0.007373823590908761 0.03979784383411928 -0.014469301031295675 -0.00093248918294266199 -0.01545164237090345 -0.029981450503670772 0.010790102557963751 -0.042479142802458923 0.00099819866204060165 0.030056768985999419 0.040170461254828725 -0.061444100657258915
leaf_weight=3.0558875575661686 56.069007854908705 33.453157179057598 15.147624671459196 29.916301399469376 10.168270528316496 32.736970968544483 77.761442480608821 6.9654756039381018 23.50589169934392 9.4267231374979001 763.88395743817091 29.786109682172537 35.569748736917973 8.8871327191591245
leaf_count=31 269 70 28 56 32 79 826 34 53 36 2294 44 47 43
internal_value=-5.95587e-07 0.00926828 -0.0181257 -0.00121191 -0.0136296 -0.0281919 0.000592037 0.0258596 0.0167953 0 -0.000506161 0.0181919 0.0290045 -0.0510714
internal_weight=1136.33 129.046 27.0906 1007.29 128.76 88.806 878.527 36.8818 101.956 42.8799 841.645 39.9544 59.0756 11.943
internal_count=3942 308 102 3634 424 348 3210 90 206 106 3120 76 100 74
is_linear=0
shrinkage=0.04


Tree=154
num_leaves=13
num_cat=0
split_feature=8 11 8 17 23 18 14 18 16 16 6 6
split_gain=7.64187 14.9391 13.8602 10.9734 21.5197 28.736 24.9982 16.3175 16.7682 15.147 7.88116 7.80309
threshold=0.0055000000000000005 225.66500000000005 1.0000000180025095e-35 36.500000000000007 20.500000000000004 0.58502000000000021 1.0000000180025095e-35 0.081500000000000017 10.500000000000002 11.500000000000002 -0.005474999999999999 0.029630000000000004
decision_type=8 10 8 8 10 10 10 8 10 10 10 8
left_child=1 2 -1 7 6 -6 -5 8 -2 -9 -3 -12
right_child=3 10 -4 4 5 -7 -8 9 -10 -11 11 -13
leaf_value=-0.048688904883050492 -0.045904094477252189 0.04864799197203306 0.042171339659476434 -0.032160481792584336 -0.033122922906035523 0.046635962749368258 0.011316029270505498 0.0023722064528286547 0.018439527359776012 -0.04354533338875867 -0.024045706001386131 0.032251787791157588
leaf_weight=8.3304631710052455 22.116901172325019 17.310728941112757 3.2053916454315194 75.378862353041768 10.602649105712773 19.503694787621498 28.232681851834059 915.06232515908778 8.2417278327047807 11.106660313904284 6.2664030268788355 8.4512033909559197
leaf_count=74 298 25 2 627 117 26 91 2554 24 42 51 11
internal_value=-1.57654e-06 0.0163117 -0.0210774 -0.000678939 -0.0113995 0.0178113 -0.0201242 0.000804023 -0.0277723 0.00177678 0.0305102 0.00696492
internal_weight=1133.81 43.5642 11.5359 1090.25 133.718 30.1063 103.612 956.528 30.3586 926.169 32.0283 14.7176
internal_count=3942 163 76 3779 861 143 718 2918 322 2596 87 62
is_linear=0
shrinkage=0.04


Tree=155
num_leaves=11
num_cat=0
split_feature=22 20 22 2 5 23 18 6 24 11
split_gain=7.46642 15.1585 13.2458 16.2151 23.4087 10.9747 24.3201 18.5416 9.35934 9.30293
threshold=0.75000000000000011 14.500000000000002 2.6500000000000008 233.76500000000001 57.205000000000005 20.500000000000004 0.47929000000000005 0.009955000000000002 16.393570385000004 -74.999999999999986
decision_type=8 10 8 8 10 10 10 8 10 8
left_child=1 8 3 4 -2 7 -7 -4 -1 -5
right_child=2 -3 5 9 -6 6 -8 -9 -10 -11
leaf_value=-0.060151196832998036 0.02869946544132718 0.03219599107776059 0.00777448027737944 0.03608392006887829 -0.036347719264877738 -0.013589618171864271 0.021311616108027242 -0.0058455853224795911 0.0054066835127689139 0
leaf_weight=11.939301993697883 15.526849687099455 5.1220662742853156 208.98462792672217 45.547327216714621 18.983626313507557 47.277112519368529 93.442657940089703 665.93811788596213 3.9898431673645964 13.885479174554346
leaf_count=69 24 5 647 58 75 269 172 2564 13 46
internal_value=-1.69985e-06 -0.0233377 0.00043333 0.0147742 -0.00651872 -0.000880083 0.00943775 -0.00256686 -0.0428485 0.0274231
internal_weight=1130.64 21.0512 1109.59 93.9433 34.5105 1015.64 140.72 874.923 15.9291 59.4328
internal_count=3942 87 3855 203 99 3652 441 3211 82 104
is_linear=0
shrinkage=0.04


Tree=156
num_leaves=11
num_cat=0
split_feature=5 21 18 5 18 20 11 22 4 10
split_gain=7.64182 39.1242 59.472 34.7704 54.4183 26.8633 17.4098 16.6028 16.5989 13.1448
threshold=56.875000000000007 111.50000000000001 0.73354500000000011 56.915000000000006 0.25073000000000006 2.5000000000000004 44527.320000000007 3.3500000000000001 0.84450000000000014 -6352.2149999999992
decision_type=8 10 10 8 10 10 10 10 8 10
left_child=1 2 7 4 5 -2 8 -1 -5 -4
right_child=3 -3 9 6 -6 -7 -8 -9 -10 -11
leaf_value=0.019975529872009026 -0.047675119672030933 0.075893123176316191 0.043462260904127151 0.0074358362515208436 -0.059736820502511549 0.044082673401760558 -0.060601093433971756 -0.050837104099975036 -0.0032254319521358033 0.0042053292953471242
leaf_weight=5.6732867807149878 6.6155845038592842 12.268526986241339 31.642776295542717 403.46437867358327 37.758890902623534 16.791227169334888 6.8266654163599005 30.143796572461724 551.26786800660193 26.052242740988731
leaf_count=14 84 12 30 1128 220 78 42 254 2018 62
internal_value=0 0.0101916 0.00100127 -0.00107732 -0.0302025 0.0168574 0.000769308 -0.0389494 0.00126056 0.0262679
internal_weight=1128.51 105.781 93.5121 1022.72 61.1657 23.4068 961.559 35.8171 954.732 57.695
internal_count=3942 372 360 3570 382 162 3188 268 3146 92
is_linear=0
shrinkage=0.04


Tree=157
num_leaves=7
num_cat=0
split_feature=11 4 4 22 22 21
split_gain=7.41779 8.90358 9.52308 21.0554 16.0915 2.16242
threshold=-140281.28999999995 0.05050000000000001 0.18750000000000003 16.250000000000004 17.950000000000003 142.50000000000003
decision_type=8 8 8 10 10 8
left_child=-1 5 3 -3 -4 -2
right_child=1 2 4 -5 -6 -7
leaf_value=0.024764096180375325 -0.045833070774525447 -0.0069135878474946904 0.0015676343937315088 0.035546302344612569 -0.010486719575483033 0
leaf_weight=18.498673059046268 8.0293882992118562 36.881482845172286 797.7613520603627 35.857109796255827 226.74372104741633 2.1513535231351861
leaf_count=32 85 139 2477 66 1132 11
internal_value=-1.89494e-07 -0.000442899 -7.08167e-05 0.0138441 -0.00108454 -0.0367914
internal_weight=1125.92 1107.42 1097.24 72.7386 1024.51 10.1807
internal_count=3942 3910 3814 205 3609 96
is_linear=0
shrinkage=0.04


Tree=158
num_leaves=13
num_cat=0
split_feature=19 10 24 0 11 23 4 23 6 21 12 8
split_gain=7.39112 18.1114 13.9597 11.5169 20.273 16.5493 15.8221 12.3323 9.25994 6.29916 6.09891 2.88635
threshold=63.950000000000003 1805.4200000000003 0.069019860000000016 0.39850000000000008 -1764.7249999999997 4.5000000000000009 15.104500000000002 5.5000000000000009 0.031225000000000006 22.500000000000004 22.000000000000004 0.99950000000000017
decision_type=10 10 10 8 10 10 10 8 10 10 10 10
left_child=3 2 11 4 10 -6 7 -5 -4 -8 -1 -2
right_child=1 -3 8 6 5 -7 9 -9 -10 -11 -12 -13
leaf_value=0.044028721122091552 -0.064727122460472422 0.01983185628193971 -0.020991306684337813 -0.0066095648829053288 0.023958420244439914 -0.064120921465196962 -0.06030472243201742 0.0032961856741479784 0.032255490173616064 -0.0089001042324952009 0.0098388183649176283 -0.0192500237411008
leaf_weight=26.313851371407509 12.936671730130913 17.804277718067169 20.749801263213161 279.38987763039768 5.4818844944238645 6.9864518120884895 8.9823593236506003 711.24130075238645 6.2550635933876029 8.4866447299718839 15.125850610435007 5.040170904248952
leaf_count=31 63 38 80 1031 8 46 66 2482 8 41 31 17
internal_value=0 -0.0132973 -0.0269238 0.000773515 0.0187031 -0.0244227 -0.000174234 0.000480341 -0.0075686 -0.0373873 0.0322921 -0.0539251
internal_weight=1124.79 62.786 44.9817 1062.01 53.908 12.4683 1008.1 990.631 27.0049 17.469 41.4397 17.9768
internal_count=3942 206 168 3736 116 54 3620 3513 88 107 62 80
is_linear=0
shrinkage=0.04


Tree=159
num_leaves=15
num_cat=0
split_feature=24 23 5 24 8 2 21 11 11 2 2 6 11 18
split_gain=7.36608 15.1997 14.153 13.2087 36.2132 31.7024 15.5742 31.9883 21.4075 12.4243 12.931 7.68555 6.52455 2.06515
threshold=0.020938225000000001 4.5000000000000009 58.115000000000002 0.054121440000000014 0.99950000000000017 244.07000000000002 19.500000000000004 -15530.194999999998 -5681.1849999999986 112.87000000000002 70.300000000000026 0.034455000000000006 -4500.1649999999991 0.18028000000000002
decision_type=8 10 8 8 10 10 10 10 8 10 10 8 10 10
left_child=1 2 13 4 5 -2 8 -8 -5 10 -3 -6 -11 -1
right_child=3 9 -4 6 11 -7 7 -9 -10 12 -12 -13 -14 -15
leaf_value=-0.009766521745908311 -0.017806882433329865 0.01164924409071777 0.0072868306217962597 -0.010848901832124249 -0.065298734728216762 0.029774047034930841 0.010954060155753672 -0.012994349318329684 0.010054797678347131 0.010279556790921494 -0.040272948440698349 -0.015043217537420717 0.039264284450630828 -0.059885324763323138
leaf_weight=2.9975216835737255 64.890036392956972 33.062478441745043 15.120020017027853 98.426714999601245 20.68253131210804 33.526095233857632 131.34180517122149 272.46579055301845 366.22220071777701 23.289846606552601 9.4481921494007093 8.2736068218946475 34.829717911779881 8.6577988117933256
leaf_count=31 252 70 28 374 94 54 273 1164 1399 53 36 24 47 43
internal_value=-1.68069e-06 0.00901699 -0.0171861 -0.00117954 -0.0131887 -0.00132737 0.000565347 -0.00515155 0.00557686 0.0162373 0 -0.0521173 0.0281774 -0.0495731
internal_weight=1123.23 127.406 26.7753 995.829 127.372 98.4161 868.457 403.808 464.649 100.63 42.5107 28.9561 58.1196 11.6553
internal_count=3942 308 102 3634 424 306 3210 1437 1773 206 106 118 100 74
is_linear=0
shrinkage=0.04


Tree=160
num_leaves=11
num_cat=0
split_feature=23 18 10 18 18 21 17 20 5 3
split_gain=7.31662 26.2219 22.5664 17.1754 20.2077 19.3578 14.664 17.6521 12.1896 10.246
threshold=1.0000000180025095e-35 2.5526250000000004 88.660000000000011 1.7255800000000001 1.6150750000000003 17.500000000000004 1.0000000180025095e-35 6.5000000000000009 57.215000000000011 8005.1200000000008
decision_type=8 10 10 10 10 10 10 10 10 8
left_child=2 3 8 4 -2 -5 7 -4 -1 -10
right_child=1 -3 6 5 -6 -7 -8 -9 9 -11
leaf_value=-0.016205314372063725 -0.0016258453274156813 -0.063120771934961947 -0.039156856589519444 0.037216957672182777 -0.064364136730471644 0.0029926041881438953 -0.05683324664832181 0.070655028345609647 0 0.040447879914814272
leaf_weight=9.6821875311434251 893.63662866130471 10.237780354917048 4.3499811273068207 37.936657965183258 7.8140313252806655 89.933223333209753 10.458795409649609 3.9019617289304733 12.690033935010431 40.475156998261809
leaf_count=39 3294 59 50 49 41 238 62 7 37 66
internal_value=-3.26151e-06 -0.000928317 0.0114778 -0.000259974 -0.00222723 0.0134076 -0.0261163 0.0115529 0.0231037 0.0307194
internal_weight=1121.12 1039.56 81.5581 1029.32 901.451 127.87 18.7107 8.25194 62.8474 53.1652
internal_count=3942 3681 261 3622 3335 287 119 57 142 103
is_linear=0
shrinkage=0.04


Tree=161
num_leaves=11
num_cat=0
split_feature=5 21 18 5 18 20 11 22 4 10
split_gain=7.19049 36.1352 55.6887 31.8894 50.7781 24.8425 16.3663 15.7555 15.2118 12.0008
threshold=56.875000000000007 111.50000000000001 0.73354500000000011 56.915000000000006 0.25073000000000006 2.5000000000000004 44527.320000000007 3.3500000000000001 0.84450000000000014 -6352.2149999999992
decision_type=8 10 10 8 10 10 10 10 8 10
left_child=1 2 7 4 5 -2 8 -1 -5 -4
right_child=3 -3 9 6 -6 -7 -8 -9 -10 -11
leaf_value=0.018910625323591487 -0.04730277346798701 0.072955058664119457 0.042271214737973704 0.0071133687703566241 -0.058576969575008103 0.041557255733075955 -0.059596074225085401 -0.050243613332802139 -0.0031225723687444231 0.0044413057924892283
leaf_weight=5.6648787111043921 6.4376143924891975 12.297900646924971 30.824400544166565 401.12810762040317 36.48217629827559 17.008188780397177 6.6338643431663504 29.16875246539712 547.95753581635654 25.963273867964745
leaf_count=14 84 12 30 1128 220 78 42 254 2018 62
internal_value=-5.76736e-06 0.00997173 0.000950576 -0.00105073 -0.0292394 0.0158451 0.000710276 -0.0383228 0.00118402 0.0255142
internal_weight=1119.57 103.919 91.6213 1015.65 59.928 23.4458 955.72 34.8336 949.086 56.7877
internal_count=3942 372 360 3570 382 162 3188 268 3146 92
is_linear=0
shrinkage=0.04


Tree=162
num_leaves=8
num_cat=0
split_feature=6 6 24 19 19 6 1
split_gain=7.14728 14.9481 10.1299 8.91036 8.7978 18.5276 11.0775
threshold=0.086185000000000025 0.067275000000000015 0.039011245000000007 3.7500000000000004 4.9500000000000011 0.0055500000000000011 5748.5700000000006
decision_type=10 10 10 10 8 8 8
left_child=1 4 -3 -2 6 -6 -1
right_child=3 2 -4 -5 5 -7 -8
leaf_value=0.012806623374575379 -0.012400469559990744 -0.0044563219689836347 -0.078543785291314228 0.031789337214662511 -0.029045107621655606 -0.00079332754105766918 -0.0031852273874228686
leaf_weight=162.37274051085114 9.482286684215067 6.6279586404561979 6.0404831618070602 23.040778324007988 38.690942257642746 753.20684799551964 117.50938283652067
leaf_count=405 26 14 32 38 190 2826 411
internal_value=-6.43998e-06 -0.000582292 -0.042942 0.0183072 -4.31589e-05 -0.00221636 0.00602736
internal_weight=1116.97 1084.45 12.6684 32.5231 1071.78 791.898 279.882
internal_count=3942 3878 46 64 3832 3016 816
is_linear=0
shrinkage=0.04


Tree=163
num_leaves=15
num_cat=0
split_feature=6 6 5 2 1 18 18 20 21 18 4 12 24 0
split_gain=7.22863 23.2354 32.2207 27.1733 25.4896 18.7759 25.7735 16.8123 16.0517 55.3321 17.6649 15.2214 21.8078 11.9942
threshold=0.010130000000000002 0.029630000000000004 57.395000000000003 247.03500000000003 11230.220000000003 0.66749000000000003 1.5330200000000003 11.500000000000002 19.500000000000004 0.29834500000000003 16.259000000000004 24.500000000000004 0.032672410000000006 0.6140000000000001
decision_type=8 8 8 10 8 10 10 10 8 8 8 10 10 10
left_child=5 2 4 -4 -2 11 7 -7 10 -10 -3 12 -1 -13
right_child=1 8 3 -5 -6 6 -8 -9 9 -11 -12 13 -14 -15
leaf_value=-0.048948086670057143 0.0067726268405014743 0.011746602370612482 -0.060939318440046408 0.00086986191852261559 -0.03652872055312021 -0.045452663846149967 0.039439767167540954 0.0074183355652692349 -0.052545730289233046 0.00074970042111100377 -0.020954068635097238 -0.033364367536495111 0.0078769213757388448 0.028517887806117297
leaf_weight=11.435842018574474 90.552847990766168 267.2551790997386 35.084600426256657 15.783148452639578 27.956072248518467 29.84012371301651 10.373325780034063 13.031971529126166 33.564050538465381 359.18720535561442 28.475709518417716 4.6502123326063147 110.62328149937093 78.019080601632595
leaf_count=105 259 869 152 37 160 137 10 27 307 1130 226 15 399 109
internal_value=-9.6012e-06 -0.00179336 -0.0150529 -0.0415501 -0.00338459 0.00583666 -0.0150676 -0.0290199 0.00144821 -0.00381502 0.00850031 0.0113943 0.00221177 0.0246168
internal_weight=1115.83 857.859 169.377 50.8677 118.509 257.974 53.2454 42.8721 688.482 392.751 295.731 204.728 122.059 82.6693
internal_count=3942 3140 608 189 419 802 174 164 2532 1437 1095 628 504 124
is_linear=0
shrinkage=0.04


Tree=164
num_leaves=15
num_cat=0
split_feature=24 23 2 5 17 4 22 5 4 23 22 11 3 18
split_gain=7.19092 14.3198 13.5487 13.4047 11.9131 11.6289 31.7258 28.71 24.5147 25.8522 21.948 18.0753 2.74328 1.75541
threshold=0.019812860000000005 4.5000000000000009 165.62000000000003 58.115000000000002 4.5000000000000009 0.95350000000000013 22.350000000000005 57.065000000000005 0.78400000000000014 2.5000000000000004 17.150000000000002 -193883.56999999998 4161.4650000000011 0.18445000000000003
decision_type=8 10 10 8 8 8 10 8 10 10 10 10 8 8
left_child=1 3 4 13 -3 8 7 -7 9 -2 -10 -8 -4 -1
right_child=5 2 12 -5 -6 6 11 -9 10 -11 -12 -13 -14 -15
leaf_value=-0.011371236256318638 0.015045311831300456 -0.0054242726874833272 0.048780409511790579 0.0080375360227820762 0.0389963037637545 0.018091757817853164 0.033695464530346338 -0.0073778373356440906 0.0047574424065275267 -0.010481249946034608 0.033649095756704467 -0.043516450664244283 0.021406037989250254 -0.058640592907064026
leaf_weight=3.1576936170458811 85.428249716758728 41.837703473865986 17.971216857433319 14.732763126492499 11.872676208615301 88.768358364701271 4.757751300930976 339.13833847828209 132.7127104587853 239.32352989166975 62.704396601766348 45.507423577830195 15.909629058092831 8.0976077020168287
leaf_count=33 244 107 17 27 24 313 12 1322 332 967 133 335 35 41
internal_value=-1.27597e-05 0.00948295 0.0173131 -0.0159818 0.00429507 -0.0011173 -0.00563161 -0.00203259 0.00299555 -0.00369201 0.0141923 -0.0355542 0.037006 -0.0481282
internal_weight=1111.92 113.579 87.5912 25.9881 53.7104 998.341 478.172 427.907 520.169 324.752 195.417 50.2652 33.8808 11.2553
internal_count=3942 284 183 101 131 3658 1982 1635 1676 1211 465 347 52 74
is_linear=0
shrinkage=0.04


Tree=165
num_leaves=15
num_cat=0
split_feature=20 18 18 5 4 10 0 4 19 11 17 3 24 10
split_gain=7.22922 16.6358 23.3849 18.0695 14.6915 26.1296 14.1115 13.6724 12.5483 19.0968 17.3747 11.7254 11.1134 9.0055
threshold=3.5000000000000004 0.19103500000000004 0.22030500000000003 56.875000000000007 1.8080000000000003 -43.554999999999993 0.32800000000000007 0.94450000000000001 2.1500000000000008 -10306.524999999998 2.5000000000000004 10798.540000000003 0.010837010000000001 266.89000000000004
decision_type=8 8 8 8 8 10 8 8 10 10 8 8 8 10
left_child=4 7 13 -4 8 6 -6 -2 10 -10 -1 -7 -9 -3
right_child=1 2 3 -5 5 11 -8 12 9 -11 -12 -13 -14 -15
leaf_value=0.031304484548811511 -0.050953659996360992 0.0076195078730156209 0.015438524338493154 -0.0042972901827958501 0.020114980278575688 -0.025777686955618551 -0.036487466658309854 0.044771212882511478 0.033144336008166707 -0.014443605820370426 0.00098882198945100721 0.014733412460762339 -0.017759189765164021 0.059822094849838144
leaf_weight=76.642735589295626 18.762648850679398 10.497032299637796 83.613342061638832 617.30755559913814 7.5683034732937804 12.799851603806017 43.634238664060831 4.8139803409576407 17.755546107888222 50.754851328209043 52.113732278347015 72.422945711761713 27.913494342938066 13.152048662304876
leaf_count=183 182 25 200 1928 17 65 289 6 34 193 293 304 207 16
internal_value=-7.9281e-06 -0.0021428 -0.000545915 -0.00190515 0.00489303 -0.00508663 -0.0276206 -0.0240082 0.0118913 -0.00166985 0.0192403 0.00830076 -0.0074242 0.0381168
internal_weight=1109.75 776.06 724.57 700.921 333.692 136.425 51.2025 51.4901 197.267 68.5104 128.756 85.2228 32.7275 23.6491
internal_count=3942 2564 2169 2128 1378 675 306 395 703 227 476 369 213 41
is_linear=0
shrinkage=0.04


Tree=166
num_leaves=10
num_cat=0
split_feature=21 4 20 21 11 10 11 23 4
split_gain=7.05823 17.3889 13.3451 12.3736 11.7919 8.62691 15.1755 11.6419 3.31627
threshold=170.50000000000003 1.3495000000000001 5.5000000000000009 144.50000000000003 -103100.20499999999 20591.215000000004 9962.340000000002 8.5000000000000018 0.69050000000000011
decision_type=10 10 10 10 10 10 10 10 10
left_child=3 8 -3 5 -5 6 -1 -7 -2
right_child=1 2 -4 4 -6 7 -8 -9 -10
leaf_value=5.6003112410068347e-05 0.014713150578707796 0.031687890407558456 -0.049534708617267421 0.0064060385262253777 -0.055118596229002163 0.046433577011969193 -0.033671010880788929 -0.0072702113762833781 0.044736783348854975
leaf_weight=999.09602687880397 13.891421295702459 4.2331668883562079 8.830758258700369 7.1394216418266323 12.280629837885497 14.079719439148905 21.287455815821886 10.376486264169214 16.75329564511776
leaf_count=3562 30 5 56 13 84 18 120 39 15
internal_value=-3.45988e-06 0.0156392 -0.0215433 -0.000671722 -0.0319031 -5.71211e-05 -0.000644173 0.0231571 0.0322238
internal_weight=1107.97 43.7086 13.0639 1064.26 19.4201 1044.84 1020.38 24.4562 30.6447
internal_count=3942 106 61 3836 97 3739 3682 57 45
is_linear=0
shrinkage=0.04


Tree=167
num_leaves=15
num_cat=0
split_feature=6 6 5 2 2 12 5 6 17 5 22 6 18 4
split_gain=6.98771 20.8221 29.3129 25.6746 24.2447 17.1124 16.362 23.2401 15.8092 37.2493 15.3971 14.6539 11.2211 9.51798
threshold=0.010130000000000002 0.029630000000000004 57.395000000000003 247.03500000000003 46.100000000000009 24.500000000000004 57.055000000000007 0.0015200000000000003 3.5000000000000004 57.205000000000005 2.7500000000000004 0.0055500000000000011 0.3077950000000001 1.276
decision_type=8 8 8 10 10 10 10 10 8 10 8 10 10 10
left_child=5 2 4 -4 -2 6 -1 -8 10 -10 -3 12 -7 -13
right_child=1 8 3 -5 -6 11 7 -9 9 -11 -12 13 -14 -15
leaf_value=0.032426000788861417 0.031069221960225983 0.021774006477669968 -0.058877797145556292 0.0013200364639485349 -0.012846684774740253 0.02288872837948137 0.0056884080475754651 -0.027945929062966574 -0.035624816404167758 0.012896170992776053 0.0014609782308146746 0.034271998428955071 -0.037479258647071648 0.0030958882254164067
leaf_weight=18.134597092866898 25.088710002601147 67.511801086366177 34.559697099030018 15.775128111243246 92.106022983789444 7.5927181839942959 82.199559051543474 53.390671789646149 54.382338931784034 45.842582596465945 515.78358908370137 59.464275814592838 11.355882629752157 23.341356948018074
leaf_count=24 44 116 152 37 375 12 300 304 504 241 1671 70 48 44
internal_value=-1.20905e-06 -0.00176123 -0.0143868 -0.0397907 -0.00318331 0.00577562 -0.00253753 -0.00746267 0.0013123 -0.0132791 0.00386294 0.0184813 -0.0122949 0.0257954
internal_weight=1106.53 851.05 167.53 50.3348 117.195 255.479 153.725 135.59 683.52 100.225 583.295 101.754 18.9486 82.8056
internal_count=3942 3140 608 189 419 802 628 604 2532 745 1787 174 60 114
is_linear=0
shrinkage=0.04


Tree=168
num_leaves=11
num_cat=0
split_feature=22 20 22 4 2 1 1 14 1 14
split_gain=6.94853 13.7173 11.4695 14.7369 12.7892 10.5622 14.6948 10.5828 8.67508 8.0934
threshold=0.75000000000000011 14.500000000000002 2.6500000000000008 0.53800000000000014 233.76500000000001 1207.45 2525.9750000000008 1.0000000180025095e-35 8023.170000000001 1.0000000180025095e-35
decision_type=8 10 8 10 8 8 8 10 10 8
left_child=1 8 3 9 -5 7 -7 -4 -1 -2
right_child=2 -3 5 4 -6 6 -8 -9 -10 -11
leaf_value=-0.058947092267523836 0.0084252994375483801 0.03051180427865539 -0.010317429927233682 -0.002414158685058274 0.031027252954148401 -0.020510768494908575 -0.00076176886768423405 0.018730271789984151 0.0060309907906779528 -0.056167359366809562
leaf_weight=11.457043223083021 4.6332305520772907 4.9273048788309088 25.727730043232441 25.749026980251074 54.401143483817577 64.812810655683279 823.68846762739122 77.167567543685436 3.6823179423809043 6.3196595720946798
leaf_count=72 11 5 108 70 76 238 3139 167 10 46
internal_value=0 -0.0230476 0.000421924 0.0139763 0.0200875 -0.000809888 -0.00223561 0.011259 -0.0421762 -0.0279225
internal_weight=1102.57 20.0667 1082.5 91.1031 80.1502 991.397 888.501 102.895 15.1394 10.9529
internal_count=3942 87 3855 203 146 3652 3377 275 82 57
is_linear=0
shrinkage=0.04


Tree=169
num_leaves=14
num_cat=0
split_feature=24 23 2 5 17 8 8 20 21 6 0 3 18
split_gain=6.99155 13.2237 12.6916 12.4703 10.7742 10.4337 14.6139 31.5439 18.2201 9.79875 12.8628 2.67203 1.32148
threshold=0.019812860000000005 4.5000000000000009 165.62000000000003 58.115000000000002 4.5000000000000009 0.0055000000000000005 0.75050000000000006 10.500000000000002 19.500000000000004 -0.005474999999999999 0.90650000000000019 4161.4650000000011 0.24199500000000004
decision_type=8 10 10 8 8 8 8 10 10 10 10 8 10
left_child=1 3 4 12 -3 9 7 -7 -8 -2 -11 -4 -1
right_child=5 2 11 -5 -6 6 8 -9 -10 10 -12 -13 -14
leaf_value=-0.01396719326608725 0.040255832344389349 -0.0047693526466215308 0.048138338838024895 0.0078343564392664485 0.037818394421520768 -0.025288168975794612 0.0056364678284624124 0.020637498002933054 -0.0062943162854156177 0.023616564213515941 -0.043186495644531593 0.020833826156316505 -0.057324066559538228
leaf_weight=3.3875092975795287 18.027145858854055 41.753710296005011 17.47172387689352 14.61653423309326 11.60595517605543 99.825777228921652 437.14313099347055 30.539283320307732 384.39726622588933 12.19623399525881 6.7379562743008128 15.668074250221251 7.5428312867879868
leaf_count=35 31 107 17 27 24 419 1650 56 1403 30 69 35 39
internal_value=0 0.00943042 0.0169918 -0.0152386 0.00438742 -0.0010909 -0.00192396 -0.0143391 2.93128e-05 0.0195691 0 0.0363252 -0.0468355
internal_weight=1100.91 112.046 86.4995 25.5469 53.3597 988.867 951.905 130.365 821.54 36.9613 18.9342 33.1398 10.9303
internal_count=3942 284 183 101 131 3658 3528 475 3053 130 99 52 74
is_linear=0
shrinkage=0.04


Tree=170
num_leaves=11
num_cat=0
split_feature=23 18 10 18 18 21 17 20 5 3
split_gain=6.78542 23.9054 20.0639 15.6159 18.7574 16.8868 13.85 15.5096 11.5269 9.55165
threshold=1.0000000180025095e-35 2.5526250000000004 88.660000000000011 1.7255800000000001 1.6150750000000003 17.500000000000004 1.0000000180025095e-35 6.5000000000000009 57.215000000000011 8005.1200000000008
decision_type=8 10 10 10 10 8 10 10 10 8
left_child=2 3 8 4 -2 -5 7 -4 -1 -10
right_child=1 -3 6 5 -6 -7 -8 -9 9 -11
leaf_value=-0.016080561540814688 -0.0015623066601682862 -0.061262715996795628 -0.037834896297250627 0.035495980243586182 -0.062971307384046563 0.0031113009701691022 -0.055280982416795514 0.066227400891664193 0 0.039352306718104288
leaf_weight=9.5754020474851114 877.1240346506238 9.8906067591160518 4.0434952341020125 36.911063060164452 7.5549408048391333 88.385683532804251 10.08920933678746 3.9629708379507065 12.409145072102545 39.408821990713477
leaf_count=39 3294 59 50 49 41 238 62 7 37 66
internal_value=0 -0.000892241 0.0112059 -0.000251224 -0.00214459 0.0129136 -0.0248291 0.012187 0.0222651 0.0298192
internal_weight=1099.36 1019.87 79.489 1009.98 884.679 125.297 18.0957 8.00647 61.3934 51.818
internal_count=3942 3681 261 3622 3335 287 119 57 142 103
is_linear=0
shrinkage=0.04


Tree=171
num_leaves=6
num_cat=0
split_feature=11 4 4 22 22
split_gain=6.79489 8.74819 7.64927 19.36 14.3849
threshold=-140281.28999999995 0.033000000000000008 0.18750000000000003 16.250000000000004 17.950000000000003
decision_type=8 8 8 10 10
left_child=-1 -2 3 -3 -4
right_child=1 2 4 -5 -6
leaf_value=0.024053906376719482 -0.042605779738119416 -0.0070569539699847032 0.0014813310526638765 0.03340328346959108 -0.010104295508424857
leaf_weight=17.950002007186413 7.3132462799549094 38.218560870736837 780.03973807021976 35.54404965415597 218.73661032505333
leaf_count=32 85 147 2477 69 1132
internal_value=0 -0.000426832 -0.000100872 0.012264 -0.00103975
internal_weight=1097.8 1079.85 1072.54 73.7626 998.776
internal_count=3942 3910 3825 216 3609
is_linear=0
shrinkage=0.04


Tree=172
num_leaves=8
num_cat=0
split_feature=6 6 24 19 24 24 23
split_gain=6.69934 14.2145 9.01133 8.45285 8.24941 16.5959 11.527
threshold=0.086185000000000025 0.067275000000000015 0.039011245000000007 3.7500000000000004 0.020938225000000001 0.054121440000000014 4.5000000000000009
decision_type=10 10 10 10 8 8 10
left_child=1 4 -3 -2 6 -6 -1
right_child=3 2 -4 -5 5 -7 -8
leaf_value=-0.013365475230479176 -0.011834163053496558 -0.0051579938667189488 -0.075995989560274396 0.031428214572217804 -0.015736530355378576 0.00064570189484942464 0.016710352323641205
leaf_weight=25.108946584165096 9.4496791809797305 6.5100664645433408 5.9596176296472549 22.296918168663979 111.66878555715084 824.91823861002922 90.821823362261057
leaf_count=100 26 14 32 38 399 3143 190
internal_value=0 -0.000558892 -0.0421801 0.0179467 -2.69979e-05 -0.00129355 0.00999516
internal_weight=1096.73 1064.99 12.4697 31.7466 1052.52 936.587 115.931
internal_count=3942 3878 46 64 3832 3542 290
is_linear=0
shrinkage=0.04


Tree=173
num_leaves=15
num_cat=0
split_feature=6 6 5 2 10 18 18 20 17 5 22 3 12 18
split_gain=6.77943 19.3481 26.8899 23.7611 23.314 17.0681 23.4418 15.3568 14.5179 34.5822 13.5977 13.2522 12.2024 8.44046
threshold=0.010130000000000002 0.029630000000000004 57.395000000000003 247.03500000000003 -14455.9 0.66749000000000003 1.5330200000000003 11.500000000000002 3.5000000000000004 57.205000000000005 2.7500000000000004 30741.855000000003 22.000000000000004 0.083625000000000019
decision_type=8 8 8 10 10 10 10 10 8 10 8 10 10 10
left_child=5 2 4 -4 -2 11 7 -7 10 -10 -3 12 -1 -13
right_child=1 8 3 -5 -6 6 -8 -9 9 -11 -12 13 -14 -15
leaf_value=-0.0046524246561616845 -0.061231366865047251 0.020727788549330481 -0.057099689168160939 0.0010834449631728529 0.0021387051246843027 -0.043917962330584918 0.038207237220796109 0.0069573223488441343 -0.034779974284258421 0.012261897060837072 0.0014292260495715086 0.014664402879781361 0.019044857824144959 -0.057634846370225368
leaf_weight=43.632034866139293 9.6368422433733922 65.932806238532066 33.94754347205162 15.648238657042382 106.24209459684789 29.001296788454056 10.093851402401922 12.894487380981444 53.07305143494159 45.702254528179765 513.33743939362466 3.2000705525279027 146.93936752527952 6.6264327205717564
leaf_count=217 54 116 152 37 365 137 10 27 504 241 1671 17 356 38
internal_value=0 -0.00173834 -0.0139892 -0.0385152 -0.00319992 0.00572778 -0.014435 -0.0278907 0.00123006 -0.0128606 0.00367628 0.0110811 0.0135166 -0.0325833
internal_weight=1095.91 843.52 165.475 49.5958 115.879 252.388 51.9896 41.8958 678.046 98.7753 579.27 200.398 190.571 9.8265
internal_count=3942 3140 608 189 419 802 174 164 2532 745 1787 628 573 55
is_linear=0
shrinkage=0.04


Tree=174
num_leaves=11
num_cat=0
split_feature=22 20 22 4 2 21 4 21 24 14
split_gain=6.83732 12.9059 10.1395 13.4323 11.6246 9.67055 34.1578 33.3706 8.07088 7.64316
threshold=0.75000000000000011 14.500000000000002 2.6500000000000008 0.53800000000000014 233.76500000000001 64.500000000000014 1.2055000000000002 20.500000000000004 16.393570385000004 1.0000000180025095e-35
decision_type=8 10 8 10 8 8 8 10 10 8
left_child=1 8 3 9 -5 7 -7 -4 -1 -2
right_child=2 -3 5 4 -6 6 -8 -9 -10 -11
leaf_value=-0.058618645752947701 0.0082311768527957366 0.029284181790812075 0.001873705662688402 -0.0022191743106361982 0.029824976043561848 0.016474809760051917 -0.014519220336558322 -0.017699569416977385 0.0045542765920857774 -0.054783454512389751
leaf_weight=11.051991775631906 4.6146256476640675 4.7934337407350531 544.79004852101207 25.593960173428059 53.041733667254448 167.73575087171048 84.935317993164062 186.15309652872384 3.6180666536092749 6.1912996880710134
leaf_count=69 11 5 2033 70 76 445 446 728 13 46
internal_value=0 -0.023212 0.000413329 0.0132808 0.0191945 -0.000742565 0.00596908 -0.00309247 -0.0420834 -0.0269304
internal_weight=1092.52 19.4635 1073.06 89.4416 78.6357 983.614 252.671 730.943 14.6701 10.8059
internal_count=3942 87 3855 203 146 3652 891 2761 82 57
is_linear=0
shrinkage=0.04


Tree=175
num_leaves=13
num_cat=0
split_feature=18 11 21 4 6 5 14 4 12 3 16 3
split_gain=6.79429 21.2178 13.0708 21.2197 32.0253 17.3467 16.7224 32.0064 30.7976 11.3267 8.79453 3.01101
threshold=0.081500000000000017 1630.3950000000002 4.5000000000000009 0.51000000000000012 0.03271000000000001 57.185000000000009 1.0000000180025095e-35 1.4470000000000003 24.500000000000004 54176.765000000007 15.500000000000002 4702.670000000001
decision_type=8 10 8 8 10 10 10 10 10 8 10 10
left_child=1 10 3 4 -2 -5 8 -8 -4 11 -1 -3
right_child=2 9 6 5 -6 -7 7 -9 -10 -11 -12 -13
leaf_value=-0.045328869744345336 -0.0556614127287769 0 -0.00151479092625801 0.033817539579925782 0.028971174709313978 0.006303291059611929 -0.025376898206310394 0.0043163117884402573 0.02492021872934258 -0.038177971235316216 0.026712167093571184 0.030176617868754727
leaf_weight=25.527434665709738 17.188716311007742 5.7809382155537667 522.40478265937418 54.845235582441092 11.26479399204254 116.94495148584247 116.22243436053395 113.46051342785358 80.854417890310287 5.5709580667316905 2.3360977545380583 18.09241021797061
leaf_count=431 111 39 1972 114 22 339 392 268 115 92 4 43
internal_value=0 -0.0133625 0.000728756 0.00990412 -0.0215428 0.0152761 -0.00145767 -0.0106444 0.00201285 0.00973746 -0.0382194 0.0222931
internal_weight=1090.49 57.3078 1033.19 200.244 28.4535 171.79 832.942 229.683 603.259 29.4443 27.8635 23.8733
internal_count=3942 609 3333 586 133 453 2747 660 2087 174 435 82
is_linear=0
shrinkage=0.04


Tree=176
num_leaves=14
num_cat=0
split_feature=18 4 22 22 20 23 18 3 10 1 15 5 24
split_gain=6.51502 24.2545 17.896 31.4478 12.3492 15.2026 17.6579 14.475 11.2512 10.9327 10.7575 8.3361 2.92549
threshold=0.12040000000000002 0.82250000000000012 15.450000000000001 18.050000000000004 3.5000000000000004 1.0000000180025095e-35 2.5526250000000004 30741.855000000003 3276.9600000000005 5901.1000000000013 1.0000000180025095e-35 57.215000000000011 20.483395975000004
decision_type=8 10 10 10 8 8 10 10 10 10 8 10 10
left_child=1 12 10 -4 7 9 -7 8 -2 -6 -3 -9 -1
right_child=4 2 3 -5 5 6 -8 11 -10 -11 -12 -13 -14
leaf_value=-0.043702688089859658 0.013338104869269271 0.0037216437433366229 0.055562783389832802 -0.02462800983715548 0.0044012148501219308 -0.002599767809495578 -0.06007396307075917 0 -0.020566243525570647 0.041030101357189153 -0.044008313352709695 -0.062697203713516572 0
leaf_weight=26.828011605888609 222.32373541407287 14.784225828945639 19.64006877690554 12.014211145229636 38.679766323417425 679.22516156919301 8.2051231972873193 7.4176419377326948 15.963798623532055 20.495756775140762 13.480950536206363 6.2238722816109657 1.8421665132045735
leaf_count=476 540 81 56 132 115 2167 52 19 60 24 187 30 3
internal_value=0 -0.0103809 0.00384715 0.0245951 0.000907839 -0.00165463 -0.00335801 0.00856932 0.0109447 0.0176605 -0.0187169 -0.0304283 -0.0403589
internal_weight=1087.12 88.5896 59.9195 31.6543 998.535 746.606 687.43 251.929 238.288 59.1755 28.2652 13.6415 28.6702
internal_count=3942 935 456 188 3007 2358 2219 649 600 139 268 49 479
is_linear=0
shrinkage=0.04


Tree=177
num_leaves=7
num_cat=0
split_feature=11 4 4 22 10 8
split_gain=6.44298 7.42083 8.22897 16.8715 13.9827 2.31516
threshold=-140281.28999999995 0.05050000000000001 0.18750000000000003 16.250000000000004 -56385.104999999989 0.96250000000000002
decision_type=8 8 8 10 8 10
left_child=-1 5 3 -3 -4 -2
right_child=1 2 4 -5 -6 -7
leaf_value=0.023659180837817689 -0.044553686981466271 -0.0058908566573770181 -0.04131624662275072 0.032580506163319312 -0.00046414764416115658 0
leaf_weight=17.577722042798996 7.4395023537799698 35.635582827031612 13.118463538587092 35.13778493180871 973.44767853245139 1.8403170797973869
leaf_count=32 85 139 47 66 3562 11
internal_value=-1.99142e-06 -0.000421569 -8.17627e-05 0.0130235 -0.00104828 -0.0351103
internal_weight=1084.2 1066.62 1057.34 70.7734 986.566 9.27982
internal_count=3942 3910 3814 205 3609 96
is_linear=0
shrinkage=0.04


Tree=178
num_leaves=5
num_cat=0
split_feature=4 0 15 20
split_gain=6.39302 7.94911 9.87928 8.01718
threshold=84.881500000000003 0.12800000000000003 0.70150000000000012 3.5000000000000004
decision_type=10 8 10 10
left_child=1 -1 3 -3
right_child=-2 2 -4 -5
leaf_value=0.030415134826037173 -0.042115964554951375 0.0051450312016299805 -0.04455462826563867 -0.0022663669186584641
leaf_weight=13.263668164610861 5.2417906261980525 346.89287834614515 7.4665668327361336 710.93353123124689
leaf_count=20 58 1498 42 2324
internal_value=-2.92067e-06 0.000202635 -0.00016886 0.000146437
internal_weight=1083.8 1078.56 1065.29 1057.83
internal_count=3942 3884 3864 3822
is_linear=0
shrinkage=0.04


Tree=179
num_leaves=11
num_cat=0
split_feature=21 4 20 21 4 10 11 23 4 4
split_gain=6.42552 16.0336 12.4577 10.8805 11.7066 7.93047 12.9681 10.5165 3.12506 2.65628
threshold=170.50000000000003 1.3495000000000001 5.5000000000000009 144.50000000000003 1.8950000000000002 20591.215000000004 9962.340000000002 8.5000000000000018 0.69050000000000011 0.21500000000000002
decision_type=10 10 10 10 10 10 10 10 10 8
left_child=3 8 -3 5 9 6 -1 -7 -2 -5
right_child=1 2 -4 4 -6 7 -8 -9 -10 -11
leaf_value=1.8473528238547214e-05 0.014049718391478998 0.030539280111078395 -0.048703831771784244 -0.0068341120481433953 0.016825671506449674 0.045729161184581646 -0.031746334472389552 -0.0062029617101008565 0.043761822749552641 -0.059227849910641672
leaf_weight=978.46996196079999 13.453713551163675 4.1654777824878684 8.5161954239010793 3.0171439126133928 5.1952064149081698 13.231783360242845 20.478802477940917 10.146056219935415 16.177494555711746 10.630169512704015
leaf_count=3562 30 5 56 13 13 18 120 39 15 71
internal_value=-3.87065e-06 0.0151646 -0.0209869 -0.000646497 -0.0303697 -6.45361e-05 -0.000628261 0.0226949 0.0313921 -0.0497093
internal_weight=1083.48 42.3129 12.6817 1041.17 18.8425 1022.33 998.949 23.3778 29.6312 13.6473
internal_count=3942 106 61 3836 97 3739 3682 57 45 84
is_linear=0
shrinkage=0.04


Tree=180
num_leaves=14
num_cat=0
split_feature=18 11 17 14 22 23 21 0 5 5 21 6 22
split_gain=6.35058 18.7548 12.2127 17.567 17.1784 11.4287 23.555 19.4308 14.4755 50.8991 26.8691 5.03987 0.0157665
threshold=0.14275000000000002 -4928.9799999999987 11.500000000000002 1.0000000180025095e-35 17.750000000000004 20.500000000000004 191.50000000000003 1.0675000000000001 56.875000000000007 56.915000000000006 111.50000000000001 0.033355000000000003 21.650000000000002
decision_type=8 10 8 10 10 10 10 8 8 8 10 10 8
left_child=1 11 4 -4 -3 8 7 -7 10 -10 -2 -1 -8
right_child=5 2 3 -5 -6 6 12 -9 9 -11 -12 -13 -14
leaf_value=-0.047041672578338335 0.0053048771710794054 0.023015393258509667 -0.039012250203117063 0.013629590258505256 -0.027040168624730972 -0.008533393610936614 -0.062465080508559229 0.027051900134141462 -0.043227183642950771 0.00017379517677903143 0.068008709659648212 0 -0.027373762533650023
leaf_weight=20.777913044206802 80.080446310341358 45.130401069298387 24.153240220621228 16.167253393679857 13.679669812321661 32.952442869544029 4.215231649577615 86.044664815068245 45.55200866330415 692.60187177360058 12.376974657177923 3.9579870924353591 4.4836422353982934
leaf_count=250 227 209 437 70 159 93 24 169 260 2004 12 11 17
internal_value=-2.24735e-06 -0.00852468 -0.000480069 -0.0175062 0.0109051 0.00108234 0.0122061 0.0170358 -0.000610057 -0.00250488 0.0142346 -0.0393231 -0.0490232
internal_weight=1082.17 123.866 99.1306 40.3205 58.8101 958.307 127.696 118.997 830.611 738.154 92.4574 24.7359 8.69887
internal_count=3942 1136 875 507 368 2806 303 262 2503 2264 239 261 41
is_linear=0
shrinkage=0.04


Tree=181
num_leaves=15
num_cat=0
split_feature=24 23 2 5 17 4 22 5 19 5 11 3 3 18
split_gain=6.23026 11.5069 12.1902 11.5498 9.90774 9.43503 27.6495 25.3336 21.5647 23.6372 16.6899 6.5215 2.44806 1.20399
threshold=0.019812860000000005 4.5000000000000009 165.62000000000003 58.115000000000002 4.5000000000000009 0.95350000000000013 22.350000000000005 57.065000000000005 62.900000000000006 57.115000000000002 -193883.56999999998 1077.0050000000003 4161.4650000000011 0.24199500000000004
decision_type=8 10 10 8 8 8 10 8 10 10 10 10 8 10
left_child=1 3 4 13 -3 8 7 -7 9 -2 -8 -10 -4 -1
right_child=5 2 12 -5 -6 6 10 -9 11 -11 -12 -13 -14 -15
leaf_value=-0.012725746558293938 -0.0057823139164256175 -0.0049805518137119057 0.047150064566298826 0.0078254269446466507 0.036424099426007051 0.017404642951537829 0.032879281089626261 -0.0068953491268956826 0 0.011848628665707928 -0.041955681821287803 -0.059199481118928726 0.020318664081595886 -0.055614252698657191
leaf_weight=3.2108313180506247 213.56594487652183 41.262002490460873 16.740162827074531 14.469468608498572 11.233094599097965 85.960437497124076 4.6809410452842704 329.78825703263283 3.268985614180564 278.64138372801244 42.92686696909368 10.944463327527044 15.237695168703793 7.276464968919754
leaf_count=35 828 107 17 27 24 313 12 1322 10 779 335 59 35 39
internal_value=-5.51971e-06 0.00900075 0.0161465 -0.0142423 0.00376204 -0.00104652 -0.00518328 -0.00180815 0.0027004 0.00415997 -0.0339167 -0.0449085 0.0354901 -0.0454803
internal_weight=1079.21 109.43 84.473 24.9568 52.4951 969.777 463.357 415.749 506.421 492.207 47.6078 14.2134 31.9779 10.4873
internal_count=3942 284 183 101 131 3658 1982 1635 1676 1607 347 69 52 74
is_linear=0
shrinkage=0.04


Tree=182
num_leaves=15
num_cat=0
split_feature=6 6 5 2 1 18 18 20 17 5 12 24 22 3
split_gain=6.19148 18.31 24.2898 21.9767 21.9606 15.8813 22.5783 16.5962 13.3723 31.2705 12.375 18.7192 12.3496 8.11151
threshold=0.010130000000000002 0.029630000000000004 57.395000000000003 247.03500000000003 11369.895000000002 0.68425500000000017 1.5330200000000003 11.500000000000002 3.5000000000000004 57.205000000000005 24.500000000000004 0.032672410000000006 7.9500000000000011 3823.0000000000005
decision_type=8 8 8 10 10 10 10 10 8 10 10 10 10 8
left_child=5 2 4 -4 -2 10 7 -7 12 -10 11 -1 -3 -12
right_child=1 8 3 -5 -6 6 -8 -9 9 -11 13 -13 -14 -15
leaf_value=-0.047649344207456083 0.0053018103440951895 0.010379026519058724 -0.055373436972215861 0.00096347306843461156 -0.038197657018975699 -0.047820196558535248 0.036972756621038549 0.0065202604090067381 -0.033926506044554675 0.0116221430325754 -0.00020260831525875962 0.0072202986401661484 -0.0014575340450396343 0.029092093431012041
leaf_weight=10.422240348532794 90.884956744499505 244.04465387389064 33.213990539312363 15.451033355668185 22.695810297504067 25.193843502551317 9.8260580450296384 12.748217977583407 50.853405027650297 44.24385684914887 17.996583268046379 107.7091481462121 327.28559214062989 63.897903561592102
leaf_count=105 297 576 152 37 122 126 10 27 504 241 43 406 1211 85
internal_value=-4.44702e-06 -0.00168223 -0.0137209 -0.0372519 -0.0033443 0.00551792 -0.0149275 -0.0291947 0.00122675 -0.0125759 0.0105253 0.00203036 0.00356815 0.0224496
internal_weight=1076.47 828.673 162.246 48.665 113.581 247.794 47.7681 37.9421 666.428 95.0973 200.026 118.131 571.33 81.8945
internal_count=3942 3140 608 189 419 802 163 153 2532 745 639 511 1787 128
is_linear=0
shrinkage=0.04


Tree=183
num_leaves=10
num_cat=0
split_feature=20 20 22 10 11 17 5 22 1
split_gain=6.23513 10.5975 14.9052 13.6648 53.875 13.3462 10.3372 7.86278 7.77358
threshold=18.500000000000004 14.500000000000002 0.75000000000000011 42.395000000000003 -13689.694999999998 11.500000000000002 57.57500000000001 9.9500000000000011 8023.170000000001
decision_type=10 10 8 10 10 10 10 10 10
left_child=1 2 8 4 -3 -4 -2 -5 -1
right_child=6 3 5 7 -6 -7 -8 -9 -10
leaf_value=-0.057206168499389358 -0.058867990402020336 0.031620696385850779 0.00046060916739329221 0.012475825503621219 -0.069508460398118435 -0.035755669810102426 0.01161550849258681 0.052714146031738553 0.0063775574283830806
leaf_weight=10.706703409552572 6.9056226611137372 24.983402639627457 958.79942698962986 17.848477885127068 12.080752067267893 16.057186767458916 5.0788456052541733 16.779955394566059 3.3737039268016806
leaf_count=72 35 33 3561 36 63 96 10 26 10
internal_value=-6.10117e-06 0.000305906 -0.000754509 0.0151144 -0.00129554 -0.00013344 -0.0281272 0.0330163 -0.0409034
internal_weight=1072.61 1060.63 988.937 71.6926 37.0642 974.857 11.9845 34.6284 14.0804
internal_count=3942 3897 3739 158 96 3657 45 62 82
is_linear=0
shrinkage=0.04


Tree=184
num_leaves=11
num_cat=0
split_feature=8 5 0 0 1 3 11 6 2 21
split_gain=6.09731 11.6858 9.20008 14.0307 15.3597 11.0676 10.8066 8.15282 10.5283 1.43993
threshold=0.0055000000000000005 57.295000000000009 1.8335000000000001 1.6865000000000003 11982.170000000002 16350.485000000002 18.250000000000004 -0.005474999999999999 80.88000000000001 2.5000000000000004
decision_type=8 10 10 10 10 8 8 10 10 10
left_child=1 7 3 4 -2 6 -4 -1 -9 -3
right_child=2 9 5 -5 -6 -7 -8 8 -10 -11
leaf_value=0.044784343113208717 0.0010472495312829778 0 -0.064417641080501464 0.035768784216598674 -0.016247971593395465 0.01060644462140342 -0.0092527000262700842 -0.042468478540197696 0.02473090799394545 -0.045393582370470753
leaf_weight=16.541370205581188 888.79568599071354 2.66955642402172 10.96072244644165 16.837599009275436 89.934311684221029 11.40899386256933 13.662892304360867 4.7382430061697987 12.024095814675091 3.8494883701205254
leaf_count=23 3296 16 63 24 306 30 60 60 35 29
internal_value=-6.20267e-06 0.0152339 -0.000620987 8.24093e-05 -0.000529048 -0.0203381 -0.0353977 0.0251587 0.00389704 -0.0308001
internal_weight=1071.42 39.8228 1031.6 995.568 978.73 36.0326 24.6236 33.3037 16.7623 6.51904
internal_count=3942 163 3779 3626 3602 153 123 118 95 45
is_linear=0
shrinkage=0.04


Tree=185
num_leaves=13
num_cat=0
split_feature=18 11 21 4 6 5 23 24 0 5 16 5
split_gain=6.08851 18.5301 11.6351 19.449 28.9966 15.6821 15.6103 17.3779 9.8277 9.0756 8.17753 3.83233
threshold=0.081500000000000017 1630.3950000000002 4.5000000000000009 0.51000000000000012 0.03271000000000001 57.185000000000009 1.0000000180025095e-35 15.010012340000001 1.0005000000000002 57.235000000000007 15.500000000000002 57.275000000000013
decision_type=8 10 8 8 10 10 8 10 8 10 10 10
left_child=1 10 3 4 -2 -5 9 -8 11 -4 -1 -3
right_child=2 8 6 5 -6 -7 7 -9 -10 -11 -12 -13
leaf_value=-0.04472252642664621 -0.054407921551890198 0.032374704384058144 -0.0033953983841968562 0.032333667020070005 0.027904433006927271 0.0059309822059244602 -0.0016176670715144484 -0.030628504332697929 -0.036265567363359105 0.02899457564977655 0.026011247125637921 -0.0003607245293963025
leaf_weight=23.449413834139708 16.507626838982109 15.17670669406653 19.276114651933312 53.962611868977547 10.70448963344097 114.6596152856946 727.75208824500442 34.266467813402414 5.3479880504310122 40.142456375062466 2.2364636138081542 7.13852385431528
leaf_count=431 111 37 88 114 22 339 2421 170 101 68 4 36
internal_value=-7.06473e-06 -0.0131331 0.000667772 0.00942928 -0.0213876 0.0145693 -0.00140114 -0.00296768 0.00897244 0.0182124 -0.0374209 0.0212478
internal_weight=1070.62 53.3491 1017.27 195.834 27.2121 168.622 821.437 762.019 27.6632 59.4186 25.6859 22.3152
internal_count=3942 609 3333 586 133 453 2747 2591 174 156 435 73
is_linear=0
shrinkage=0.04


Tree=186
num_leaves=6
num_cat=0
split_feature=11 4 4 22 10
split_gain=6.04786 7.58339 6.87514 15.8979 12.3251
threshold=-140281.28999999995 0.033000000000000008 0.18750000000000003 16.250000000000004 -56385.104999999989
decision_type=8 8 8 10 8
left_child=-1 -2 3 -3 -4
right_child=1 2 4 -5 -6
leaf_value=0.023177675697268682 -0.041483678456973719 -0.0060027781817580152 -0.038970332089455897 0.03108621461175461 -0.00046425166234711725
leaf_weight=17.173311538994312 6.6484727831557384 37.094421127811074 13.01531622931361 34.770974675193429 958.94613887183368
leaf_count=32 85 147 47 69 3562
internal_value=-7.74178e-06 -0.000416656 -0.0001162 0.0117566 -0.00102022
internal_weight=1067.65 1050.48 1043.83 71.8654 971.961
internal_count=3942 3910 3825 216 3609
is_linear=0
shrinkage=0.04


Tree=187
num_leaves=9
num_cat=0
split_feature=5 6 6 22 18 18 3 4
split_gain=5.99921 6.58605 16.1818 16.5167 14.8399 20.7015 12.0481 12.0441
threshold=58.275000000000013 0.010130000000000002 0.012430000000000002 2.6500000000000008 0.68425500000000017 1.5330200000000003 30741.855000000003 16.259000000000004
decision_type=10 8 8 10 10 10 10 8
left_child=1 4 3 -3 6 -6 -1 -4
right_child=-2 2 7 -5 5 -7 -8 -9
leaf_value=0.012583295589707388 0.031191145142472516 0.01942887649160659 0.00037883995706897134 -0.058304988966848451 -0.028230217570063432 0.035799334590914833 -0.032500278755644971 -0.017006918556909219
leaf_weight=188.0775001719594 9.2581619657576066 5.3449049144983318 724.11991302017123 14.965632598847149 37.397386163473129 9.5801866352558118 9.2905328497290594 69.22657651361078
leaf_count=581 17 8 2511 88 153 10 55 519
internal_value=-8.77602e-06 -0.000315293 -0.00206285 -0.0369122 0.00541461 -0.0145119 0.0102833 -0.00112279
internal_weight=1067.26 1058 813.657 20.3105 244.346 46.9776 197.368 793.346
internal_count=3942 3925 3126 96 799 163 636 3030
is_linear=0
shrinkage=0.04


Tree=188
num_leaves=15
num_cat=0
split_feature=24 23 2 5 4 4 22 5 4 5 10 11 3 18
split_gain=5.94746 10.7061 11.4845 10.2535 9.05974 8.91761 25.558 23.4326 19.8104 22.7126 20.2839 15.6164 1.5911 1.10484
threshold=0.019812860000000005 4.5000000000000009 179.10500000000005 58.115000000000002 4.9745000000000008 0.95350000000000013 22.350000000000005 57.065000000000005 0.78400000000000014 56.915000000000006 -13125.399999999998 -193883.56999999998 4161.4650000000011 0.24199500000000004
decision_type=8 10 10 8 8 8 10 8 10 10 10 10 8 10
left_child=1 3 4 13 -3 8 7 -7 9 -2 -10 -8 -4 -1
right_child=5 2 12 -5 -6 6 11 -9 10 -11 -12 -13 -14 -15
leaf_value=-0.011845601326195845 -0.029642079698725694 -0.0058717592200133763 0.046509678570486698 0.0068981819969392514 0.029305944546632708 0.01677163972063701 0.031883163717612607 -0.0067529499679410366 0.038449821955625456 0.00086117216955908032 0.005960363801034119 -0.04099679742685159 0.0217586862987415 -0.054063782790971515
leaf_weight=3.1202979814261216 45.048867255449295 37.997605714946985 15.209338746964933 14.208890140056608 16.052205719053745 84.792046134360135 4.6082642674446097 325.79334557615221 38.980177642777562 266.48178400471807 150.7100520208478 41.815549360588193 13.791897017508743 6.9320071786642075
leaf_count=35 313 105 16 27 30 313 12 1322 56 898 409 335 32 39
internal_value=-7.9233e-06 0.0088804 0.0158064 -0.0138613 0.00438185 -0.0010283 -0.00508162 -0.00183163 0.00262901 -0.00352608 0.0128254 -0.0330735 0.0359852 -0.0440365
internal_weight=1065.54 107.312 83.051 24.2612 54.0498 958.23 457.009 410.585 501.221 311.531 189.69 46.4238 29.0012 10.0523
internal_count=3942 284 183 101 135 3658 1982 1635 1676 1211 465 347 48 74
is_linear=0
shrinkage=0.04


Tree=189
num_leaves=9
num_cat=0
split_feature=21 4 20 21 11 21 21 4
split_gain=5.94732 13.8947 11.5791 9.81915 11.6193 7.42538 15.3548 3.06262
threshold=170.50000000000003 1.3495000000000001 5.5000000000000009 144.50000000000003 -103100.20499999999 135.50000000000003 122.50000000000001 0.69050000000000011
decision_type=10 10 10 10 10 10 10 10
left_child=3 7 -3 5 -5 6 -1 -2
right_child=1 2 -4 4 -6 -7 -8 -9
leaf_value=0.00010957009984763269 0.012877907316727362 0.030210778723405843 -0.047194315368775122 0.0087377764216481808 -0.053392501324689125 0.032743009917052979 -0.043578392400057349 0.042736504849610453
leaf_weight=980.55256466008723 12.987008027732374 4.0987568050622931 8.0695775449275953 7.0347448587417629 11.468250688165424 10.403173672966657 12.533301334828137 15.518676877021788
leaf_count=3623 30 5 56 13 84 35 81 15
internal_value=-3.65711e-06 0.0148823 -0.0193793 -0.000622647 -0.02911 -6.32214e-05 -0.00044332 0.0302791
internal_weight=1062.67 40.674 12.1683 1021.99 18.503 1003.49 993.086 28.5057
internal_count=3942 106 61 3836 97 3739 3704 45
is_linear=0
shrinkage=0.04


Tree=190
num_leaves=14
num_cat=0
split_feature=18 11 17 14 22 20 24 0 5 18 18 6 6
split_gain=5.9168 17.4078 11.1326 15.9606 14.8183 10.5659 14.6965 14.246 13.7492 13.2676 20.0224 14.575 4.58045
threshold=0.14275000000000002 -4928.9799999999987 11.500000000000002 1.0000000180025095e-35 17.750000000000004 3.5000000000000004 0.16220795000000002 1.1700000000000002 57.395000000000003 0.19103500000000004 0.22030500000000003 0.007955000000000002 0.033355000000000003
decision_type=8 10 8 10 10 8 8 10 10 8 8 8 10
left_child=1 12 4 -4 -3 6 8 -8 -2 11 -11 -7 -1
right_child=5 2 3 -5 -6 9 7 -9 -10 10 -12 -13 -14
leaf_value=-0.04651238525809024 0.006945096983214015 0.021550652434458435 -0.038667690285050162 0.012358980609684298 -0.025897734390053256 0.017386748725303106 0.023229727730714852 -0.029037047194657158 -0.02444117259406367 0.035852410909431365 -0.0015981556482556269 -0.053091497215817393 0
leaf_weight=19.648146741092209 81.562669888138771 44.470034744590521 22.682321880012751 15.881591506302355 12.976747368462382 5.9172059297561646 102.14102429151535 8.3308653160929662 30.068831689655781 23.129960566759109 675.73066575173289 15.015116214752199 3.8236413225531569
leaf_count=250 200 209 437 70 159 10 215 37 93 41 2128 82 11
internal_value=-1.06199e-06 -0.00838578 -0.000557769 -0.0172524 0.0103563 0.00104523 0.00867325 0.0189949 -0.00140197 -0.00128514 -0.000305323 -0.0322945 -0.0388922
internal_weight=1061.38 119.482 96.0107 38.5639 57.4468 941.896 222.103 110.472 111.632 719.793 698.861 20.9323 23.4718
internal_count=3942 1136 875 507 368 2806 545 252 293 2261 2169 92 261
is_linear=0
shrinkage=0.04


Tree=191
num_leaves=10
num_cat=0
split_feature=20 20 22 17 10 11 5 1 22
split_gain=5.7949 9.98441 13.6361 12.5092 12.3324 50.5104 9.75396 7.42558 6.82882
threshold=18.500000000000004 14.500000000000002 0.75000000000000011 11.500000000000002 42.395000000000003 -13689.694999999998 57.315000000000005 8023.170000000001 9.9500000000000011
decision_type=10 10 8 10 10 10 8 10 10
left_child=1 2 7 -4 5 -3 -2 -1 -6
right_child=6 4 3 -5 8 -7 -8 -9 -10
leaf_value=-0.056145045572947895 -0.057595819928866164 0.031047400500338562 0.00042762714761700833 -0.03510807032720073 0.012316171240482008 -0.067851106647129081 0.011310328833222836 0.0067519972295696819 0.050088312033635285
leaf_weight=10.298107922077177 6.7588381171226475 24.559950992465019 946.94224512111396 15.614249123260377 17.727511659264565 11.815674204379318 5.0170431956648835 3.2820910513401023 16.794815607368946
leaf_count=72 35 33 3561 96 36 63 10 10 26
internal_value=-3.60181e-06 0.000297712 -0.000738567 -0.000145981 0.0147508 -0.00101926 -0.0273446 -0.0398236 0.0317158
internal_weight=1058.81 1047.03 976.137 962.556 70.898 36.3756 11.7759 13.5802 34.5223
internal_count=3942 3897 3739 3657 158 96 45 82 62
is_linear=0
shrinkage=0.04


Tree=192
num_leaves=10
num_cat=0
split_feature=21 4 20 21 11 22 22 22 4
split_gain=5.69015 13.0783 10.9995 9.05345 11.244 7.08904 33.9888 16.8277 2.94652
threshold=170.50000000000003 1.3495000000000001 5.5000000000000009 144.50000000000003 -103100.20499999999 10.15 14.450000000000001 9.9500000000000011 0.69050000000000011
decision_type=10 10 10 10 10 10 10 10 10
left_child=3 8 -3 5 -5 7 -7 -1 -2
right_child=1 2 -4 4 -6 6 -8 -9 -10
leaf_value=0.0015074799868405701 0.012617729120856328 0.029387306281077281 -0.046532499347785063 0.0088433608164886802 -0.052661458074080097 -0.028162198060427027 0.0014210901844183721 0.043365647637391341 0.042176957799697698
leaf_weight=587.06493716686964 12.89764414727688 4.0662453621625883 7.8488686382770538 7.0059559792280224 11.13233123347163 76.251765640452504 320.85238887462765 15.344802267849444 15.135385826230047
leaf_count=1759 30 5 56 13 84 435 1510 35 15
internal_value=-3.74829e-06 0.0146903 -0.0188725 -0.000607142 -0.0282321 -7.19642e-05 -0.00423745 0.00264196 0.0297375
internal_weight=1057.6 39.9481 11.9151 1017.65 18.1383 999.514 397.104 602.41 28.033
internal_count=3942 106 61 3836 97 3739 1945 1794 45
is_linear=0
shrinkage=0.04


Tree=193
num_leaves=9
num_cat=0
split_feature=5 24 23 2 5 4 22 19
split_gain=5.66879 6.05945 10.0731 11.0767 9.69786 8.97955 24.4114 19.2185
threshold=58.275000000000013 0.019812860000000005 4.5000000000000009 179.10500000000005 58.115000000000002 0.95350000000000013 17.750000000000004 77.40000000000002
decision_type=10 8 10 10 8 8 10 10
left_child=1 2 4 -4 -1 7 -7 -3
right_child=-2 5 3 -5 -6 6 -8 -9
leaf_value=-0.043194501539901183 0.030649608589048766 0.0034285719225806274 0.0042566818481808615 0.035522972188103699 0.0066532753087336794 -0.00059926243257940896 -0.023668301396159976 -0.056305531717036506
leaf_weight=9.8470939919352549 9.0557784922420961 486.88343105465174 53.777111127972603 28.437614161521196 14.134957894682882 352.8497172370553 92.830796638503671 8.2463246770203096
leaf_count=74 17 1624 135 48 27 1309 661 47
internal_value=0 -0.000298561 0.00871088 0.0154627 -0.0134616 -0.00134086 -0.00547028 0.00233756
internal_weight=1056.06 1047.01 106.197 82.2147 23.9821 940.81 445.681 495.13
internal_count=3942 3925 284 183 101 3641 1970 1671
is_linear=0
shrinkage=0.04


Tree=194
num_leaves=11
num_cat=0
split_feature=8 5 0 0 1 3 11 6 2 11
split_gain=5.65844 10.4414 8.22297 12.999 13.6513 10.1939 9.92825 7.32868 9.58039 1.49236
threshold=0.0055000000000000005 57.295000000000009 1.8335000000000001 1.6865000000000003 11982.170000000002 16350.485000000002 18.250000000000004 -0.005474999999999999 80.88000000000001 1064.0500000000002
decision_type=8 8 10 10 10 8 8 10 10 8
left_child=1 7 3 4 -2 6 -4 -1 -9 -3
right_child=2 9 5 -5 -6 -7 -8 8 -10 -11
leaf_value=0.04308015975770129 0.00098465166248313998 -0.044419699704442817 -0.062426377219154963 0.034833057900232507 -0.01541351900097165 0.01045353346843874 -0.0088691294238462236 -0.041882668481990265 0.023745954740983018 0
leaf_weight=16.25001735240221 874.6914331484586 3.6607399173080912 10.616942867636681 16.434860289096832 88.943498367443681 11.213086575269697 13.497264042496681 4.4619490411132601 11.638388540595768 2.6194277815520763
leaf_count=23 3296 31 63 24 306 30 60 60 35 14
internal_value=0 0.0149074 -0.000593247 7.44594e-05 -0.000515364 -0.0194179 -0.0340508 0.0244141 0.00363956 -0.0293028
internal_weight=1054.03 38.6305 1015.4 980.07 963.635 35.3273 24.1142 32.3504 16.1003 6.28017
internal_count=3942 163 3779 3626 3602 153 123 118 95 45
is_linear=0
shrinkage=0.04


Tree=195
num_leaves=11
num_cat=0
split_feature=23 18 10 18 18 21 17 20 5 3
split_gain=5.59013 20.2832 16.5484 13.6395 16.617 14.8774 12.9377 12.6542 10.6958 8.14224
threshold=1.0000000180025095e-35 2.5526250000000004 88.660000000000011 1.7255800000000001 1.6150750000000003 17.500000000000004 1.0000000180025095e-35 6.5000000000000009 57.215000000000011 8005.1200000000008
decision_type=8 10 10 10 10 10 10 10 10 8
left_child=2 3 8 4 -2 -5 7 -4 -1 -10
right_child=1 -3 6 5 -6 -7 -8 -9 9 -11
leaf_value=-0.016571613506060383 -0.0014762272688771004 -0.058173589753112001 -0.03627788696155753 0.034001780025048889 -0.060745044266697489 0.0029038881336022689 -0.053813885284460426 0.05968557610156399 0 0.037429097845399467
leaf_weight=9.3002398889511806 841.79902041982859 9.2736596465110761 3.5443857330828932 35.348273813724518 7.1613714322447768 84.320729531347752 9.4267297070473415 4.0836971253156662 11.80901877582073 37.149886293336749
leaf_count=39 3294 59 50 49 41 238 62 7 37 66
internal_value=-3.28375e-07 -0.000830097 0.0104443 -0.000230723 -0.00203519 0.0123594 -0.0232037 0.0131469 0.0207484 0.028338
internal_weight=1053.22 977.903 75.314 968.629 848.96 119.669 17.0548 7.62808 58.2591 48.9589
internal_count=3942 3681 261 3622 3335 287 119 57 142 103
is_linear=0
shrinkage=0.04


Tree=196
num_leaves=11
num_cat=0
split_feature=13 4 11 21 22 23 22 5 18 18
split_gain=5.62304 12.1245 14.1893 10.5217 9.10459 8.13252 18.4169 10.6203 7.99061 3.07743
threshold=1.0000000180025095e-35 1.7050000000000003 463.9500000000001 1.5000000000000002 5.7500000000000009 20.500000000000004 3.2500000000000004 56.875000000000007 0.13202000000000003 0.16564500000000001
decision_type=10 10 10 8 10 8 8 8 10 8
left_child=3 2 8 -1 -3 7 -7 -5 -2 -6
right_child=1 4 -4 5 9 6 -8 -9 -10 -11
leaf_value=-0.044819672708515265 -0.0069840363393208621 0.016726317786349004 -0.028123141151757888 0.010279965581726455 -0.0091683858836999529 -0.047434022974624672 0.011062518576956528 -0.0038121450764822969 0.032918798627960912 -0.062812093003271369
leaf_weight=8.1379580879583937 8.6099443007260543 5.5708064734935752 8.240173898637293 96.272126732394099 4.0283396095037451 8.5309268776327354 153.11536172963679 708.70585785619915 44.886390678584576 5.5979293361306182
leaf_count=112 68 11 39 343 28 53 543 2651 67 27
internal_value=-3.12798e-06 0.0103526 0.0183918 -0.000845857 -0.020577 -0.000431984 0.00771525 -0.00209662 0.0261211 -0.0438998
internal_weight=1051.7 76.9336 61.7365 974.762 15.1971 966.624 161.646 804.978 53.4963 9.62627
internal_count=3942 240 174 3702 66 3590 596 2994 135 55
is_linear=0
shrinkage=0.04


Tree=197
num_leaves=7
num_cat=0
split_feature=6 6 19 14 12 20
split_gain=5.47593 13.1145 8.14788 7.45301 29.51 15.8068
threshold=0.086185000000000025 0.071595000000000006 4.7500000000000009 1.0000000180025095e-35 24.500000000000004 17.500000000000004
decision_type=10 10 10 8 10 10
left_child=1 3 -2 4 -1 -5
right_child=2 -3 -4 5 -6 -7
leaf_value=-0.0042749209599464606 -0.0084463498214350802 -0.051786454605526493 0.032810124202127686 -0.0012315581682308468 0.024669160091007527 -0.043397318310759506
leaf_weight=156.99611018784344 11.401029624044897 7.4252296090126029 18.698313996195793 755.44756167102605 86.62638358771801 14.046456120908259
leaf_count=681 31 31 33 2978 126 62
internal_value=-6.90681e-06 -0.00052558 0.0166467 -0.000104792 0.00596443 -0.00205491
internal_weight=1050.64 1020.54 30.0993 1013.12 243.622 769.494
internal_count=3942 3878 64 3847 807 3040
is_linear=0
shrinkage=0.04


Tree=198
num_leaves=15
num_cat=0
split_feature=20 18 18 5 4 4 10 24 17 5 4 4 21 10
split_gain=5.47784 13.3751 17.5946 15.6862 12.3831 11.7842 22.6176 12.1847 11.7078 10.8032 15.5106 15.0938 10.2132 7.06459
threshold=3.5000000000000004 0.19103500000000004 0.22030500000000003 56.875000000000007 0.94450000000000001 1.8080000000000003 -43.554999999999993 0.055892955000000008 1.5000000000000002 57.165000000000006 1.2655000000000001 1.4470000000000003 5.5000000000000009 266.89000000000004
decision_type=10 10 10 8 8 8 8 10 8 10 10 10 10 10
left_child=5 4 13 -4 -2 9 7 -7 -8 11 -11 -1 -6 -3
right_child=1 2 3 -5 12 6 8 -9 -10 10 -12 -13 -14 -15
leaf_value=0.011500567713769149 -0.049582530971769873 0.005184259925306702 0.014563530514199435 -0.0042046176020774277 0.036862900337589072 -0.047382703773697757 0.017740382591913698 -0.0059014980078007911 -0.0085092560803844107 0.0091676747665260291 -0.034277722205019651 0.055094919820179528 -0.018459526636573739 0.052564895171714303
leaf_weight=47.993366111069918 16.884516831487417 9.8489694148302096 80.891574274748564 558.75832158792764 6.1694843042641905 23.120122892782092 61.048745362088084 24.503556471318007 47.138363774865866 103.11720711831003 14.463134242221711 17.931897684931755 24.413694633170962 13.00016890466213
leaf_count=215 182 25 197 1765 31 206 208 100 327 382 80 26 182 16
internal_value=-8.40119e-06 -0.0020252 -0.000517093 -0.00179039 -0.0224319 0.00414936 -0.00383987 -0.0267383 0.00613257 0.0110335 0.00353172 0.0239849 -0.00624256 0.0335467
internal_weight=1049.28 709.967 662.499 639.65 47.4677 339.316 155.811 47.6237 108.187 183.506 117.58 65.9253 30.5832 22.8491
internal_count=3942 2398 2003 1962 395 1544 841 306 535 703 462 241 213 41
is_linear=0
shrinkage=0.04


Tree=199
num_leaves=11
num_cat=0
split_feature=23 18 10 18 18 21 17 20 1 5
split_gain=5.44981 19.0202 15.427 12.6911 15.5724 14.2128 12.3521 11.8339 9.98699 13.9745
threshold=1.0000000180025095e-35 2.5526250000000004 88.660000000000011 1.7255800000000001 1.6150750000000003 17.500000000000004 1.0000000180025095e-35 6.5000000000000009 5518.8500000000013 57.235000000000007
decision_type=8 10 10 10 10 10 10 10 8 10
left_child=2 3 8 4 -2 -5 7 -4 -1 -10
right_child=1 -3 6 5 -6 -7 -8 -9 9 -11
leaf_value=-0.018633860369983626 -0.0014507413393478137 -0.056940441686631545 -0.035688145339046774 0.033268255132682299 -0.059467587232553347 0.0027060030663579792 -0.052827481065932658 0.057737385025095678 -0.0053545933616496065 0.040428202178081345
leaf_weight=8.063727602362631 838.75646500196308 9.0723942527547461 3.4207367850467589 34.862817719578743 6.9926611296832553 83.975575096905231 9.1905994955450279 4.0990889519453049 13.957840101793407 35.610156938433647
leaf_count=31 3294 59 50 49 41 238 62 7 57 54
internal_value=-6.25399e-06 -0.000824424 0.010376 -0.000246676 -0.00198891 0.0119413 -0.0224465 0.0131693 0.0203482 0.0272121
internal_weight=1048 973.66 74.3421 964.588 845.749 118.838 16.7104 7.51983 57.6317 49.568
internal_count=3942 3681 261 3622 3335 287 119 57 142 111
is_linear=0
shrinkage=0.04


Tree=200
num_leaves=5
num_cat=0
split_feature=11 4 3 22
split_gain=5.50784 7.04334 6.33656 6.71862
threshold=-140281.28999999995 0.033000000000000008 61.100000000000009 8.3500000000000032
decision_type=8 8 8 10
left_child=-1 -2 -3 -4
right_child=1 2 3 -5
leaf_value=0.022502763633357025 -0.040980104305832522 0.022411165336309789 0.0028801339370687446 -0.0036645007919634872
leaf_weight=16.575038611888885 6.3017647080123416 19.059845477342606 471.77731200587004 532.6530783129856
leaf_count=32 85 38 1384 2403
internal_value=-9.22801e-06 -0.000401727 -0.000112461 -0.000570704
internal_weight=1046.37 1029.79 1023.49 1004.43
internal_count=3942 3910 3825 3787
is_linear=0
shrinkage=0.04


Tree=201
num_leaves=15
num_cat=0
split_feature=24 23 2 17 5 24 2 20 8 20 18 22 3 18
split_gain=5.38567 9.50135 10.3386 9.46657 8.79208 8.00197 23.1426 18.753 12.3106 11.4487 18.0772 13.6197 2.2449 1.40978
threshold=0.019812860000000005 4.5000000000000009 165.62000000000003 4.5000000000000009 58.115000000000002 0.054121440000000014 237.32000000000002 6.5000000000000009 0.9165000000000002 3.5000000000000004 0.20166500000000004 6.0500000000000007 4161.4650000000011 0.18445000000000003
decision_type=8 10 10 8 8 8 10 10 10 8 8 10 8 8
left_child=1 4 3 -3 13 6 7 -2 -8 11 -11 -7 -4 -1
right_child=5 2 12 -5 -6 9 8 -9 -10 10 -12 -13 -14 -15
leaf_value=-0.0060260720953284391 -0.037407709346264591 -0.0048032790296216382 0.045519708662282062 0.036252838574300887 0.0058622886908747474 0.020707973995741841 0.029672478310133765 -0.00073581573568359815 -0.01903142986523863 -0.028521309779484853 -0.0005095865815763418 0.00027870115301514083 0.018863645991101491 -0.052060979208030621
leaf_weight=2.6483978945761937 50.417983809486032 40.623016085475683 15.324299916625025 10.854281969368456 13.928252205252646 85.302705246955156 27.761765390634537 41.771853059530258 10.83890558592975 39.168759561143816 546.91770640201867 138.62181912828237 14.478516038507221 6.8451186865568161
leaf_count=33 261 107 17 24 27 262 48 107 32 367 1801 780 35 41
internal_value=-7.29814e-06 0.00855672 0.0151255 0.00373432 -0.0132425 -0.000985674 -0.0101533 -0.0211008 0.0154166 0.00047527 -0.00243845 0.00817902 0.0337548 -0.042164
internal_weight=1045.5 104.702 81.2801 51.4773 23.4218 940.801 130.791 92.1898 38.6007 810.011 586.086 223.925 29.8028 9.49352
internal_count=3942 284 183 131 101 3658 448 368 80 3210 2168 1042 52 74
is_linear=0
shrinkage=0.04


Tree=202
num_leaves=12
num_cat=0
split_feature=6 6 5 3 12 21 14 5 5 21 6
split_gain=5.35295 15.7633 20.0637 17.281 15.7781 12.7523 12.0419 6.86649 14.8895 6.28435 2.23182
threshold=0.029940000000000005 0.010130000000000002 57.005000000000003 9071.6100000000024 24.500000000000004 17.500000000000004 1.0000000180025095e-35 57.07500000000001 57.175000000000004 24.500000000000004 0.040035000000000008
decision_type=10 10 8 8 10 10 10 10 10 10 10
left_child=1 4 -3 -4 5 -1 -6 -2 10 -10 -9
right_child=7 2 3 -5 6 -7 -8 8 9 -11 -12
leaf_value=0.0050953893077552983 0.029920091461002999 0.034416383371283006 -0.0070975278941651596 -0.036676756580270274 0.028276084344401806 -0.0067354889975212145 0 -0.016298454637035588 0.001873935949421913 0.019605476273524356 -0.060734064657026417
leaf_weight=268.75629851780832 16.962809383869171 12.507935956120489 97.938935024663806 48.113794457167387 55.200050823390484 315.65441288705915 40.949807729572058 5.8322928845882398 133.24391461908817 43.035669192671776 5.1230469942092896
leaf_count=1382 24 15 333 266 73 1311 101 19 322 75 21
internal_value=-6.53669e-06 -0.00143965 -0.0127875 -0.0170701 0.00118231 -0.00126086 0.0161688 0.00577406 0.00340612 0.00635913 -0.0405677
internal_weight=1043.32 839.121 158.561 146.053 680.561 584.411 96.1499 204.198 187.235 176.28 10.9553
internal_count=3942 3481 614 599 2867 2693 174 461 437 397 40
is_linear=0
shrinkage=0.04


Tree=203
num_leaves=10
num_cat=0
split_feature=21 4 20 21 4 21 21 4 4
split_gain=5.51608 11.929 10.3209 7.66638 10.9332 7.11307 13.8253 2.71391 2.43775
threshold=170.50000000000003 1.3495000000000001 5.5000000000000009 144.50000000000003 1.8950000000000002 135.50000000000003 122.50000000000001 0.69050000000000011 0.20200000000000004
decision_type=10 10 10 10 10 10 10 10 10
left_child=3 7 -3 5 8 6 -1 -2 -5
right_child=1 2 -4 4 -6 -7 -8 -9 -10
leaf_value=4.273781934094485e-05 0.01254440806457542 0.028652831557681339 -0.045652654125945283 -0.0062924953971099833 0.01938019018670907 0.032361494562159886 -0.042007016621341549 0.041413351030905841 -0.056670807069241401
leaf_weight=962.44044370949268 12.766138516366484 4.022362142801283 7.4938495382666588 3.0984550043940571 5.0175463669002047 10.161043505184351 12.163606055080889 14.627645701169966 9.4003175068646652
leaf_count=3623 30 5 56 23 13 35 81 15 61
internal_value=-4.82849e-06 0.0146547 -0.0179226 -0.000600899 -0.0264633 -0.000107381 -0.000482827 0.0291428 -0.046443
internal_weight=1041.19 38.91 11.5162 1002.28 17.5163 984.765 974.604 27.3938 12.4988
internal_count=3942 106 61 3836 97 3739 3704 45 84
is_linear=0
shrinkage=0.04


Tree=204
num_leaves=6
num_cat=0
split_feature=4 0 15 20 10
split_gain=5.2746 8.0091 7.95042 6.58981 3.98663
threshold=28.019000000000002 0.12800000000000003 0.70150000000000012 3.5000000000000004 2574.9350000000004
decision_type=10 8 10 10 10
left_child=1 -1 3 -3 -2
right_child=4 2 -4 -5 -6
leaf_value=0.031382435578797566 -0.046612387330708674 0.0048526148920068606 -0.041709928945239443 -0.0020413300951975448 0
leaf_weight=12.582046046853064 6.2832311773672682 327.89366254862398 6.799384517595171 681.78052092436701 4.7000496760010719
leaf_count=19 62 1477 39 2310 35
internal_value=-2.81615e-06 0.000278662 -0.000101919 0.000178987 -0.0269808
internal_weight=1040.04 1029.06 1016.47 1009.67 10.9833
internal_count=3942 3845 3826 3787 97
is_linear=0
shrinkage=0.04


Tree=205
num_leaves=10
num_cat=0
split_feature=21 21 23 10 11 1 11 23 21
split_gain=5.25755 11.3892 13.9692 7.16745 12.2483 13.6753 10.1844 9.00386 0.669343
threshold=170.50000000000003 191.50000000000003 20.500000000000004 20591.215000000004 9962.340000000002 13660.285000000002 9432.7300000000014 8.5000000000000018 186.00000000000003
decision_type=10 10 10 10 10 10 10 10 10
left_child=3 8 -3 4 6 -6 -1 -5 -2
right_child=1 2 -4 7 5 -7 -8 -9 -10
leaf_value=-0.00082362757357606485 0.018923162516065416 0.027767836479763192 -0.046728700058633076 0.043550221614231124 -0.049771359356460217 0.023975536122680819 0.046493540587903955 -0.0052023931585532127 0.040430552172167185
leaf_weight=952.04358773492277 10.853745475411415 6.8029173016548148 8.1187746450304967 12.525505110621454 15.473117602057757 4.6289537511765948 6.8259668350219718 9.9403694495558721 12.469916343688965
leaf_count=3640 30 19 41 18 116 10 13 39 16
internal_value=-3.60026e-06 0.0144345 -0.0116691 -0.000581889 -0.00111894 -0.031649 -0.000441885 0.0214644 0.0318687
internal_weight=1039.68 38.2454 14.9217 1001.44 978.972 20.1021 958.87 22.4659 23.3237
internal_count=3942 106 60 3836 3779 126 3653 57 46
is_linear=0
shrinkage=0.04


Tree=206
num_leaves=12
num_cat=0
split_feature=18 11 23 23 23 22 21 5 5 21 6
split_gain=5.14365 16.0028 10.1929 10.9752 9.59074 17.142 18.6959 12.1881 44.1811 24.6565 4.06248
threshold=0.14275000000000002 -4928.9799999999987 20.500000000000004 11.500000000000002 20.500000000000004 3.2500000000000004 189.50000000000003 56.875000000000007 56.915000000000006 111.50000000000001 0.033355000000000003
decision_type=8 10 10 10 10 10 10 8 8 10 10
left_child=1 10 3 -3 7 -6 -7 9 -9 -2 -1
right_child=4 2 -4 -5 5 6 -8 8 -10 -11 -12
leaf_value=-0.045755665893520536 0.0044196887135378934 -0.0092528935281428869 -0.040945380186862855 0.019443620419072657 -0.046476911422283863 0.020408882029224706 -0.03570716775370842 -0.041344408498538703 0.00014356170324100962 0.064731233562656962 0
leaf_weight=18.337950849905614 77.832693956792355 45.669464925304055 8.5536452494561654 38.525951214134693 7.0393368005752555 104.96995362266898 9.7492256239056569 43.192679299041629 668.77343550138175 12.313795179128645 3.6905985698103896
leaf_count=250 227 451 140 284 30 227 46 260 2004 12 11
internal_value=0 -0.00798534 -0.00041931 0.00367912 0.000975194 0.0114196 0.0153321 -0.000591452 -0.00237256 0.0131903 -0.0382373
internal_weight=1038.65 114.778 92.7491 84.1954 923.871 121.759 114.719 802.113 711.966 90.1465 22.0285
internal_count=3942 1136 875 735 2806 303 273 2503 2264 239 261
is_linear=0
shrinkage=0.04


Tree=207
num_leaves=10
num_cat=0
split_feature=23 18 21 18 21 22 1 5 17
split_gain=5.23659 17.5276 14.2493 12.3386 14.3831 13.8661 10.2325 12.3693 1.82758
threshold=1.0000000180025095e-35 2.5526250000000004 3.5000000000000004 1.7255800000000001 8.5000000000000018 23.650000000000002 5518.8500000000013 57.235000000000007 5.5000000000000009
decision_type=8 10 10 10 10 10 8 10 8
left_child=2 3 8 4 -2 -5 -4 -8 -1
right_child=1 -3 6 5 -6 -7 7 -9 -10
leaf_value=-0.048968053630494217 0.0043593967476630475 -0.055476523767681842 -0.021500171881579572 0.018664900651938314 -0.0063020478500187029 -0.015485300884621767 -0.0017262489181504709 0.036926023305048745 -0.0019355665261977276
leaf_weight=5.6431250572204563 337.78818604629487 8.7957169208675605 8.6060923859477025 94.628079067915678 499.53437487781048 22.738066203892231 19.039255763404071 36.63016696088016 2.929132169112564
leaf_count=43 1451 59 34 206 1884 81 93 61 30
internal_value=-2.3065e-06 -0.000805505 0.0102812 -0.000252097 -0.00197716 0.0118415 0.0170058 0.023453 -0.036094
internal_weight=1036.33 963.484 72.8478 954.689 837.323 117.366 64.2755 55.6694 8.57226
internal_count=3942 3681 261 3622 3335 287 188 154 73
is_linear=0
shrinkage=0.04


Tree=208
num_leaves=5
num_cat=0
split_feature=11 4 3 18
split_gain=5.19708 6.70726 6.00664 6.3333
threshold=-140281.28999999995 0.033000000000000008 61.100000000000009 0.69803000000000004
decision_type=8 8 8 8
left_child=-1 -2 -3 -4
right_child=1 2 3 -5
leaf_value=0.022092686546647089 -0.040661482835195342 0.021867116406702775 -0.0030967371491680256 0.0034572196483603191
leaf_weight=16.221958391368389 6.0767070846632114 18.976945504546165 611.79800727684051 381.88128324598074
leaf_count=32 85 38 2715 1072
internal_value=-6.01759e-06 -0.000388198 -0.00010684 -0.000557394
internal_weight=1034.95 1018.73 1012.66 993.679
internal_count=3942 3910 3825 3787
is_linear=0
shrinkage=0.04


Tree=209
num_leaves=12
num_cat=0
split_feature=8 11 8 8 8 8 18 24 20 6 6
split_gain=4.98499 9.62999 10.2504 7.64212 15.9975 20.6202 18.8534 15.0982 19.9322 5.39705 5.30308
threshold=0.0055000000000000005 225.66500000000005 1.0000000180025095e-35 0.75050000000000006 0.92000000000000015 0.9295000000000001 0.19629500000000003 0.012134855000000002 10.500000000000002 -0.005474999999999999 0.029940000000000005
decision_type=8 10 8 8 8 8 10 10 10 10 10
left_child=1 2 -1 7 6 -6 -5 -2 -9 -3 -11
right_child=3 9 -4 4 5 -7 -8 8 -10 10 -12
leaf_value=-0.046274775273265727 0.041287515485898478 0.04130774553221845 0.037513832654389359 -0.026007006987841214 -0.075523733391367517 -0.00086363251890615126 0.018775401773816137 -0.020431078002340133 0.014642906539614104 -0.023354414149796554 0.027553807908858113
leaf_weight=6.6406987439841005 8.3792080134153348 15.909093528985977 2.790553331375123 16.348380582407117 5.4803026691079131 702.47304754145443 122.60003869608045 108.7934980802238 32.911195769906044 5.2207033224403858 6.8052202463150024
leaf_count=74 13 25 2 96 37 2857 248 462 66 51 11
internal_value=-4.17674e-06 0.0142214 -0.0188287 -0.000564254 0.000890146 -0.0015227 0.0132886 -0.00887974 -0.0121216 0.0262179 0.00380674
internal_weight=1034.35 37.3663 9.43125 996.986 846.902 707.953 138.948 150.084 141.705 27.935 12.0259
internal_count=3942 163 76 3779 3238 2894 344 541 528 87 62
is_linear=0
shrinkage=0.04


Tree=210
num_leaves=11
num_cat=0
split_feature=13 4 11 21 22 23 22 17 18 18
split_gain=5.05142 10.4894 13.0681 9.76427 8.31396 7.5077 16.4161 9.53214 7.39129 2.91521
threshold=1.0000000180025095e-35 1.7050000000000003 463.9500000000001 1.5000000000000002 5.7500000000000009 20.500000000000004 3.2500000000000004 1.5000000000000002 0.13202000000000003 0.16564500000000001
decision_type=10 10 10 8 10 10 10 8 10 8
left_child=3 2 8 -1 -3 7 -7 -5 -2 -6
right_child=1 4 -4 5 9 6 -8 -9 -10 -11
leaf_value=-0.044077602970931301 -0.0071734951152744421 0.016445939984050362 -0.027283191668217927 0.0018523160844819881 -0.0075767216887197173 -0.044294516830887219 0.012450057239447483 -0.0068290661576622513 0.031925437276525734 -0.060557579048235576
leaf_weight=7.7795782806351772 8.2379352841526252 5.5164777413010588 8.0873152632266265 471.09810773935169 3.8824570178985587 8.1383187863975746 120.30276990681887 351.04309395654127 43.233719132840633 5.4041610583662978
leaf_count=112 68 11 39 1423 28 51 379 1737 67 27
internal_value=-3.18182e-06 0.00998433 0.0176368 -0.000803802 -0.019068 -0.000405634 0.00854166 -0.0018321 0.0252741 -0.0419702
internal_weight=1032.72 74.3621 59.559 958.362 14.8031 950.582 128.441 822.141 51.4717 9.28662
internal_count=3942 240 174 3702 66 3590 430 3160 135 55
is_linear=0
shrinkage=0.04


Tree=211
num_leaves=6
num_cat=0
split_feature=4 0 15 20 10
split_gain=4.93565 7.50503 7.2997 6.36561 3.78788
threshold=28.019000000000002 0.12800000000000003 0.70150000000000012 3.5000000000000004 2574.9350000000004
decision_type=10 8 10 10 10
left_child=1 -1 3 -3 -2
right_child=4 2 -4 -5 -6
leaf_value=0.030599453325775114 -0.045970893790437346 0.0047808926828385619 -0.040356846507784788 -0.002025745727181658 0
leaf_weight=12.388413995504377 6.0711302319541556 324.71859169006348 6.6615951927378765 676.49381291214377 4.6301919016987085
leaf_count=19 62 1477 39 2310 35
internal_value=-7.08316e-06 0.00026331 -0.000104725 0.000163139 -0.0264329
internal_weight=1030.96 1020.26 1007.87 1001.21 10.7013
internal_count=3942 3845 3826 3787 97
is_linear=0
shrinkage=0.04


Tree=212
num_leaves=7
num_cat=0
split_feature=6 6 19 23 23 4
split_gain=4.91989 11.75 8.60254 6.97308 31.9218 13.9978
threshold=0.086185000000000025 0.071595000000000006 3.7500000000000004 5.5000000000000009 3.5000000000000004 0.18750000000000003
decision_type=10 10 8 8 10 8
left_child=1 3 -2 4 -1 -5
right_child=2 -3 -4 5 -6 -7
leaf_value=0.0011191679811456275 -0.01477224758374999 -0.048789630952278208 0.030543851666928253 0.022354373492692429 -0.032494593578479766 0.00042854135735624735
leaf_weight=230.08763165213168 8.8640214726328832 7.5001452788710585 20.230716317892078 49.827918184921145 55.449817297980189 658.65454314462841
leaf_count=800 26 31 38 162 317 2568
internal_value=-7.69271e-06 -0.000501787 0.0160457 -9.29858e-05 -0.00538391 0.00201348
internal_weight=1030.61 1001.52 29.0947 994.02 285.537 708.482
internal_count=3942 3878 64 3847 1117 2730
is_linear=0
shrinkage=0.04


Tree=213
num_leaves=11
num_cat=0
split_feature=5 21 18 5 21 20 11 22 10 18
split_gain=4.81321 27.2139 48.7285 20.2408 42.7469 27.825 13.3717 11.3785 11.156 9.94058
threshold=56.875000000000007 111.50000000000001 0.73354500000000011 56.915000000000006 12.500000000000002 2.5000000000000004 44527.320000000007 3.3500000000000001 -6352.2149999999992 0.12040000000000002
decision_type=8 10 10 8 10 10 10 10 10 8
left_child=1 2 7 4 5 -2 9 -1 -4 -5
right_child=3 -3 8 6 -6 -7 -8 -9 -10 -11
leaf_value=0.010894837495988545 -0.049962704072173202 0.062827597673675864 0.040262228199847441 -0.014205529992004466 -0.053845743763275257 0.047484371092711468 -0.057908363145379303 -0.049860568518720526 0.0028354065646625142 0.0021775785874912079
leaf_weight=5.2329720407724407 6.0642312113195684 12.286074459552763 28.541353866457939 63.262062855064869 31.941112158820033 15.194617897272108 5.7111766077578059 26.071008164435625 25.04298310726881 810.38928580284119
leaf_count=14 81 12 30 715 242 59 42 254 62 2431
internal_value=-6.39114e-06 0.00842214 0 -0.000910133 -0.0247586 0.0182584 0.000523175 -0.0390638 0.0233283 0.000960933
internal_weight=1029.74 97.1744 84.8883 932.562 53.2 21.2588 879.363 31.304 53.5843 873.651
internal_count=3942 372 360 3570 382 140 3188 268 92 3146
is_linear=0
shrinkage=0.04


Tree=214
num_leaves=12
num_cat=0
split_feature=8 11 8 0 0 1 3 11 2 10 2
split_gain=4.86643 9.00884 9.74335 7.3549 11.9837 12.4265 9.14893 9.45255 4.96145 4.03387 1.24148
threshold=0.0055000000000000005 225.66500000000005 1.0000000180025095e-35 1.8335000000000001 1.6865000000000003 11982.170000000002 16350.485000000002 18.250000000000004 131.75000000000003 16296.295000000002 20.775000000000002
decision_type=8 10 10 10 10 10 8 8 10 10 10
left_child=1 2 -1 4 5 -2 7 -5 10 -10 -3
right_child=3 8 -4 6 -6 -7 -8 -9 9 -11 -12
leaf_value=-0.045670849985025783 0.00095495396774172771 0.053954236783728848 0.036899500488031471 -0.061007636209101199 0.034068652749631362 -0.014876729250197378 0.010015314502222046 -0.0079034060697402101 -0.021344207923634229 0.027959053868944941 0.023829946723046388
leaf_weight=6.4127935664728266 853.22820321004838 7.0872259289026323 2.7313892841339111 10.205558408051729 15.826869413256643 86.854374075308442 10.850952662527559 13.142177034169436 5.0464672818779928 4.524638295173645 10.941596835851668
leaf_count=74 3296 6 2 63 24 306 30 60 34 8 39
internal_value=-7.45665e-06 0.014167 -0.0182988 -0.000560564 7.52379e-05 -0.000493605 -0.0186536 -0.0327469 0.0257693 0.000208436 0.0378878
internal_weight=1026.85 36.7441 9.14418 990.108 955.909 940.083 34.1987 23.3477 27.5999 9.57111 18.0288
internal_count=3942 163 76 3779 3626 3602 153 123 87 42 45
is_linear=0
shrinkage=0.04


Tree=215
num_leaves=9
num_cat=0
split_feature=10 11 1 11 22 23 11 18
split_gain=4.83779 9.83459 12.1858 9.06039 11.0271 8.51049 16.7999 3.08594
threshold=17975.925000000003 9962.340000000002 13660.285000000002 9432.7300000000014 22.450000000000003 8.5000000000000018 22728.490000000002 0.048015000000000009
decision_type=10 10 10 10 10 10 10 8
left_child=1 3 7 4 -1 -2 -7 -3
right_child=5 2 -4 -5 -6 6 -8 -9
leaf_value=0.0012285257498399682 0.039792288351393298 0 0.023710337533697456 0.044454772096322974 -0.012228014015488359 0.02760258083056848 -0.05476413433495015 -0.055184338663216662
leaf_weight=862.72608861979097 12.76865164190531 2.3342254795134076 4.5078079812228671 6.8008596226572982 109.25432865414768 9.8877346366643888 5.8590590059757224 11.844919313676655
leaf_count=3111 22 21 10 13 613 20 42 90
internal_value=-4.07563e-06 -0.000491652 -0.0288545 4.38853e-05 -0.000268984 0.0160766 -0.00255559 -0.0471667
internal_weight=1025.98 997.468 18.687 978.781 971.98 28.5154 15.7468 14.1791
internal_count=3942 3858 121 3737 3724 84 62 111
is_linear=0
shrinkage=0.04


Tree=216
num_leaves=5
num_cat=0
split_feature=11 4 3 23
split_gain=4.82216 6.36283 5.47361 5.69695
threshold=-140281.28999999995 0.033000000000000008 61.100000000000009 1.0000000180025095e-35
decision_type=8 8 8 8
left_child=-1 -2 -3 -4
right_child=1 2 3 -5
leaf_value=0.021529417128921213 -0.040257805304562543 0.020999558267645376 0.010285185183585257 -0.0014019167998005966
leaf_weight=15.846532709896563 5.861202423926442 18.753440380096436 71.309966679662466 913.13623000960797
leaf_count=32 85 38 256 3531
internal_value=-2.05397e-06 -0.000370495 -9.75884e-05 -0.000530245
internal_weight=1024.91 1009.06 1003.2 984.446
internal_count=3942 3910 3825 3787
is_linear=0
shrinkage=0.04


Tree=217
num_leaves=8
num_cat=0
split_feature=24 22 24 22 5 22 24
split_gain=4.80269 9.59697 10.122 9.20189 8.82182 1.40015 0.895487
threshold=21.697062730000003 0.75000000000000011 17.985280250000006 2.6500000000000008 56.915000000000006 9.3500000000000032 15.951678705000001
decision_type=10 8 10 8 10 8 10
left_child=1 4 3 -3 -1 -4 -6
right_child=-2 2 5 -5 6 -7 -8
leaf_value=0.019229111150271479 0.029047820653485493 0.013311647386309629 -0.05491601302052293 -0.00055447753727413138 -0.057188487901255157 -0.012253105053672419 -0.013377011301542879
leaf_weight=3.2547665238380423 8.5142785012721998 82.962360603734851 5.2913612127304051 909.55619672173634 8.3664867393672449 3.8575554080307493 2.6526974439620963
leaf_count=6 10 198 25 3604 59 21 19
internal_value=-1.99938e-07 -0.000277488 0.000174605 0.000590539 -0.0322888 -0.0405675 -0.0494162
internal_weight=1024.46 1015.94 1001.67 992.519 14.274 9.14892 11.0192
internal_count=3942 3932 3848 3802 84 46 78
is_linear=0
shrinkage=0.04


Tree=218
num_leaves=15
num_cat=0
split_feature=24 23 2 19 24 2 4 8 21 11 11 5 3 18
split_gain=4.82024 8.92877 9.73098 8.97461 7.93881 21.0517 16.5454 11.2409 10.7229 22.241 15.0607 7.8979 2.06608 1.35171
threshold=0.019812860000000005 4.5000000000000009 165.62000000000003 30.400000000000002 0.054121440000000014 237.32000000000002 2.4255000000000004 0.9165000000000002 19.500000000000004 -15530.194999999998 -5681.1849999999986 58.115000000000002 4161.4650000000011 0.19629500000000003
decision_type=8 10 10 10 8 10 8 10 10 10 8 8 8 10
left_child=1 11 3 -3 5 6 -2 -7 10 -10 -6 13 -4 -1
right_child=4 2 12 -5 8 7 -8 -9 9 -11 -12 -13 -14 -15
leaf_value=-0.0050258660048328645 -0.0077301883799851716 0.010811380123779621 0.04480222511195607 -0.035835543175530782 -0.009612691771922699 0.028650499856648453 -0.044173761683602424 -0.018242571838948073 0.0096718076410987185 -0.011315024282506286 0.0087441716983145713 0.0048378402445608945 0.018505068655734595 -0.051139264217909847
leaf_weight=2.5275306971743721 59.376188900321722 43.735253416001797 14.608103759586813 7.1657507568597785 89.289950164966285 26.713127378374338 31.155799273401499 10.750982021912931 118.48976348154247 247.50175296654925 338.0288150338456 13.646512135863302 14.093573503196238 6.5645516365766525
leaf_count=33 213 97 17 34 374 48 155 32 273 1164 1399 27 35 41
internal_value=-2.57747e-06 0.00819142 0.0146121 0.0035707 -0.000938436 -0.0101699 -0.0206654 0.0146039 0.000531275 -0.00446204 0.00485493 -0.0132561 0.0331122 -0.0413353
internal_weight=1023.65 102.341 79.6027 50.901 921.306 127.996 90.532 37.4641 793.31 365.992 427.319 22.7386 28.7017 9.09208
internal_count=3942 284 183 131 3658 448 368 80 3210 1437 1773 101 52 74
is_linear=0
shrinkage=0.04


Tree=219
num_leaves=14
num_cat=0
split_feature=16 1 1 18 1 23 24 22 4 24 24 1 10
split_gain=4.9652 20.5323 13.5574 11.9955 12.5429 11.1667 10.8576 10.3593 15.392 9.21377 7.7994 6.64058 3.16167
threshold=6.5000000000000009 11230.220000000003 23715.790000000005 0.081500000000000017 563.46000000000015 5.5000000000000009 10.695887090000001 6.8500000000000005 1.3755000000000002 0.053274075000000011 0.085588310000000015 4153.3300000000008 2979.0700000000006
decision_type=10 8 8 8 8 8 10 10 10 10 10 10 10
left_child=3 7 -3 6 9 -6 -1 8 -2 -5 -4 -9 -8
right_child=1 2 10 4 5 -7 12 11 -10 -11 -12 -13 -14
leaf_value=-0.042341923893350723 -0.040700114709423182 -0.060311648271108569 -0.036082428658269688 0.013570313813601987 -0.0069053742020929775 0.0033980286649022739 -0.017540182629410369 0.012476671310948996 0.016300752419635866 -0.049459653886401826 0.012192435051383297 0.037288585024099284 0.02334776908910631
leaf_weight=20.348583084531132 11.20322508364916 9.2664535716176015 7.4040599539876011 4.2145209088921574 233.43917258456349 597.00797150796279 4.4067684039473516 46.29357972368598 20.664539910852909 13.314935777336357 15.587014358490704 31.962167006917298 6.5652184262871742
leaf_count=453 49 65 63 9 858 2026 38 133 46 76 40 58 28
internal_value=-3.31388e-06 0.00689303 -0.0207002 -0.00114603 -0.000217322 0.000475255 -0.0252628 0.0152135 -0.00343937 -0.0332403 -0.00293975 0.023037 0.0051335
internal_weight=1021.68 142.381 32.2575 879.297 847.977 830.447 31.3206 110.124 31.8678 17.5295 22.9911 78.2557 10.972
internal_count=3942 454 168 3488 2969 2884 519 286 95 85 103 191 66
is_linear=0
shrinkage=0.04


Tree=220
num_leaves=11
num_cat=0
split_feature=13 4 11 21 22 18 23 18 21 18
split_gain=4.80098 9.70125 11.7269 8.90075 7.6199 6.72595 6.39668 15.9741 9.07732 2.69375
threshold=1.0000000180025095e-35 1.7050000000000003 463.9500000000001 1.5000000000000002 5.7500000000000009 0.13202000000000003 20.500000000000004 0.47929000000000005 181.00000000000003 0.16564500000000001
decision_type=10 10 10 8 10 10 10 10 10 8
left_child=3 2 5 -1 -3 -2 8 -8 -5 -6
right_child=1 4 -4 6 9 -7 7 -9 -10 -11
leaf_value=-0.04343604741975006 -0.0065077540198871979 0.015900037608417662 -0.025299212166830398 -0.0022388873222873636 -0.0069049845774561179 0.031112625993441004 -0.012878480745761074 0.017487459563679381 0.035423491478696209 -0.05866427303479043
leaf_weight=7.274623396806418 8.0483732335269433 5.3762017935514441 8.0197540018707496 803.10251238616183 3.7931454181671134 42.132522612810135 39.315505905076861 87.442027911543846 9.8217473328113538 5.273351125419139
leaf_count=112 68 11 39 3139 28 67 244 186 21 27
internal_value=-5.67434e-06 0.00984825 0.0172951 -0.000787501 -0.0183971 0.0246795 -0.000413137 0.00789831 -0.00173777 -0.0405931
internal_weight=1019.6 72.6433 58.2006 946.956 14.4427 50.1809 939.682 126.758 812.924 9.0665
internal_count=3942 240 174 3702 66 135 3590 430 3160 55
is_linear=0
shrinkage=0.04


Tree=221
num_leaves=11
num_cat=0
split_feature=5 21 18 5 18 20 11 22 10 18
split_gain=4.65356 25.3562 45.5094 18.647 40.9547 20.3535 12.2172 10.8844 10.3503 9.05999
threshold=56.875000000000007 111.50000000000001 0.73354500000000011 56.915000000000006 0.25073000000000006 2.5000000000000004 44527.320000000007 3.3500000000000001 -6352.2149999999992 0.12040000000000002
decision_type=8 10 10 8 10 10 10 10 10 8
left_child=1 2 7 4 5 -2 9 -1 -4 -5
right_child=3 -3 8 6 -6 -7 -8 -9 -10 -11
leaf_value=0.010323874382773972 -0.04705915931061376 0.060971079263404969 0.039237140807521657 -0.013779240993438278 -0.053887408200126517 0.039549760244066229 -0.056668883185207353 -0.04934120029690927 0.0029199057231135395 0.0020467897964195412
leaf_weight=5.2100477442145374 5.2154553383588818 12.215701058506964 27.899425879120827 61.701008054427803 30.299817083869129 16.366961281746626 5.4352378174662581 25.066407021135092 24.955639420077205 803.55891877785325
leaf_count=14 84 12 30 715 220 78 42 254 62 2431
internal_value=-7.74332e-06 0.00836125 7.30938e-05 -0.000898396 -0.0240846 0.0171231 0.000473274 -0.0384231 0.0226528 0.000887841
internal_weight=1017.92 95.3472 83.1315 922.577 51.8822 21.5824 870.695 30.2765 52.8551 865.26
internal_count=3942 372 360 3570 382 162 3188 268 92 3146
is_linear=0
shrinkage=0.04


Tree=222
num_leaves=9
num_cat=0
split_feature=10 11 1 11 10 4 18 18
split_gain=4.72314 8.97801 11.5051 8.39797 10.5173 8.08219 12.5026 3.08999
threshold=17975.925000000003 9962.340000000002 13660.285000000002 9432.7300000000014 3804.7300000000005 0.92850000000000021 0.41446000000000005 0.048015000000000009
decision_type=10 10 10 10 10 10 10 8
left_child=1 3 7 4 -1 -2 -7 -3
right_child=5 2 -4 -5 -6 6 -8 -9
leaf_value=0.00064946004198825069 0.033494196545180689 0 0.023189007010905368 0.042863223317096744 -0.01859421124814796 0.026395120016692912 -0.054480964278650852 -0.054356729909161662
leaf_weight=915.0134752439335 16.754996649920944 2.3090459406375894 4.4571333974599829 6.7712761089205733 47.279180198907852 6.1757888533174974 4.9734161198139191 11.443549118004739
leaf_count=3501 35 21 10 13 223 14 35 90
internal_value=-8.75886e-06 -0.000490851 -0.027937 1.84037e-05 -0.000284409 0.0160523 -0.008755 -0.0461421
internal_weight=1015.18 987.274 18.2097 969.064 962.293 27.9042 11.1492 13.7526
internal_count=3942 3858 121 3737 3724 84 49 111
is_linear=0
shrinkage=0.04


Tree=223
num_leaves=14
num_cat=0
split_feature=16 1 1 18 1 24 14 22 4 24 6 1 10
split_gain=4.69789 19.2913 12.8173 10.6459 11.5361 10.58 10.2072 9.63716 14.4104 8.63265 7.54089 6.18822 2.87317
threshold=6.5000000000000009 11230.220000000003 23715.790000000005 0.081500000000000017 563.46000000000015 10.695887090000001 1.0000000180025095e-35 6.8500000000000005 1.3755000000000002 0.053274075000000011 0.058615000000000007 4153.3300000000008 2979.0700000000006
decision_type=10 8 8 8 8 10 8 10 10 10 10 10 10
left_child=3 7 -3 5 9 -1 -6 8 -2 -5 -4 -9 -7
right_child=1 2 10 4 6 12 -8 11 -10 -11 -12 -13 -14
leaf_value=-0.042029428268473445 -0.03937248669640396 -0.059258248711321855 -0.01998578770936385 0.013211484032945482 0.0090607679565429949 -0.01597497271927709 -0.0018555780372984147 0.012160746022437148 0.015917541230076805 -0.047848338730706888 0.027178136396595873 0.036265782350222472 0.022974391888311966
leaf_weight=19.12401060201228 11.143603615462782 9.0462249517440814 15.020331898704173 4.197875767946246 172.67482184804976 4.3999412618577463 653.24110820749775 46.06808228045702 20.564568221569061 13.201694834977387 7.7048448622226706 31.569796334952116 6.483663234859705
leaf_count=453 49 65 89 9 460 38 2424 133 46 76 14 58 28
internal_value=-6.7137e-06 0.00673159 -0.0202311 -0.00112165 -0.000257767 -0.024342 0.00040661 0.0148043 -0.00320234 -0.032042 -0.00289314 0.0223878 0.00546127
internal_weight=1014.44 141.117 31.7714 873.323 843.316 30.0076 825.916 109.346 31.7082 17.3996 22.7252 77.6379 10.8836
internal_count=3942 454 168 3488 2969 519 2884 286 95 85 103 191 66
is_linear=0
shrinkage=0.04


Tree=224
num_leaves=13
num_cat=0
split_feature=19 10 24 0 10 1 23 23 4 6 11 10
split_gain=4.61825 15.8545 11.9119 8.47126 16.1452 11.9888 11.3584 29.8585 13.6402 7.41364 1.82929 1.37645
threshold=63.950000000000003 1805.4200000000003 0.069019860000000016 0.39850000000000008 -1414.3299999999997 191.64000000000001 5.5000000000000009 2.5000000000000004 0.18750000000000003 0.031225000000000006 -11488.379999999999 -2162.2949999999996
decision_type=10 10 10 8 10 10 8 10 8 10 10 10
left_child=3 2 11 4 10 -6 7 -5 -8 -4 -1 -2
right_child=1 -3 9 6 5 -7 8 -9 -10 -11 -12 -13
leaf_value=0.016552458915020968 -0.022961669731644561 0.02137464146021506 -0.018608735102698757 0.002450340654026197 0.019842265093984995 -0.046088730798301086 0.024094932261663225 -0.026268976441609956 0.00096919135744742018 0.031107159577737034 0.041960434564614867 -0.060938574654259212
leaf_weight=11.216579165309669 5.1225509047508231 16.136370539665222 18.865618914365772 166.21991744730622 7.6645601913332966 8.599560007452963 43.452234002761543 87.491404599510133 610.84318091347814 5.7178213670849791 19.994617465883493 10.866245305165647
leaf_count=30 21 38 80 602 25 36 142 461 2415 8 25 59
internal_value=-7.87197e-06 -0.0110665 -0.0245591 0.000632992 0.0170195 -0.0141602 -0.000210663 -0.00740692 0.00255276 -0.00585848 0.033865 -0.0510496
internal_weight=1012.19 56.7086 40.5722 955.482 47.4753 16.2641 908.007 253.711 654.295 24.5834 31.2112 15.9888
internal_count=3942 206 168 3736 116 61 3620 1063 2557 88 55 80
is_linear=0
shrinkage=0.04


Tree=225
num_leaves=9
num_cat=0
split_feature=4 4 22 8 22 11 4 22
split_gain=4.62529 6.21504 15.9682 19.7362 8.6749 24.4564 15.9849 4.00138
threshold=0.018500000000000003 0.17950000000000002 16.250000000000004 0.68050000000000022 17.950000000000003 3956.4700000000003 0.24250000000000002 20.450000000000003
decision_type=8 8 10 10 10 8 8 10
left_child=-1 2 3 -2 6 -6 -3 -4
right_child=1 4 7 -5 5 -7 -8 -9
leaf_value=-0.038628940290874429 -0.052238554521204281 -0.05451873869378171 0.04690735032534734 0.011517850738896203 -0.014907721222661015 0.019585188788108658 0.0019794899919359172 0.016613588130298319
leaf_weight=4.4410266550257793 10.351534691639243 7.5851052626967421 15.114056896418331 26.106158502399921 163.87481090985239 40.237614100798965 723.35588492453098 19.66124354256317
leaf_count=59 94 42 21 67 987 168 2449 55
internal_value=-4.39957e-06 0.000165296 0.0115281 -0.00650535 -0.000684647 -0.00797899 0.00132899 0.0308251
internal_weight=1010.73 1006.29 71.233 36.4577 935.053 204.112 730.941 34.7753
internal_count=3942 3883 237 161 3646 1155 2491 76
is_linear=0
shrinkage=0.04


Tree=226
num_leaves=11
num_cat=0
split_feature=13 4 11 21 22 8 22 20 18 18
split_gain=4.68616 9.10997 10.5783 8.03021 7.03541 6.26738 11.8353 8.71627 6.04394 2.57667
threshold=1.0000000180025095e-35 1.7050000000000003 463.9500000000001 1.5000000000000002 5.7500000000000009 0.97750000000000015 4.4500000000000011 18.500000000000004 0.13202000000000003 0.16564500000000001
decision_type=10 10 10 8 10 10 10 10 10 8
left_child=3 2 8 -1 -3 7 -7 -5 -2 -6
right_child=1 4 -4 5 9 6 -8 -9 -10 -11
leaf_value=-0.042672644970650445 -0.0053256299299172484 0.01529458597089488 -0.023363454290296706 0.0015943615042470333 -0.00606718229744056 -0.03086737913463625 -0.0024586696752771178 -0.036966802090087347 0.030382889151027114 -0.057087146466083316
leaf_weight=6.7737918244674793 7.9846884831786147 5.2992365360260001 7.9745763260871163 753.7778874640353 3.7291899770498267 28.23371422290802 140.21328229736537 8.9669352024793607 41.314611285924911 5.1770361587405196
leaf_count=112 68 11 39 3015 28 117 416 42 67 27
internal_value=-4.40191e-06 0.00981141 0.0170885 -0.000778574 -0.0177518 -0.000429619 -0.00741595 0.00109091 0.0242024 -0.0393085
internal_weight=1009.44 71.4793 57.2739 937.966 14.2055 931.192 168.447 762.745 49.2993 8.90623
internal_count=3942 240 174 3702 66 3590 533 3057 135 55
is_linear=0
shrinkage=0.04


Tree=227
num_leaves=6
num_cat=0
split_feature=24 24 22 10 22
split_gain=4.65985 11.2498 9.69403 10.0615 8.95199
threshold=20.483395975000004 17.985280250000006 0.75000000000000011 8662.6400000000012 2.6500000000000008
decision_type=10 10 8 10 8
left_child=1 2 3 -1 -4
right_child=-2 -3 4 -5 -6
leaf_value=-0.05457716353041029 0.026030868583744173 -0.044989792503942451 0.013178704681370754 0.021611933046607419 -0.00059231704068177194
leaf_weight=9.4522829949855787 10.358311563730238 8.4389127958565933 81.843059398233891 3.0900012552738181 895.3073592199944
leaf_count=65 13 50 198 12 3604
internal_value=-1.04225e-05 -0.000313597 6.96757e-05 -0.0341643 0.000546794
internal_weight=1008.49 998.132 989.693 12.5423 977.15
internal_count=3942 3929 3879 77 3802
is_linear=0
shrinkage=0.04


Tree=228
num_leaves=9
num_cat=0
split_feature=5 4 4 18 5 5 20 24
split_gain=4.56312 5.33613 20.9764 18.7064 17.108 14.7849 11.8385 3.52248
threshold=58.275000000000013 0.76350000000000018 0.84450000000000014 0.12494500000000001 56.915000000000006 57.055000000000007 5.5000000000000009 20.483395975000004
decision_type=10 10 10 8 8 8 10 10
left_child=1 3 6 7 -5 -4 -3 -1
right_child=-2 2 5 4 -6 -7 -8 -9
leaf_value=-0.043099857160032118 0.028915402404280047 0.033196200867405691 0.0089429190470387068 -0.027018720351159625 0.0011779678567334143 -0.0059428917586291279 0.0055850451205601724 0.0034710538627902594
leaf_weight=21.329155678860847 8.1385288760066015 47.09479852207005 153.60986862238497 37.746230850927532 336.34649485349655 344.45347818173468 56.904101110994816 1.984204739332198
leaf_count=475 17 88 552 239 1119 1329 120 3
internal_value=-1.01697e-05 -0.000280048 0.00207239 -0.00389233 -0.00164597 -0.00130741 0.0183789 -0.0383067
internal_weight=1007.61 999.468 602.062 397.406 374.093 498.063 103.999 23.3134
internal_count=3942 3925 2089 1836 1358 1881 208 478
is_linear=0
shrinkage=0.04


Tree=229
num_leaves=15
num_cat=0
split_feature=24 23 2 4 24 2 21 20 18 0 8 5 18 3
split_gain=4.67382 8.08768 9.36888 8.54958 7.37525 18.7092 15.9215 10.5074 14.7852 12.1171 10.2115 7.3654 1.29118 1.24787
threshold=0.019812860000000005 4.5000000000000009 179.10500000000005 4.9745000000000008 0.054121440000000014 237.32000000000002 48.500000000000007 3.5000000000000004 0.20166500000000004 1.0115000000000001 0.9165000000000002 58.115000000000002 0.19629500000000003 4161.4650000000011
decision_type=8 10 10 8 8 10 10 8 8 10 10 8 10 8
left_child=1 11 3 -3 5 6 -2 9 -9 -6 -7 12 -1 -4
right_child=4 2 13 -5 7 10 -8 8 -10 -11 -12 -13 -14 -15
leaf_value=-0.0039358486211985887 -0.028059216069391008 -0.0060809146465893053 0.044206882780435851 0.028802710170098271 0.012563187882869687 0.027489410195993661 0.013938457328564462 -0.026583672692637731 -0.00056455453001894149 -0.012160635668457319 -0.01742298740420381 0.0048170600832839463 -0.050076255230425686 0.020205080953831375
leaf_weight=2.4053066736087221 72.419845012947917 36.701384782791138 13.253246679902078 15.343877606093882 175.05469109304249 25.881653890013695 16.98621728271246 37.067436059005558 530.0256307637319 37.501103965565562 10.719679679721592 13.565958082675932 6.2817343175411224 12.649704609066246
leaf_count=33 334 105 16 30 848 48 34 367 1801 194 32 27 41 32
internal_value=-6.82071e-06 0.00814811 0.0143255 0.00399899 -0.000935147 -0.00990145 -0.0198245 0.000493775 -0.00232242 0.008089 0.013739 -0.0124503 -0.0403872 0.0338477
internal_weight=1005.86 100.201 77.9482 52.0453 905.656 126.007 89.4061 779.649 567.093 212.556 36.6013 22.253 8.68704 25.903
internal_count=3942 284 183 135 3658 448 368 3210 2168 1042 80 101 74 48
is_linear=0
shrinkage=0.04


Tree=230
num_leaves=14
num_cat=0
split_feature=8 11 8 17 10 4 14 1 12 11 2 6 2
split_gain=4.70025 8.05997 8.74001 6.59858 16.945 30.5818 10.73 20.0785 14.3886 9.82517 4.98132 3.40447 1.10491
threshold=0.0055000000000000005 225.66500000000005 1.0000000180025095e-35 36.500000000000007 2979.0700000000006 3.8150000000000004 1.0000000180025095e-35 4035.98 24.500000000000004 4585.3550000000005 131.75000000000003 0.031225000000000006 20.775000000000002
decision_type=8 10 8 8 10 10 8 10 10 8 10 10 10
left_child=1 2 -1 6 5 -5 8 -8 -2 -6 12 -12 -3
right_child=3 10 -4 4 9 -7 7 -9 -10 -11 11 -13 -14
leaf_value=-0.044904067382548186 -0.00099196549051190587 0.052827769551146826 0.035380229836694962 -0.028087126909858748 0.042617774924834109 0.029436543482552702 0.001717085123783468 -0.015592937006247988 0.021248274297477377 -0.013832658984091514 -0.022612843139950069 0.023768154900633224 0.023454283240461286
leaf_weight=5.9150533918291304 98.784564248286188 6.9795993342995706 2.5825567245483407 75.616277428343892 13.357723856344817 17.604442592710257 538.76349525619298 132.97435642965138 84.804149843752384 6.6732573905028429 4.4831501282751542 4.6317565441131592 10.726179661229251
leaf_count=74 360 6 2 689 31 81 1987 439 132 60 34 8 39
internal_value=-6.06402e-06 0.0142028 -0.0176714 -0.000551877 -0.00961388 -0.0169115 0.000629547 -0.00168883 0.00920251 0.0229585 0.0251722 0 0.0372647
internal_weight=1003.9 35.3183 8.49761 968.578 113.252 93.2207 855.327 671.738 183.589 20.031 26.8207 9.11491 17.7058
internal_count=3942 163 76 3779 861 770 2918 2426 492 91 87 42 45
is_linear=0
shrinkage=0.04


Tree=231
num_leaves=14
num_cat=0
split_feature=16 1 1 18 1 24 21 22 4 2 24 1 10
split_gain=4.70313 17.5694 12.0494 9.74192 10.8291 9.77806 9.39798 8.95749 11.1411 8.23594 6.99341 5.45205 2.50651
threshold=6.5000000000000009 11230.220000000003 23715.790000000005 0.081500000000000017 563.46000000000015 10.695887090000001 16.500000000000004 6.6500000000000012 1.3755000000000002 305.29000000000002 0.085588310000000015 4153.3300000000008 2979.0700000000006
decision_type=10 8 8 8 8 10 8 10 10 10 10 10 10
left_child=3 7 -3 5 9 -1 -6 8 -2 -5 -4 -9 -7
right_child=1 2 10 4 6 12 -8 11 -10 -11 -12 -13 -14
leaf_value=-0.041671266480218662 -0.035571474380428673 -0.058006157090945858 -0.034675982216956634 -0.046501053052741249 0.0052152385942280796 -0.015323809163620234 -0.003417333809124751 0.011907417680550375 0.014047391908360409 0.01431591081423538 0.012005515525525983 0.034591741462049581 0.021449599164224377
leaf_weight=17.917292049154643 10.784923985600473 8.6699325386434811 7.0376045107841518 13.176895190030338 358.30681410618126 4.2780797332525236 459.57374570053071 45.427990695461631 19.261486425995827 3.9477966651320449 15.132978875190018 32.126980698667467 6.3358779735863209
leaf_count=453 48 65 63 76 1168 38 1716 133 45 9 40 60 28
internal_value=-1.2591e-06 0.00680917 -0.0193234 -0.00111956 -0.000303144 -0.0239075 0.000340963 0.014539 -0.00339889 -0.0313376 -0.00236835 0.021722 0.00480553
internal_weight=1001.98 138.442 30.8405 863.537 835.005 28.5312 817.881 107.601 30.0464 17.1247 22.1706 77.555 10.614
internal_count=3942 454 168 3488 2969 519 2884 286 93 85 103 193 66
is_linear=0
shrinkage=0.04


Tree=232
num_leaves=11
num_cat=0
split_feature=5 21 18 5 21 20 11 21 22 4
split_gain=4.52048 22.9451 42.002 16.4896 38.5049 23.8409 11.4546 10.3846 10.2195 8.47417
threshold=56.875000000000007 111.50000000000001 0.73354500000000011 56.915000000000006 12.500000000000002 2.5000000000000004 44527.320000000007 70.500000000000014 3.3500000000000001 0.84450000000000014
decision_type=8 10 10 8 10 10 10 10 10 8
left_child=1 2 8 4 5 -2 9 -4 -1 -5
right_child=3 -3 7 6 -6 -7 -8 -9 -10 -11
leaf_value=0.0094773972257457539 -0.04928693350146033 0.058422690810886024 0.036602166583475065 0.0054558063952276073 -0.052148001227375736 0.044445016417763869 -0.055887664109385789 0 -0.048850469739083115 -0.0026021890212902816
leaf_weight=5.1341374889016178 5.4018139317631748 12.163762852549551 30.712067514657974 361.8786965822801 29.537161167245358 15.0391653701663 5.2364509701728812 21.535515632480383 23.743628351017833 489.51562114804983
leaf_count=14 81 12 38 1128 242 59 42 54 254 2018
internal_value=-3.39868e-06 0.0083364 0.00026968 -0.000887726 -0.0231114 0.0181346 0.000398256 0.0218575 -0.0378148 0.000800516
internal_weight=999.898 93.2891 81.1253 906.609 49.9781 20.441 856.631 52.2476 28.8778 851.394
internal_count=3942 372 360 3570 382 140 3188 92 268 3146
is_linear=0
shrinkage=0.04


Tree=233
num_leaves=6
num_cat=0
split_feature=10 4 4 22 10
split_gain=4.47016 5.64284 5.86382 13.8017 11.287
threshold=-141488.20999999996 0.033000000000000008 0.17950000000000002 16.250000000000004 -56385.104999999989
decision_type=8 8 8 10 8
left_child=-1 -2 3 -3 -4
right_child=1 2 4 -5 -6
leaf_value=0.028939472002302083 -0.039274755192290026 -0.0060090210109109785 -0.03659823547894861 0.029602791916191511 -0.00030398181209958679
leaf_weight=7.9526889324188232 5.4004298974759868 34.267773293890059 13.448090229183434 33.166482489556074 903.21281345561147
leaf_count=17 85 144 55 65 3576
internal_value=-4.61721e-06 -0.000271945 -1.77597e-05 0.0113007 -0.000877913
internal_weight=997.448 989.496 984.095 67.4343 916.661
internal_count=3942 3925 3840 209 3631
is_linear=0
shrinkage=0.04


Tree=234
num_leaves=8
num_cat=0
split_feature=6 6 19 24 14 12 1
split_gain=4.47578 10.8033 8.54218 7.62071 6.1481 23.7998 14.4669
threshold=0.086185000000000025 0.067275000000000015 3.7500000000000004 0.039011245000000007 1.0000000180025095e-35 24.500000000000004 5700.0200000000013
decision_type=10 10 8 10 8 10 10
left_child=1 4 -2 -3 5 -1 -6
right_child=2 3 -4 -5 6 -7 -8
leaf_value=-0.003863161577018403 -0.015320777908344409 -0.0032892575166253708 0.030359759139262272 -0.069268858141990394 0.00035324085103790914 0.022821349331877763 -0.016350273959892265
leaf_weight=146.74555232096463 8.7121434509754163 6.4758489280939084 19.502706661820415 5.6757895573973656 632.51775951962918 82.742469102144241 94.638040954247117
leaf_count=680 26 14 38 32 2685 126 341
internal_value=-5.66239e-06 -0.000486733 0.0155369 -0.0372075 0 0.00569974 -0.00180295
internal_weight=997.01 968.795 28.2149 12.1516 956.644 229.488 727.156
internal_count=3942 3878 64 46 3832 806 3026
is_linear=0
shrinkage=0.04


Tree=235
num_leaves=15
num_cat=0
split_feature=16 1 1 15 14 5 17 22 4 0 6 24 1 19
split_gain=4.53236 16.222 11.4373 9.19421 16.9995 21.6055 17.7027 8.30044 12.1466 7.39478 10.0796 6.6675 5.4242 4.48426
threshold=6.5000000000000009 11230.220000000003 23715.790000000005 0.21950000000000003 1.0000000180025095e-35 57.045000000000009 3.5000000000000004 6.8500000000000005 1.3755000000000002 0.96350000000000013 0.0090050000000000009 0.085588310000000015 4153.3300000000008 1.2500000000000002
decision_type=10 8 8 10 10 10 8 10 10 10 8 10 10 10
left_child=3 7 -3 4 6 -6 -1 8 -2 13 -11 -4 -9 -5
right_child=1 2 11 9 5 -7 -8 12 -10 10 -12 -13 -14 -15
leaf_value=0.0045818293461248735 -0.036251845015748234 -0.05688568879216873 -0.033983042172638027 0.038884685507312583 0.037007965328448911 -0.015743470606946589 -0.012901358428888329 0.011552240356532033 0.015047447601754327 -0.049476529806041454 0.0078895816186392142 0.011934980778295832 0.034471582241808546 0.0106138892402678
leaf_weight=463.36312664207071 10.932539450004699 8.4272015932947415 6.9055991536006358 17.589128509163857 12.607821092009543 192.09515395574272 115.08158626081422 45.189323559403419 20.01065419614315 5.3801242113113403 28.257120467722416 15.025550995022057 30.7200135756284 24.259512405842543
leaf_count=1638 49 65 63 26 16 660 960 133 46 46 78 40 58 64
internal_value=-6.72441e-06 0.00670972 -0.0186075 -0.00110658 -0.00241542 -0.0123147 0.00106087 0.0141422 -0.00272929 0.0121357 -0.00129028 -0.00206711 0.0212542 0.0232873
internal_weight=995.844 137.211 30.3584 858.634 783.148 204.703 578.445 106.853 30.9432 75.4859 33.6372 21.9312 75.9093 41.8486
internal_count=3942 454 168 3488 3274 676 2598 286 95 214 124 103 191 90
is_linear=0
shrinkage=0.04


Tree=236
num_leaves=10
num_cat=0
split_feature=8 6 2 0 0 1 0 3 5
split_gain=4.57673 7.75847 9.07863 5.96177 11.0419 10.0864 8.40361 9.21377 2.10686
threshold=0.0055000000000000005 -0.005474999999999999 80.88000000000001 1.8335000000000001 1.6865000000000003 11982.170000000002 6.3195000000000006 16350.485000000002 57.165000000000006
decision_type=8 10 10 10 10 10 10 8 8
left_child=1 -1 -3 4 5 -2 7 -5 -4
right_child=3 2 8 6 -6 -7 -8 -9 -10
leaf_value=0.034026667399772829 0.00080708285480776795 -0.044798869277894615 0.031840831893101308 -0.049629908144657321 0.033207877141886992 -0.01368640507371837 0.010123076569968623 0.0014717502358675397 0
leaf_weight=16.18227655813098 826.67940314626321 5.413010970689359 5.5852340236306164 14.450629413127901 15.302255017682908 84.071267185732722 10.85471463575959 7.8401917964220038 7.3124332763254651
leaf_count=31 3296 80 8 89 24 306 38 26 44
internal_value=-3.53739e-06 0.0141851 -0.00272532 -0.000541726 3.76503e-05 -0.000515637 -0.0170834 -0.0311408 0.0144526
internal_weight=993.691 34.493 18.3107 959.198 926.053 910.751 33.1455 22.2908 12.8977
internal_count=3942 163 132 3779 3626 3602 153 115 52
is_linear=0
shrinkage=0.04


Tree=237
num_leaves=12
num_cat=0
split_feature=6 6 5 3 12 21 0 5 5 21 18
split_gain=4.5907 13.8363 17.5853 18.2046 13.0771 12.2958 10.1209 6.08218 12.4396 5.64873 4.59823
threshold=0.029940000000000005 0.010130000000000002 57.085000000000008 9071.6100000000024 24.500000000000004 17.500000000000004 0.6140000000000001 57.07500000000001 57.175000000000004 24.500000000000004 0.42841000000000001
decision_type=10 10 8 8 10 10 10 10 10 10 10
left_child=1 4 -3 -4 5 -1 -6 -2 10 -10 -9
right_child=7 2 3 -5 6 -7 -8 8 9 -11 -12
leaf_value=0.0052290847238837049 0.028809513098337472 0.022112709301662408 -0.007697931971255411 -0.040832113968913723 -0.027900639475406303 -0.0066865937333295883 0.019076669188390797 -0.0076837861967538178 0.0015979925817729505 0.018747493515128038 -0.065024140351892634
leaf_weight=256.22523918934166 16.06991745531559 19.637372881174088 91.559984365478158 38.338888511061668 7.2601544409990302 299.00647211493924 85.172106552869081 5.6789405867457372 127.69265429675579 41.421461962163448 4.8692872673273087
leaf_count=1382 24 31 331 252 24 1311 150 18 322 75 22
internal_value=-1.35794e-07 -0.00136852 -0.0123254 -0.0177497 0.00113796 -0.00115207 0.0150413 0.00546054 0.00318692 0.00595925 -0.0377084
internal_weight=992.932 797.2 149.536 129.899 647.664 555.232 92.4323 195.732 179.662 169.114 10.5482
internal_count=3942 3481 614 583 2867 2693 174 461 437 397 40
is_linear=0
shrinkage=0.04


Tree=238
num_leaves=15
num_cat=0
split_feature=21 18 14 18 23 2 5 10 21 22 4 12 11 2
split_gain=4.4126 23.1508 18.3314 21.1746 17.7944 27.0961 21.773 17.4884 13.4603 13.2712 12.4478 11.8145 10.482 9.18213
threshold=8.5000000000000018 0.20166500000000004 1.0000000180025095e-35 0.21513000000000002 11.500000000000002 457.84500000000008 57.215000000000011 186.90000000000003 21.500000000000004 3.0500000000000003 1.3685000000000003 24.500000000000004 25393.205000000005 220.19500000000002
decision_type=8 8 10 8 10 8 10 10 10 10 10 10 10 10
left_child=4 11 3 -3 5 7 10 -1 -4 -7 -6 12 -2 -8
right_child=1 2 8 -5 6 9 13 -9 -10 -11 -12 -13 -14 -15
leaf_value=0.011854100134269002 -0.047670895669425874 0.05864473665302003 -0.025184473306111954 0.0026693801427523345 0.010879280136641115 0.017190300757771483 -0.0091587676066346366 -0.020158984716473372 -0.00046261229867780926 -0.04728634626383954 0.045788335127576033 4.162413386128567e-05 0.028904629827873399 0.019013740334136681
leaf_weight=98.468831093050539 31.43127060495317 10.627282425761221 67.57852279022336 463.27075795270503 32.569910387508571 5.3995559215545645 57.101684943772852 36.991499256342649 76.596073232591152 29.013045971281826 37.515388304367661 15.043711252510546 2.4778203666210166 26.772464005276561
leaf_count=353 430 12 240 1581 138 23 293 200 200 303 66 32 5 66
internal_value=-4.50542e-07 -0.00188026 0.00019456 0.00402729 0.00380682 -0.00502869 0.0136698 0.00292288 -0.0122356 -0.0364954 0.0300408 -0.0282183 -0.0411554 0
internal_weight=990.858 667.025 618.073 473.898 323.832 169.873 153.959 135.46 144.175 34.4126 70.0853 48.9528 33.9091 83.8741
internal_count=3942 2500 2033 1593 1442 879 563 553 440 326 204 467 435 359
is_linear=0
shrinkage=0.04


Tree=239
num_leaves=11
num_cat=0
split_feature=23 18 10 18 18 18 17 20 5 1
split_gain=4.44433 14.9955 12.862 11.1065 14.3841 12.742 11.0603 9.44386 8.42305 7.89213
threshold=1.0000000180025095e-35 2.5526250000000004 88.660000000000011 1.7255800000000001 1.6150750000000003 1.8096650000000001 36.500000000000007 6.5000000000000009 57.215000000000011 5998.4750000000013
decision_type=8 10 10 10 10 10 8 10 10 8
left_child=2 3 8 4 -2 -5 -4 -8 -1 -10
right_child=1 -3 6 5 -6 -7 7 -9 9 -11
leaf_value=-0.01430193252537933 -0.0013804665324548221 -0.053096608741188489 -0.050883234492708498 0.033341312571779795 -0.058456812435352251 0.0029017717074494884 -0.033812413784930391 0.052568831393123058 -0.0067670558546423648 0.034230520210221001
leaf_weight=8.9546517189592105 791.12992557231337 8.1794259957969171 8.6089967619627679 30.607767105102539 6.6526584140956393 81.654357591643929 2.9571832176297912 4.0352810919284821 8.2589909136295301 36.768505714833736
leaf_count=39 3294 59 62 42 41 245 50 7 30 73
internal_value=0 -0.000757813 0.00969202 -0.000236532 -0.00191779 0.0114894 -0.0212388 0.0135494 0.0191114 0.0262797
internal_weight=987.808 918.224 69.5836 910.045 797.783 112.262 15.6015 6.99246 53.9821 45.0275
internal_count=3942 3681 261 3622 3335 287 119 57 142 103
is_linear=0
shrinkage=0.04


Tree=240
num_leaves=13
num_cat=0
split_feature=6 6 5 2 2 12 4 6 5 5 16 18
split_gain=4.44294 12.7173 16.4112 17.3385 16.9307 12.2213 11.2154 9.5851 5.59769 11.6402 5.63517 4.33721
threshold=0.029940000000000005 0.010130000000000002 57.355000000000011 46.100000000000009 116.21500000000002 24.500000000000004 6.3500000000000005 0.0055500000000000011 57.07500000000001 57.175000000000004 6.5000000000000009 0.42841000000000001
decision_type=10 10 8 10 10 10 10 10 10 10 10 10
left_child=1 5 3 -3 -4 6 -1 -7 -2 11 -11 -10
right_child=8 2 4 -5 -6 7 -8 -9 9 10 -12 -13
leaf_value=0 0.028077220936582017 0.02963841849435242 -0.05769953976281466 -0.01115686417716019 -0.012297354819023864 -0.01092151439133089 -0.029807547023114403 0.020934076026852901 -0.0072036943796198582 0.0014198913802248342 0.018364129025154691 -0.063146176342099944
leaf_weight=532.01405235286802 15.697110660374163 22.074230536818504 19.897041816264391 63.098772225901484 42.617806680500507 17.720250699669123 20.543892855755985 74.058972075581551 5.6615867018699628 125.27664610743523 42.917924374341965 4.8200872242450714
leaf_count=2528 24 42 110 311 151 60 165 114 18 301 96 22
internal_value=-6.28367e-07 -0.00135135 -0.0119283 -0.000239263 -0.0274084 0.00104934 -0.00116657 0.014541 0.00538997 0.00321244 0.0059037 -0.0364543
internal_weight=986.398 792.025 147.688 85.173 62.5148 644.337 552.558 91.7792 194.373 178.676 168.195 10.4817
internal_count=3942 3481 614 353 261 2867 2693 174 461 437 397 40
is_linear=0
shrinkage=0.04


Tree=241
num_leaves=11
num_cat=0
split_feature=5 21 18 5 18 11 11 10 22 4
split_gain=4.45015 21.1207 39.2413 15.4415 35.9548 18.6999 10.8262 10.129 9.64889 7.98742
threshold=56.875000000000007 111.50000000000001 0.73354500000000011 56.915000000000006 0.25073000000000006 -1675.3 44527.320000000007 -6352.2149999999992 3.3500000000000001 0.84450000000000014
decision_type=8 10 10 8 10 10 10 10 10 8
left_child=1 2 8 4 5 -2 9 -4 -1 -5
right_child=3 -3 7 6 -6 -7 -8 -9 -10 -11
leaf_value=0.0086770503288026973 -0.048229732005896662 0.056492993225714494 0.038032998211548034 0.0052956213356325065 -0.052033766596960976 0.037630235009641702 -0.055273449870844933 0.0017537978785875496 -0.048341239389823994 -0.0025833241065656722
leaf_weight=5.0891612730920341 4.7590563874691751 12.094203844666479 26.983720049262047 357.45538009516895 28.001000004820526 15.98773414455354 5.0503942407667628 24.601332496851683 22.690883435774595 481.34779450763017
leaf_count=14 58 12 30 1128 220 104 42 62 254 2018
internal_value=-4.02785e-06 0.00835388 0.00045993 -0.000887002 -0.0226654 0.0163222 0.000360083 0.0212981 -0.0372198 0.000751608
internal_weight=984.061 91.4593 79.3651 892.601 48.7478 20.7468 843.854 51.5851 27.78 838.803
internal_count=3942 372 360 3570 382 162 3188 92 268 3146
is_linear=0
shrinkage=0.04


Tree=242
num_leaves=15
num_cat=0
split_feature=24 23 2 1 24 2 4 20 18 22 22 5 3 18
split_gain=4.42897 7.65345 8.65277 9.56541 6.61175 17.2872 14.5248 10.1341 12.4967 10.8805 9.63111 6.46054 1.91503 1.39179
threshold=0.019812860000000005 4.5000000000000009 165.62000000000003 10464.710000000001 0.054121440000000014 237.32000000000002 2.4255000000000004 3.5000000000000004 0.20166500000000004 6.0500000000000007 8.8500000000000032 58.115000000000002 4161.4650000000011 0.18028000000000002
decision_type=8 10 10 8 8 10 8 8 8 10 10 8 8 10
left_child=1 11 3 -3 5 6 -2 9 -9 -6 -7 13 -4 -1
right_child=4 2 12 -5 7 10 -8 8 -10 -11 -12 -13 -14 -15
leaf_value=-0.00028424825442711552 -0.0069300715598515517 -0.0052044316066140765 0.043935696367134895 0.037258490764565673 0.019624525589897149 0.026787647956630078 -0.041886404927811843 -0.025290469854322938 -0.00072937498993347143 0.00060691693980882819 -0.017526641956989469 0.0037399653446466984 0.017622734312666442 -0.049024214815205303
leaf_weight=2.0963504975661653 57.428057905286551 38.69266945682466 13.606147155165674 10.206352315843104 79.190532196313143 25.486318334937096 29.55967271886766 35.079032019712031 520.17569312918931 127.42884533246979 10.275290680117903 13.131368473172186 13.277615021914242 6.0497804656624794
leaf_count=31 213 104 17 27 262 41 155 367 1801 780 39 27 35 43
internal_value=-4.77723e-06 0.00806306 0.0141249 0.0035411 -0.000916626 -0.00951956 -0.0192088 0.000448537 -0.0023384 0.00802209 0.0134373 -0.0124374 0.0322294 -0.0395363
internal_weight=981.684 97.0603 75.7828 48.899 884.623 122.749 86.9877 761.874 555.255 206.619 35.7616 21.2775 26.8838 8.14613
internal_count=3942 284 183 131 3658 448 368 3210 2168 1042 80 101 52 74
is_linear=0
shrinkage=0.04


Tree=243
num_leaves=14
num_cat=0
split_feature=16 1 1 18 1 24 23 6 22 4 6 1 10
split_gain=4.33392 14.457 10.586 8.79319 9.5148 9.15514 8.98 8.14035 7.76702 11.0656 6.15042 4.90604 2.30366
threshold=6.5000000000000009 11230.220000000003 23715.790000000005 0.081500000000000017 563.46000000000015 10.695887090000001 5.5000000000000009 0.037550000000000007 6.8500000000000005 1.3755000000000002 0.058615000000000007 4510.545000000001 2979.0700000000006
decision_type=10 8 8 8 8 10 8 8 10 10 10 10 10
left_child=3 8 -3 5 7 -1 -6 -5 9 -2 -4 -10 -7
right_child=1 2 10 4 6 12 -8 -9 11 -11 -12 -13 -14
leaf_value=-0.041399303399259992 -0.035071683794008816 -0.055478668869299266 -0.017700352325978091 -0.048345433041200946 -0.0064434398493630985 -0.014672164950251324 0.0029611717278711725 0.0079163818619978326 0.011784143957663432 0.014443699090624222 0.026247275642667857 0.034184395485708251 0.020940628391276521
leaf_weight=16.659486834891144 10.707163807004692 8.0075388122349995 14.064875576645138 11.436149593442677 225.22353655658662 4.2170158699154836 577.24870001571253 5.2442607432603863 46.10131479613483 19.426412172615528 7.2403607815504065 28.029329696670175 6.0933518148958683
leaf_count=453 49 65 89 74 858 38 2026 11 140 46 14 51 28
internal_value=-4.27838e-06 0.00665695 -0.0176645 -0.00108282 -0.000311361 -0.023354 0.000294378 -0.0297772 0.0137372 -0.00278267 -0.00158861 0.0206941 0.00451974
internal_weight=979.699 133.577 29.3128 846.123 819.153 26.9699 802.472 16.6804 104.264 30.1336 21.3052 74.1306 10.3104
internal_count=3942 454 168 3488 2969 519 2884 85 286 95 103 191 66
is_linear=0
shrinkage=0.04


Tree=244
num_leaves=12
num_cat=0
split_feature=1 4 1 18 15 18 4 5 2 24 6
split_gain=4.34884 11.6152 7.74724 12.0306 8.64647 7.59356 8.14766 7.52385 16.5957 6.41929 3.85411
threshold=1207.45 12.799500000000002 1689.0400000000002 0.50620500000000013 0.68350000000000011 0.18445000000000003 1.8080000000000003 57.375000000000007 103.59000000000002 0.19249493500000003 0.016035000000000004
decision_type=8 10 8 10 10 10 8 10 10 10 10
left_child=5 2 3 -2 -4 6 10 9 -9 -7 -1
right_child=1 -3 4 -5 -6 7 -8 8 -10 -11 -12
leaf_value=-0.022531432900788677 0 -0.047131331930601643 0.00049533191287427249 -0.057147323192551475 -0.049775496604416936 0.005166905267473521 -0.052461361794174835 -0.04052371245563758 0.017297597245593124 0.035574062929037302 0.021787778482320743
leaf_weight=4.6440500952303427 13.315136305987837 8.1327502485364658 839.88366040633991 9.2395321503281576 5.0076719904318443 21.468198880553246 5.7586900964379302 11.16815600171685 24.261513218283653 27.768956750631332 7.1517278887331486
leaf_count=46 49 78 3393 52 37 57 69 53 52 41 15
internal_value=-5.86333e-06 -0.000939225 -0.000456206 -0.0233395 0.000144456 0.00775982 -0.0153717 0.0128527 -0.000682509 0.0229034 0.00250585
internal_weight=977.8 875.579 867.446 22.5547 844.891 102.221 17.5545 84.6668 35.4297 49.2372 11.7958
internal_count=3942 3609 3531 101 3430 333 130 203 105 98 61
is_linear=0
shrinkage=0.04


Tree=245
num_leaves=11
num_cat=0
split_feature=13 4 11 21 22 5 21 5 18 17
split_gain=4.30806 7.46199 9.21748 7.02749 6.34943 5.64579 18.7899 12.908 5.42626 2.76525
threshold=1.0000000180025095e-35 1.7050000000000003 463.9500000000001 1.5000000000000002 5.7500000000000009 56.875000000000007 111.50000000000001 56.885000000000012 0.13202000000000003 2.5000000000000004
decision_type=10 10 10 8 10 8 10 8 10 8
left_child=3 2 8 -1 -3 6 -5 -7 -2 -6
right_child=1 4 -4 5 9 7 -8 -9 -10 -11
leaf_value=-0.041729767583548662 -0.0053716317606431361 0.015553643146977507 -0.022080729640656296 0.0013918148854675039 -0.052848864834303531 -0.04795816570246992 0.054595732016569559 -0.00092765937465697401 0.029311114740657802 0
leaf_weight=6.1596480906009665 7.5132366660982361 5.2225964814424506 7.5855873581022015 76.54206334380433 5.4675008375197622 8.9748865738511068 12.008918404579161 804.73525589844212 39.18856842815876 2.9537032023072252
leaf_count=112 68 11 39 334 40 85 12 3159 67 15
internal_value=-9.07839e-06 0.00964849 0.0164588 -0.00075818 -0.0156591 -0.00043336 0.00909773 -0.00150008 0.02331 -0.037045
internal_weight=976.352 67.9312 54.2874 908.421 13.6438 902.261 88.551 813.71 46.7018 8.4212
internal_count=3942 240 174 3702 66 3590 346 3244 135 55
is_linear=0
shrinkage=0.04


Tree=246
num_leaves=11
num_cat=0
split_feature=23 18 10 18 18 22 17 20 5 1
split_gain=4.26841 13.8909 11.5978 10.6889 13.5935 12.81 10.4921 8.738 7.71124 7.31036
threshold=1.0000000180025095e-35 2.5526250000000004 88.660000000000011 1.7255800000000001 1.6150750000000003 22.450000000000003 36.500000000000007 6.5000000000000009 57.215000000000011 5998.4750000000013
decision_type=8 10 10 10 10 10 8 10 10 8
left_child=2 3 8 4 -2 -5 -4 -8 -1 -10
right_child=1 -3 6 5 -6 -7 7 -9 9 -11
leaf_value=-0.013399882403781621 -0.0013964202305446454 -0.052006718232386479 -0.049846914817864379 0.018750235227646475 -0.057471042251956268 -0.013065486722175328 -0.033072981066703054 0.050872737983495599 -0.0063901143209222459 0.033289477566573925
leaf_weight=8.8937181746587139 781.44717747811228 7.888676516711711 8.2726380527019465 85.81361710652709 6.5040411986410609 25.299985509365797 2.8176028095185766 4.0365791469812393 8.1398730427026731 36.008422467857599
leaf_count=39 3294 59 62 192 41 95 50 7 30 73
internal_value=-1.16588e-05 -0.000759722 0.00958278 -0.000259175 -0.0019208 0.0113007 -0.020236 0.0137425 0.0185698 0.0255359
internal_weight=975.122 906.953 68.1688 899.065 787.951 111.114 15.1268 6.85418 53.042 44.1483
internal_count=3942 3681 261 3622 3335 287 119 57 142 103
is_linear=0
shrinkage=0.04


Tree=247
num_leaves=6
num_cat=0
split_feature=10 4 4 19 10
split_gain=4.30864 5.23659 5.58465 12.6243 10.082
threshold=-141488.20999999996 0.033000000000000008 0.17950000000000002 16.350000000000005 -56385.104999999989
decision_type=8 8 8 10 8
left_child=-1 -2 3 -3 -4
right_child=1 2 4 -5 -6
leaf_value=0.028749624184798997 -0.038822044318998286 0.017202396868547624 -0.035121997006245236 -0.038813779889017956 -0.00034033808236857125
leaf_weight=7.7471002787351608 5.1097511905245474 59.64398454874754 13.069161191582678 6.5550018548965445 881.51217314181849
leaf_count=17 85 170 55 39 3576
internal_value=-1.7092e-05 -0.000283272 -3.74178e-05 0.0111065 -0.000890152
internal_weight=973.637 965.89 960.78 66.199 894.581
internal_count=3942 3925 3840 209 3631
is_linear=0
shrinkage=0.04


Tree=248
num_leaves=15
num_cat=0
split_feature=24 23 2 1 5 24 2 6 20 18 0 8 3 18
split_gain=4.25774 7.07941 8.29711 9.00109 6.07765 5.97265 15.6431 14.1716 9.71046 11.2693 10.4413 9.5116 1.84035 1.28819
threshold=0.019812860000000005 4.5000000000000009 165.62000000000003 10464.710000000001 58.115000000000002 0.054121440000000014 237.32000000000002 0.034455000000000006 3.5000000000000004 0.20166500000000004 1.0115000000000001 0.9165000000000002 4161.4650000000011 0.18028000000000002
decision_type=8 10 10 8 8 8 10 10 8 8 10 10 8 10
left_child=1 4 3 -3 13 6 7 -2 10 -10 -7 -8 -4 -1
right_child=5 2 12 -5 -6 8 11 -9 9 -11 -12 -13 -14 -15
leaf_value=-0.00021952620241505845 -0.029840010286892916 -0.0049952668115123408 0.043511286910620235 0.036345736530942918 0.0036353533467659489 0.012093764268125589 0.026628229082999073 0.0038462209526415178 -0.02433073494326185 -0.00081902420425107125 -0.011311016011677491 -0.017387733162203333 0.017352262532067265 -0.048127354899939495
leaf_weight=2.0633826078847077 57.356696391478181 38.642460281029344 13.170896697789432 10.106829680502413 13.067674249410627 168.02350543113425 24.662975464016199 28.871904775500298 34.507671689614654 517.25848296750337 35.96468851249665 10.448358122259377 13.140096275135873 5.8262506872415543
leaf_count=31 298 104 17 27 27 848 48 70 367 1801 194 32 35 43
internal_value=-1.86705e-05 0.00793436 0.0137838 0.00345154 -0.0119169 -0.000916122 -0.00914146 -0.0183731 0.00038322 -0.00234637 0.00785195 0.0129082 0.0317603 -0.0387417
internal_weight=973.112 96.0176 75.0603 48.7493 20.9573 877.094 121.34 86.2286 755.754 551.766 203.988 35.1113 26.311 7.88963
internal_count=3942 284 183 131 101 3658 448 368 3210 2168 1042 80 52 74
is_linear=0
shrinkage=0.04


Tree=249
num_leaves=11
num_cat=0
split_feature=8 6 2 8 24 20 8 18 18 1
split_gain=4.22431 6.94641 8.40355 5.59703 13.2441 16.6517 12.7071 15.9065 12.7975 1.88387
threshold=0.0055000000000000005 -0.005474999999999999 80.88000000000001 0.75050000000000006 0.012134855000000002 10.500000000000002 0.92000000000000015 0.19629500000000003 0.50164500000000012 4474.1100000000006
decision_type=8 10 10 8 10 10 8 10 8 8
left_child=1 -1 -3 4 -2 -6 7 -5 -8 -4
right_child=3 2 9 6 5 -7 8 -9 -10 -11
leaf_value=0.032641877532165089 0.040604783620798467 -0.04423009888818509 0.029697917327935551 -0.02548637325955725 -0.018918311432823919 0.013848652679758461 -0.0075494054396972867 0.017351254349412683 0.0035575279447488161 0
leaf_weight=15.904484225437043 7.8385398965328923 5.1198859764263061 5.8355121687054607 14.972400481812654 102.08108726609498 31.617922760546207 303.01481483224779 114.89516530558467 363.50833667488769 6.5012420490384111
leaf_count=31 13 80 15 96 462 66 1773 248 1121 37
internal_value=-1.75916e-05 0.0138407 -0.00260689 -0.000538941 -0.00786613 -0.0109976 0.000742296 0.0121803 -0.0014638 0.0141591
internal_weight=971.289 33.3611 17.4566 937.928 141.538 133.699 796.391 129.868 666.523 12.3368
internal_count=3942 163 132 3779 541 528 3238 344 2894 52
is_linear=0
shrinkage=0.04


Tree=250
num_leaves=13
num_cat=0
split_feature=21 18 2 23 5 4 5 2 21 23 11 2
split_gain=4.30323 23.1458 22.6925 14.2909 29.7563 20.8655 22.8489 17.1928 15.8745 13.1625 8.09173 7.29602
threshold=11.500000000000002 0.18445000000000003 32.13000000000001 9.5000000000000018 56.955000000000005 1.4470000000000003 57.345000000000006 141.46000000000001 6.5000000000000009 2.5000000000000004 25393.205000000005 54.795000000000009
decision_type=10 10 8 10 8 10 10 10 10 10 10 8
left_child=3 10 -3 4 -1 8 -7 -6 -5 -4 11 -2
right_child=1 2 9 5 7 6 -8 -9 -10 -11 -12 -13
leaf_value=-0.053696669228821582 0 -0.057969567868345707 0.014461987334477134 0.0085788970047775658 0.009117545849774129 0.036220045844356112 -0.010598264497444247 -0.015061090813848719 -0.025773908705441315 -0.0020929750495324744 0.027803603800965561 -0.050317318687408297
leaf_weight=17.139799414202571 5.3285713270306649 10.193507753312586 93.366662714630365 75.115037444978952 130.92336312960833 68.764830134809017 20.925756976008415 72.729243879206479 29.515061016194522 419.20762056112289 2.2953310608863822 24.181842271238565
leaf_count=215 27 60 233 360 552 164 72 345 140 1429 5 340
internal_value=-1.35047e-05 -0.0023385 -0.000269149 0.00304354 -0.00384944 0.010968 0.0250769 0.000369068 -0.000997924 0.000894726 -0.0352012 -0.0411497
internal_weight=969.687 554.574 522.768 415.113 220.792 194.321 89.6906 203.653 104.63 512.574 31.8057 29.5104
internal_count=3942 2094 1722 1848 1112 736 236 897 500 1662 372 367
is_linear=0
shrinkage=0.04


Tree=251
num_leaves=12
num_cat=0
split_feature=5 21 18 5 21 20 10 21 22 24 22
split_gain=4.11192 18.3816 36.1541 13.3868 34.762 20.9264 9.78203 9.05176 7.33975 13.2506 11.9981
threshold=56.875000000000007 111.50000000000001 0.73354500000000011 56.915000000000006 12.500000000000002 2.5000000000000004 -6352.2149999999992 3.5000000000000004 0.75000000000000011 18.958058495000007 2.6500000000000008
decision_type=8 10 10 8 10 10 10 8 8 10 8
left_child=1 2 7 4 5 -2 -4 -1 9 -5 -10
right_child=3 -3 6 8 -6 -7 -8 -9 10 -11 -12
leaf_value=0.0038829601068932273 -0.047867166601373905 0.053270213080149842 0.037231414822391048 -0.05406363193575791 -0.050571727107079918 0.042320147664604575 0.0013360934556921886 -0.049077994187418476 0.015683844801377814 0.030399265460860785 -0.00075808078404031613
leaf_weight=5.8548023016192046 5.006074212491515 11.938957244157789 26.346101999282837 9.3395129647105914 27.315449417568743 14.777913430705665 24.458348421379924 20.529772132635117 77.899694995954633 3.5474468916654578 739.97142715658993
leaf_count=55 81 12 30 77 242 59 62 213 183 4 2924
internal_value=-1.67997e-05 0.00812321 0.000584915 -0.000870171 -0.021506 0.0178961 0.0205219 -0.0367283 0.000287938 -0.0290522 0.000792149
internal_weight=966.986 89.128 77.189 877.858 47.0994 19.784 50.8045 26.3846 830.758 12.887 817.871
internal_count=3942 372 360 3570 382 140 92 268 3188 81 3107
is_linear=0
shrinkage=0.04


Tree=252
num_leaves=10
num_cat=0
split_feature=21 21 23 21 11 21 21 21 22
split_gain=4.12077 10.4751 11.372 6.8611 10.2183 5.82428 11.9831 0.590948 0.582738
threshold=170.50000000000003 191.50000000000003 20.500000000000004 144.50000000000003 -103100.20499999999 135.50000000000003 122.50000000000001 186.00000000000003 24.750000000000004
decision_type=10 10 10 10 10 10 10 8 10
left_child=3 7 -3 5 -5 6 -1 -2 -4
right_child=1 2 8 4 -6 -7 -8 -9 -10
leaf_value=9.3940821789824909e-05 0.018043237503791287 0.024926545087987612 -0.060471895465029755 0.0099754773981140972 -0.050816911486600481 0.030603616567526432 -0.040595988423996088 0.039660597490721476 -0.02063681466698673
leaf_weight=891.82990392623469 10.173893392086031 6.2281790226697904 3.6508188098669052 6.6352825462818172 9.9146831119433028 9.289509545080362 11.222015861421822 11.15595158934593 4.1434884667396545
leaf_count=3623 30 19 24 13 84 35 81 16 17
internal_value=-1.53007e-05 0.0132697 -0.0123343 -0.000549295 -0.025693 -5.74538e-05 -0.000411753 0.0309152 -0.0442273
internal_weight=964.244 35.3523 14.0225 928.891 16.55 912.341 903.052 21.3298 7.79431
internal_count=3942 106 60 3836 97 3739 3704 46 41
is_linear=0
shrinkage=0.04


Tree=253
num_leaves=7
num_cat=0
split_feature=0 15 20 23 4 1
split_gain=4.05328 5.39731 5.66556 9.17634 7.9347 4.32148
threshold=0.12800000000000003 0.70150000000000012 3.5000000000000004 1.0000000180025095e-35 1.8080000000000003 604.50500000000011
decision_type=8 10 8 8 8 10
left_child=5 2 4 -4 -2 -1
right_child=1 -3 3 -5 -6 -7
leaf_value=0 0.010307168320035698 -0.036075600799814082 0.013917782280947312 -0.003440783255228585 -0.0035850062324949755 0.042790129483953158
leaf_weight=6.5653780996799451 164.59429434780031 6.2196463299915186 52.057621512562037 620.75328688137233 106.2862086603418 6.7558429837226868
leaf_count=39 694 42 155 2362 644 6
internal_value=-1.34483e-05 -0.000346905 -7.12641e-05 -0.00205865 0.00478599 0.02147
internal_weight=963.232 949.911 943.691 672.811 270.881 13.3212
internal_count=3942 3897 3855 2517 1338 45
is_linear=0
shrinkage=0.04


Tree=254
num_leaves=9
num_cat=0
split_feature=10 11 1 4 18 11 10 18
split_gain=3.99724 7.95363 10.2729 7.84222 10.8892 7.44057 9.639 2.68571
threshold=17975.925000000003 9962.340000000002 13660.285000000002 0.92850000000000021 0.41446000000000005 9432.7300000000014 3804.7300000000005 0.075440000000000021
decision_type=10 10 10 10 10 10 10 8
left_child=1 5 7 -2 -5 6 -1 -3
right_child=3 2 -4 4 -6 -7 -8 -9
leaf_value=0.00063204721309587531 0.032621306306268714 0 0.022222191747943106 0.024660029151509315 -0.053882451233265877 0.040794001120154751 -0.018390912713570202 -0.053478606169468181
leaf_weight=868.87052799435332 15.992488078773023 2.1987383030354986 4.1615618430078021 5.4300765134394151 4.6683037579059601 6.6114614233374587 44.280029485933483 10.465637747198343
leaf_count=3501 35 25 10 14 35 13 223 86
internal_value=-1.19398e-05 -0.000466618 -0.0273177 0.0152594 -0.0105908 1.74326e-05 -0.000278074 -0.0453416
internal_weight=962.679 936.588 16.8259 26.0909 10.0984 919.762 913.151 12.6644
internal_count=3942 3858 121 84 49 3737 3724 111
is_linear=0
shrinkage=0.04


Tree=255
num_leaves=14
num_cat=0
split_feature=16 1 1 18 1 24 23 6 22 18 24 1 10
split_gain=3.97733 13.1595 9.90435 8.22392 8.55533 8.43056 8.31806 7.49429 7.10231 10.3838 5.58488 4.42935 1.98456
threshold=6.5000000000000009 11230.220000000003 23715.790000000005 0.081500000000000017 563.46000000000015 10.695887090000001 5.5000000000000009 0.037550000000000007 6.8500000000000005 0.52780500000000008 0.085588310000000015 4153.3300000000008 2979.0700000000006
decision_type=10 8 8 8 8 10 8 8 10 10 10 10 10
left_child=3 8 -3 5 7 -1 -6 -5 9 -2 -4 -10 -7
right_child=1 2 10 4 6 12 -8 -9 11 -11 -12 -13 -14
leaf_value=-0.041133390235510013 0.011724553482688665 -0.054431685904575117 -0.031671052973346152 -0.046759369787117491 -0.0062728104095373608 -0.013799312847183918 0.0028532149174132215 0.0074903722011180167 0.010982616894150674 -0.039417865223534777 0.011557362582990558 0.032383200803426007 0.019729920894669576
leaf_weight=15.653267598710956 21.037269782274965 7.684458605945113 6.4723227545619038 11.107929959893225 221.45821750350296 4.1283279974013549 568.42965383431874 5.2028274089098003 43.139615966007113 8.4219971224665624 14.341593265533445 29.097643843851984 5.7933132816106081
leaf_count=453 59 65 63 74 858 38 2026 11 133 36 40 58 28
internal_value=-9.80692e-06 0.00645616 -0.0170625 -0.00104921 -0.000308773 -0.0231694 0.000266928 -0.0285569 0.0132937 -0.00264263 -0.00137427 0.0200412 0.00386684
internal_weight=961.968 130.195 28.4984 831.774 806.199 25.5749 789.888 16.3108 101.697 29.4593 20.8139 72.2373 9.92164
internal_count=3942 454 168 3488 2969 519 2884 85 286 95 103 191 66
is_linear=0
shrinkage=0.04


Tree=256
num_leaves=6
num_cat=0
split_feature=10 4 4 2 10
split_gain=3.96807 4.96101 5.16574 11.9872 9.08315
threshold=-141488.20999999996 0.033000000000000008 0.17950000000000002 46.100000000000009 -56385.104999999989
decision_type=8 8 8 10 8
left_child=-1 -2 3 -3 -4
right_child=1 2 4 -5 -6
leaf_value=0.028070041811340408 -0.0384699849814681 0.023686682487036096 -0.033667232737936155 -0.01137870358644703 -0.00032953956360209544
leaf_weight=7.4711368456482887 4.9091403784696004 41.735212459694594 12.807378098368643 23.472642108798027 869.84367004688829
leaf_count=17 85 119 55 90 3576
internal_value=-1.20118e-05 -0.000267805 -2.8682e-05 0.0107694 -0.000854707
internal_weight=960.239 952.768 947.859 65.2079 882.651
internal_count=3942 3925 3840 209 3631
is_linear=0
shrinkage=0.04


Tree=257
num_leaves=6
num_cat=0
split_feature=24 24 22 10 22
split_gain=3.95802 9.79435 7.77112 8.84474 7.85158
threshold=20.483395975000004 17.985280250000006 0.75000000000000011 3716.2250000000004 2.7500000000000004
decision_type=10 10 8 8 8
left_child=1 2 3 -1 -4
right_child=-2 -3 4 -5 -6
leaf_value=-0.052742733295776646 0.02448209089056301 -0.043730343368803819 0.012184361732040502 0.020693744561862428 -0.0006445113393948041
leaf_weight=8.4500199276953918 9.9208078384399396 7.7386141922324887 83.235104257240891 2.9332231990993014 847.59492827020586
leaf_count=65 13 50 225 12 3577
internal_value=-1.30205e-05 -0.000302622 5.58491e-05 -0.0320621 0.000487101
internal_weight=959.873 949.952 942.213 11.3832 930.83
internal_count=3942 3929 3879 77 3802
is_linear=0
shrinkage=0.04


Tree=258
num_leaves=12
num_cat=0
split_feature=1 4 14 12 21 18 8 18 2 16 4
split_gain=3.95009 10.669 7.83516 21.4334 20.0194 7.08292 7.50894 7.11433 18.9839 7.31878 4.8373
threshold=1207.45 12.799500000000002 1.0000000180025095e-35 24.500000000000004 8.5000000000000018 0.18445000000000003 0.93100000000000016 0.68425500000000017 180.19000000000003 7.5000000000000009 1.9030000000000002
decision_type=8 10 10 10 10 10 8 10 10 10 10
left_child=5 2 3 -2 -4 6 10 9 -9 -7 -1
right_child=1 -3 4 -5 -6 7 -8 8 -10 -11 -12
leaf_value=0.017639141751543862 -0.00080717158293495852 -0.046257255904821382 0.0045004420994846778 0.021978948144820251 -0.017805811296062204 0.0096170675821406551 -0.05418888945058651 -0.044041107156806064 0.029537544374763171 0.040721284185221987 -0.036725725891478149
leaf_weight=8.7648504897952098 522.10432884818874 7.7302003991790107 130.29805670306087 74.903290778398514 124.45259644463658 43.328213952481747 4.9745853580534449 10.68907203897834 10.562704198062418 18.15308304131031 3.1081868652254334
leaf_count=38 2580 78 402 116 433 105 44 52 20 26 48
internal_value=-1.26877e-05 -0.000908717 -0.000446789 0.00203421 -0.00633195 0.00748707 -0.0153192 0.0124357 -0.00671274 0.019378 0.000881815
internal_weight=959.069 859.488 851.758 597.008 254.751 99.5807 16.8476 82.7331 21.2518 61.4813 11.873
internal_count=3942 3609 3531 2696 835 333 130 203 72 131 86
is_linear=0
shrinkage=0.04


Tree=259
num_leaves=15
num_cat=0
split_feature=24 23 2 1 10 8 24 2 24 8 21 11 2 3
split_gain=3.94393 6.70991 7.87409 8.33171 6.7524 8.58324 5.50831 14.4841 13.5522 12.4127 9.02773 17.0029 16.0027 1.70327
threshold=0.019812860000000005 4.5000000000000009 165.62000000000003 10464.710000000001 2574.9350000000004 0.89600000000000013 0.054121440000000014 237.32000000000002 0.035915190000000007 0.94650000000000001 19.500000000000004 -15530.194999999998 54.795000000000009 4161.4650000000011
decision_type=8 10 10 8 8 10 8 10 10 10 8 10 10 8
left_child=1 4 3 -3 5 -1 7 8 -2 -9 12 -12 -8 -4
right_child=6 2 13 -5 -6 -7 10 9 -10 -11 11 -13 -14 -15
leaf_value=-0.060526030432388758 -0.0052040846398546383 -0.0047114418186312438 0.04298061580331116 0.035355685380984964 0.034529605922013186 -0.00038475063069245578 0.013676832375720933 0.026155805951525519 -0.038872667006998832 -0.028308989173657168 0.0068464437143839355 -0.010643948805508152 -0.0029420428885675682 0.017180367822304931
leaf_weight=5.7360758781433114 54.104111273773015 38.395547036081553 12.626811791211368 9.9208142906427366 3.3699552789330509 11.501164477318525 173.55776697723195 26.421861208975315 30.781202288344502 8.157556417398153 141.91543380357325 232.80525958957151 194.84729507658631 12.923251722007988
leaf_count=49 206 104 17 27 4 48 915 51 162 29 439 1164 692 35
internal_value=-1.245e-05 0.00770279 0.0134469 0.00338372 -0.0117701 -0.0226677 -0.000884592 -0.00884487 -0.0178034 0.0125166 0.000373291 -0.00396633 0.00484092 0.0312788
internal_weight=957.064 94.4736 73.8664 48.3164 20.6072 17.2372 862.59 119.465 84.8853 34.5794 743.126 374.721 368.405 25.5501
internal_count=3942 284 183 131 101 97 3658 448 368 80 3210 1603 1607 52
is_linear=0
shrinkage=0.04


Tree=260
num_leaves=12
num_cat=0
split_feature=5 21 18 5 18 11 21 22 18 3 20
split_gain=3.905 17.3425 34.0634 12.5265 32.1931 16.7101 9.60066 8.57531 7.14396 14.2527 8.55983
threshold=56.875000000000007 111.50000000000001 0.73354500000000011 56.915000000000006 0.25073000000000006 -1675.3 69.500000000000014 3.3500000000000001 0.12257500000000002 59241.915000000008 1.5000000000000002
decision_type=8 10 10 8 10 8 10 10 8 8 8
left_child=1 2 7 4 5 -2 -4 -1 9 -5 -10
right_child=3 -3 6 8 -6 -7 -8 -9 10 -11 -12
leaf_value=0.0074735521143084373 -0.047280103548474839 0.051999599091034611 0.036458281537243085 0.00045539355428958028 -0.050414380427252568 0.036039048112164428 0.00066084046628048882 -0.047379772998411458 0.013831237075671528 -0.041331748160090477 -8.9411758762424583e-05
leaf_weight=4.8834427706897285 4.4300300553441048 11.833975434303282 26.230136394500732 37.521444008685648 25.806655744090676 15.643075739964845 23.886390723288059 20.777976736892015 77.928351145237684 18.801876884885132 687.87882428988814
leaf_count=14 58 12 33 279 220 104 59 254 193 458 2258
internal_value=-1.11898e-05 0.00799097 0.000560294 -0.000846045 -0.021077 0.0159766 0.0199668 -0.0362332 0.000270773 -0.013383 0.00130915
internal_weight=955.622 87.6119 75.7779 868.01 45.8798 20.0731 50.1165 25.6614 822.13 56.3233 765.807
internal_count=3942 372 360 3570 382 162 92 268 3188 737 2451
is_linear=0
shrinkage=0.04


Tree=261
num_leaves=13
num_cat=0
split_feature=8 0 0 17 4 10 0 14 1 12 1 20
split_gain=3.91521 6.55657 11.742 5.2584 16.1809 27.2958 15.5639 8.14092 16.3185 10.6505 1.84819 0.694462
threshold=0.0055000000000000005 1.5585000000000002 0.90650000000000019 36.500000000000007 3.8150000000000004 2979.0700000000006 1.0005000000000002 1.0000000180025095e-35 4035.98 24.500000000000004 31001.565000000002 2.5000000000000004
decision_type=8 10 10 8 10 10 8 8 10 10 8 10
left_child=1 2 11 7 5 -5 -6 9 -9 -2 -4 -1
right_child=3 -3 10 4 6 -7 -8 8 -10 -11 -12 -13
leaf_value=0.0093170108974263664 -0.00077681572762316065 0.03999381626444045 -0.044444382560463493 -0.027611431369701393 -0.04084078731832274 0.026784289678877339 0.044227915853711684 0.0016444681267510227 -0.014298743201704074 0.01886011106292159 0 0.033354539697725304
leaf_weight=7.5025389879010635 93.123638621531427 9.8165796305984241 6.5336650963872644 69.649281611666083 3.8232433311641243 17.913514489773661 14.312568366527556 513.38588982075453 127.51297190226614 80.478809870779514 1.7242877315729863 6.937621159479022
leaf_count=35 360 19 70 689 43 70 59 1987 439 132 27 12
internal_value=-1.07297e-05 0.0135016 0.000566957 -0.000516976 -0.00889997 -0.0161672 0.0246066 0.000551147 -0.00150508 0.00823964 -0.0353377 0.022934
internal_weight=952.715 32.5147 22.6981 920.2 105.699 87.5628 18.1358 814.501 640.899 173.602 8.25795 14.4402
internal_count=3942 163 144 3779 861 759 102 2918 2426 492 97 47
is_linear=0
shrinkage=0.04


Tree=262
num_leaves=15
num_cat=0
split_feature=16 1 1 15 14 2 17 22 24 0 6 6 24 19
split_gain=3.99216 12.2443 9.33314 8.07413 13.6883 18.1994 14.7581 6.69922 9.42417 6.43858 8.88593 5.18459 4.31561 3.61544
threshold=6.5000000000000009 11230.220000000003 23715.790000000005 0.21950000000000003 1.0000000180025095e-35 53.350000000000001 3.5000000000000004 6.6500000000000012 0.09861337000000002 0.96350000000000013 0.0090050000000000009 0.058615000000000007 0.17594848000000005 1.2500000000000002
decision_type=10 8 8 10 10 10 8 10 10 10 8 10 10 10
left_child=3 7 -3 4 6 -6 -1 8 -2 13 -11 -4 -9 -5
right_child=1 2 11 9 5 -7 -8 12 -10 10 -12 -13 -14 -15
leaf_value=0.0041507103351562033 0.018296565590730309 -0.053493653556288212 -0.016157511004736044 0.037247787893770923 0.011542801079406266 -0.017699817478827814 -0.01227220446243793 0.007597157830985136 -0.027100967485177315 -0.047944108318054415 0.0076781662783039963 0.025141496235751584 0.028447432462126044 0.010643737378910879
leaf_weight=445.75281156273559 14.66239193826914 7.3833302315324572 13.633061304688455 16.270965173840523 42.328127969056368 155.35836278274655 108.2085362249054 32.092651445418596 13.423504866659639 4.9991447078064084 26.844275098294023 6.8301135748624793 40.195407510735095 22.906090311706066
leaf_count=1638 31 65 89 26 115 561 960 89 62 46 78 14 104 64
internal_value=-6.75422e-06 0.00652264 -0.0164314 -0.00105206 -0.00229494 -0.0113242 0.000898481 0.0131389 -0.00279581 0.0117465 -0.00104187 -0.00114797 0.0195814 0.0225271
internal_weight=950.889 128.22 27.8465 822.668 751.648 197.686 553.961 100.374 28.0859 71.0205 31.8434 20.4632 72.2881 39.1771
internal_count=3942 454 168 3488 3274 676 2598 286 93 214 124 103 193 90
is_linear=0
shrinkage=0.04


Tree=263
num_leaves=13
num_cat=0
split_feature=6 6 5 2 2 12 21 1 5 5 4 18
split_gain=3.91207 11.8956 14.3654 14.6897 14.3964 11.2916 10.8037 8.67391 5.13868 9.77869 6.2422 3.92895
threshold=0.029940000000000005 0.010130000000000002 57.355000000000011 116.21500000000002 46.100000000000009 24.500000000000004 17.500000000000004 1884.7850000000001 57.07500000000001 57.175000000000004 1.9905000000000002 0.42841000000000001
decision_type=10 10 8 10 10 10 10 8 10 10 10 10
left_child=1 5 4 -4 -3 6 -1 -7 -2 11 -11 -10
right_child=8 2 3 -5 -6 7 -8 -9 9 10 -12 -13
leaf_value=0.0049620685833332611 0.027263086458792489 0.027479283457751493 -0.055891971640464916 -0.012258270302696007 -0.010760971972696057 -0.012355818994151026 -0.0064496011411055041 0.019885177826464859 -0.0057383248087252 -9.4393957251000921e-05 0.016053523936234659 -0.060078122948565973
leaf_weight=245.7895529018715 15.132714502513407 20.782177820801735 18.68319902382791 40.641368975862861 59.849703348241746 15.091229371726511 285.76392005803064 74.249505463987589 5.4714756682515127 105.54316066205502 57.535464957356453 4.5801047086715698
leaf_count=1382 24 42 110 151 311 41 1311 133 18 273 124 22
internal_value=-3.30497e-06 -0.00130233 -0.0118265 -0.0266865 -0.000549753 0.00104536 -0.00113557 0.014178 0.00513019 0.00300751 0.00551211 -0.0340678
internal_weight=949.114 760.851 139.956 59.3246 80.6319 620.894 531.553 89.3407 188.263 173.13 163.079 10.0516
internal_count=3942 3481 614 261 353 2867 2693 174 461 437 397 40
is_linear=0
shrinkage=0.04


Tree=264
num_leaves=11
num_cat=0
split_feature=21 21 23 21 11 22 15 4 20 21
split_gain=3.82722 9.88794 10.5491 6.18686 9.76664 5.86277 13.754 9.52369 4.12367 0.55588
threshold=170.50000000000003 191.50000000000003 20.500000000000004 144.50000000000003 -103100.20499999999 2.7500000000000004 0.16750000000000004 0.38450000000000006 12.500000000000002 186.00000000000003
decision_type=10 10 10 10 10 8 8 8 10 10
left_child=3 9 -3 5 -5 6 -1 -7 -4 -2
right_child=1 2 8 4 -6 7 -8 -9 -10 -11
leaf_value=-0.0083050401996677403 0.01765109150328251 0.024026179667926986 -0.069001249273001428 0.010001015889701139 -0.050120889231078748 0.008266904344483305 0.02191739476165315 -0.003225067091356418 -0.0040989011737407608 0.039172313498427341
leaf_weight=40.116792874410748 9.9773865342140198 6.1080487146973592 4.0518705472350121 6.5547643899917629 9.4790659109130484 138.71399540826678 56.598310086876154 661.29474858567119 3.5740520656108856 10.734720438718796
leaf_count=157 30 19 25 13 84 467 145 2970 16 16
internal_value=-6.26446e-06 0.0129631 -0.012085 -0.000524437 -0.0247737 -5.49936e-05 0.00919736 -0.00120356 -0.0431685 0.0304085
internal_weight=947.204 34.4461 13.734 912.758 16.0338 896.724 96.7151 800.009 7.62592 20.7121
internal_count=3942 106 60 3836 97 3739 302 3437 41 46
is_linear=0
shrinkage=0.04


Tree=265
num_leaves=13
num_cat=0
split_feature=24 23 2 17 10 10 20 17 22 11 22 3
split_gain=3.83031 6.21334 7.41298 8.1252 7.28258 7.74174 5.61665 12.8685 15.5441 9.24566 8.67001 1.80047
threshold=0.019812860000000005 4.5000000000000009 165.62000000000003 4.5000000000000009 2690.8800000000006 -1942.3899999999996 14.500000000000002 22.500000000000004 10.65 34408.265000000007 0.75000000000000011 4161.4650000000011
decision_type=8 10 10 8 8 10 10 10 10 10 8 8
left_child=1 4 3 -3 5 -1 9 8 -8 10 -2 -4
right_child=6 2 11 -5 -6 -7 7 -9 -10 -11 -12 -13
leaf_value=0 -0.036812893788288531 -0.0044320995422325975 0.042752221981694753 0.035763728627174945 0.039012680026029312 -0.054876837539589857 0.017363473589828704 0.058818070754041107 -0.025143255303850011 -0.053061363964904934 -0.00092773432471414852 0.016302663549198026
leaf_weight=10.490551751106981 10.472507944330571 38.360854383558035 12.354837045073511 9.5116759818047267 3.0938054397702244 6.5385157126001987 42.447724387049675 7.2290046215057364 19.589844141155481 5.1241617761552325 768.09207800752483 12.587807580828665
leaf_count=39 74 107 17 24 3 59 88 4 99 48 3345 35
internal_value=-4.443e-06 0.0076628 0.0132136 0.00342797 -0.0112866 -0.0224179 -0.0008673 0.0099647 0.00352744 -0.00185594 -0.00145942 0.0307727
internal_weight=945.893 92.938 72.8152 47.8725 20.1229 17.0291 852.955 69.2666 62.0376 783.689 778.565 24.9426
internal_count=3942 284 183 131 101 98 3658 191 187 3467 3419 52
is_linear=0
shrinkage=0.04


Tree=266
num_leaves=12
num_cat=0
split_feature=5 21 18 5 21 20 10 21 11 18 4
split_gain=3.78721 16.1586 32.0626 11.8018 30.5148 18.6765 9.04335 8.44436 6.81349 7.38836 3.86951
threshold=56.875000000000007 111.50000000000001 0.73354500000000011 56.915000000000006 12.500000000000002 2.5000000000000004 -6352.2149999999992 3.5000000000000004 34408.265000000007 1.7255800000000001 0.44150000000000006
decision_type=8 10 10 8 10 10 10 8 10 10 10
left_child=1 2 7 4 5 -2 -4 -1 9 -5 -10
right_child=3 -3 6 8 -6 -7 -8 -9 10 -11 -12
leaf_value=0.0037636858234281301 -0.047075581399076159 0.050561551298286211 0.03587314105676255 -0.00070838775042876166 -0.049415357596494493 0.038950249199422242 0.00095798181887977302 -0.048198770818773891 0 0.011344583275904097 -0.060057145309105775
leaf_weight=5.692084071692082 4.8705794354900744 11.739719167351721 25.492332428693771 715.23376377671957 25.369599459460005 14.69528731331229 24.140378070995212 19.195297743659467 2.9307188019156447 91.086217802017927 4.1636069947853684
leaf_count=55 81 12 30 2905 242 59 62 213 14 233 36
internal_value=-2.69212e-06 0.00794039 0.000667122 -0.000828377 -0.0206737 0.0158995 0.019469 -0.0356864 0.000255392 0.000634578 -0.0374126
internal_weight=944.61 86.2598 74.5201 858.35 44.9355 19.5659 49.6327 24.8874 813.414 806.32 7.09433
internal_count=3942 372 360 3570 382 140 92 268 3188 3138 50
is_linear=0
shrinkage=0.04


Tree=267
num_leaves=14
num_cat=0
split_feature=16 1 1 18 1 23 24 6 4 4 24 5 10
split_gain=3.77519 11.2381 8.8532 7.76902 7.98336 7.74124 7.62146 6.95564 6.55919 24.7757 5.12815 2.87929 1.66573
threshold=6.5000000000000009 11230.220000000003 23715.790000000005 0.081500000000000017 563.46000000000015 5.5000000000000009 10.695887090000001 0.039070000000000001 3.2670000000000008 1.8950000000000002 0.085588310000000015 57.265000000000008 2979.0700000000006
decision_type=10 8 8 8 8 8 10 10 10 10 10 10 10
left_child=3 8 -3 6 7 -6 -1 -5 9 -2 -4 -10 -8
right_child=1 2 10 4 5 -7 12 -9 11 -11 -12 -13 -14
leaf_value=-0.040831657448407929 0.014875460569498128 -0.052521127151837439 -0.030599846067337934 -0.045893219858432595 -0.006110846664082621 0.00277156055483402 -0.01346731813756984 0.0069029079014356143 0.043856182557863617 -0.055967526872198831 0.011514729964335538 0.01508235764009648 0.017689802420299456
leaf_weight=14.693914860021325 61.651775452308357 7.1469100825488594 6.2239371109753874 10.734349478036163 217.63099756464362 557.88426031405106 4.0293894577771407 5.0853592306375495 12.584219567477705 8.4923585765063745 14.023118339478968 16.546686585992575 5.6279547698795795
leaf_count=453 160 65 63 74 858 2026 38 11 16 60 40 50 28
internal_value=-3.54807e-06 0.00638551 -0.0157793 -0.00102352 -0.000306117 0.000250808 -0.0230567 -0.0280045 0.0127505 0.00567997 -0.000892737 0.0287176 0.00269791
internal_weight=942.355 126.669 27.394 815.686 791.335 775.515 24.3513 15.8197 99.275 70.1441 20.2471 29.1309 9.65734
internal_count=3942 454 168 3488 2969 2884 519 85 286 220 103 66 66
is_linear=0
shrinkage=0.04


Tree=268
num_leaves=12
num_cat=0
split_feature=23 18 10 17 18 18 22 20 22 4 3
split_gain=3.79154 12.377 10.4573 9.96299 9.43094 12.5332 12.2345 7.43399 7.4223 10.6219 3.22535
threshold=1.0000000180025095e-35 2.5526250000000004 88.660000000000011 36.500000000000007 1.7255800000000001 1.6150750000000003 22.450000000000003 6.5000000000000009 10.950000000000001 0.84450000000000014 9071.6100000000024
decision_type=8 10 10 8 10 10 10 10 10 8 8
left_child=2 4 8 -4 5 -2 -6 -5 10 -10 -1
right_child=1 -3 3 7 6 -7 -8 -9 9 -11 -12
leaf_value=0.010486129850026863 -0.0013294618082061432 -0.050575674706806448 -0.048942723443109987 -0.03153193323980618 0.018273268653322471 -0.056671387892787875 -0.013295562403248164 0.047856918739081891 0.016567157332489452 -0.050233649022190741 0.038511746708840146
leaf_weight=13.530507713556288 753.91308967350051 7.4013705267570904 7.9880239209160182 2.5260915653780112 82.489128055982292 6.1295957844704381 24.589046314358711 4.000762552022934 11.82389888353646 4.9510489786043754 20.990530403330922
leaf_count=35 3294 59 62 50 192 41 95 7 32 48 27
internal_value=-6.08258e-06 -0.000726129 0.00919392 -0.0196773 -0.000248683 -0.00183904 0.0108099 0.0142274 0.0178606 -0.00287434 0.0284047
internal_weight=940.333 874.522 65.8109 14.5149 867.121 760.043 107.078 6.52685 51.296 16.7749 34.521
internal_count=3942 3681 261 119 3622 3335 287 57 142 80 62
is_linear=0
shrinkage=0.04


Tree=269
num_leaves=6
num_cat=0
split_feature=10 4 4 22 10
split_gain=3.77789 4.70307 4.58397 11.1561 8.12468
threshold=-141488.20999999996 0.033000000000000008 0.17950000000000002 16.250000000000004 -56385.104999999989
decision_type=8 8 8 10 8
left_child=-1 -2 3 -3 -4
right_child=1 2 4 -5 -6
leaf_value=0.027652877476494867 -0.038168320135702982 -0.0055679337686435539 -0.032286569310403156 0.027199232332444541 -0.00031675098426743207
leaf_weight=7.3205490410327911 4.70904368138872 32.828548228368163 12.444777203723786 31.36260299384594 850.08473679888994
leaf_count=17 85 144 55 65 3576
internal_value=-9.43153e-06 -0.000263023 -2.83631e-05 0.0102188 -0.000819631
internal_weight=938.75 931.43 926.721 64.1912 862.53
internal_count=3942 3925 3840 209 3631
is_linear=0
shrinkage=0.04


Tree=270
num_leaves=7
num_cat=0
split_feature=6 6 19 22 22 6
split_gain=3.76274 9.8455 8.47143 5.5442 15.4554 13.5206
threshold=0.086185000000000025 0.071595000000000006 3.7500000000000004 8.4500000000000011 14.450000000000001 -0.005474999999999999
decision_type=10 10 10 8 8 8
left_child=1 3 -2 5 -5 -1
right_child=2 -3 -4 4 -6 -7
leaf_value=-0.045787562110534794 -0.016410671096940249 -0.045877874792043007 0.030152811697544895 -0.012990018112666217 0.0019889275489034667 0.0044505933472189629
leaf_weight=8.2042283788323385 8.4012357890605944 7.0772893652319899 18.173731565475464 163.63503007777035 330.32559345220216 402.50788894854486
leaf_count=57 26 31 38 808 1749 1233
internal_value=-1.03211e-05 -0.000467723 0.0146626 -6.52362e-05 -0.00294084 0.00334396
internal_weight=938.325 911.75 26.575 904.673 493.961 410.712
internal_count=3942 3878 64 3847 2557 1290
is_linear=0
shrinkage=0.04


Tree=271
num_leaves=12
num_cat=0
split_feature=8 6 2 24 8 20 8 14 20 24 1
split_gain=3.77526 6.12554 7.49337 4.70308 8.4933 20.4417 13.2028 7.01319 14.4521 11.7714 1.60366
threshold=0.0055000000000000005 -0.005474999999999999 80.88000000000001 0.020938225000000001 0.75050000000000006 10.500000000000002 0.92000000000000015 1.0000000180025095e-35 7.5000000000000009 0.014187635000000002 4474.1100000000006
decision_type=8 8 10 8 8 10 8 10 10 10 8
left_child=1 -1 -3 7 5 -5 -6 9 -9 -2 -4
right_child=3 2 10 4 6 -7 -8 8 -10 -11 -12
leaf_value=0.031359303321025808 -0.014922234900096792 -0.043201695678672304 0.028795198451867614 -0.021590001250215769 0.013100261641893077 0.018278943239290663 -0.0022414472899029078 0.012035910356926836 -0.028810320686434486 0.035733660419284885 0
leaf_weight=15.257402705028651 9.1937729064375144 4.7707916353829267 5.3225215673446629 83.764232093468308 105.30850712768734 26.279238738119602 590.3555200046394 45.760732697322965 19.284665331244469 25.911999225616455 6.1803115103393802
leaf_count=31 55 80 15 416 291 54 2743 117 63 40 37
internal_value=-1.16033e-05 0.0134621 -0.00255966 -0.00050983 -0.00154801 -0.0118484 5.99681e-05 0.00760977 0 0.0218825 0.0137278
internal_weight=937.39 31.531 16.2736 905.859 805.707 110.043 695.664 100.151 65.0454 35.1058 11.5028
internal_count=3942 163 132 3779 3504 470 3034 275 180 95 52
is_linear=0
shrinkage=0.04


Tree=272
num_leaves=9
num_cat=0
split_feature=13 5 5 21 1 0 23 19
split_gain=3.79557 6.45492 24.4507 6.20092 5.93218 5.14618 5.70552 1.0182
threshold=1.0000000180025095e-35 57.205000000000005 57.295000000000009 1.5000000000000002 32077.235000000004 0.12800000000000003 20.500000000000004 29.850000000000005
decision_type=10 10 10 8 8 8 10 8
left_child=3 -2 7 -1 -4 -5 -7 -3
right_child=1 2 4 5 -6 6 -8 -9
leaf_value=-0.0409276094605905 0.029820548235663564 -0.054189624784938939 0.0041616000921273341 0.025188696333557709 0.038841702218994779 -0.0021383204016684003 0.0073267419493449927 -0.004823748186001695
leaf_weight=5.6063924939371637 17.363329973071814 9.4947482896968705 22.882366421632469 11.830326179042457 13.081225166097282 736.50704267970286 117.25822234712541 1.8179165767505754
leaf_count=112 38 95 65 38 23 3124 428 19
internal_value=-8.30973e-06 0.00928356 0.0010891 -0.000725602 0.0176841 -0.000418647 -0.000811426 -0.0484897
internal_weight=935.842 64.6396 47.2763 871.202 35.9636 865.596 853.765 11.3127
internal_count=3942 240 202 3702 88 3590 3552 114
is_linear=0
shrinkage=0.04


Tree=273
num_leaves=9
num_cat=0
split_feature=10 11 1 4 18 11 10 18
split_gain=3.66825 7.29827 9.3437 7.27465 9.78228 7.17133 8.87719 2.54231
threshold=17975.925000000003 9962.340000000002 13660.285000000002 0.92850000000000021 0.41446000000000005 9432.7300000000014 3804.7300000000005 0.075440000000000021
decision_type=10 10 10 10 10 10 10 8
left_child=1 5 7 -2 -5 6 -1 -3
right_child=3 2 -4 4 -6 -7 -8 -9
leaf_value=0.0006051100207186132 0.031854650814783822 0 0.021147433523258399 0.023681171905966438 -0.052639167804095999 0.040309243815700564 -0.017937533064580707 -0.052694825319074649
leaf_weight=844.2604747954756 15.443512108176948 2.0998281948268405 3.9799939356744281 5.0880196560174209 4.432358767837286 6.5195052176713935 42.896538252010942 9.8979535577818734
leaf_count=3501 35 25 10 14 35 13 223 86
internal_value=-6.17286e-06 -0.000446455 -0.0268264 0.0149455 -0.0107086 1.75549e-05 -0.000278547 -0.0445503
internal_weight=934.618 909.654 15.9778 24.9639 9.52038 893.677 887.157 11.9978
internal_count=3942 3858 121 84 49 3737 3724 111
is_linear=0
shrinkage=0.04


Tree=274
num_leaves=10
num_cat=0
split_feature=5 21 18 5 21 21 21 5 5
split_gain=3.6577 15.0212 29.9174 10.8184 9.00109 8.31896 6.80163 60.773 19.4558
threshold=56.875000000000007 111.50000000000001 0.73354500000000011 56.885000000000012 69.500000000000014 3.5000000000000004 20.500000000000004 57.055000000000007 57.065000000000005
decision_type=8 10 10 8 10 8 10 10 8
left_child=1 2 5 -2 -4 -1 8 -8 -5
right_child=3 -3 4 6 -6 -7 7 -9 -10
leaf_value=0.0042984986118754344 -0.044849079660103673 0.049142508609796395 0.035294016768552872 0.017058078467233749 0.00024420865783189599 -0.047726486561530675 -0.052593045078599625 0.0014200084479402931 -0.0015700652102792092
leaf_weight=5.6130811953917172 8.3422521986067277 11.622818306088446 25.319700926542282 113.58950613252819 23.626888496801257 18.52883476857096 37.303017950383946 276.61826062202454 413.36801383690909
leaf_count=55 102 12 33 366 59 213 309 984 1809
internal_value=-4.13957e-06 0.00787473 0.000751076 -0.000817779 0.0189532 -0.0349771 -0.000330787 -0.00500814 0.00241981
internal_weight=933.932 84.7113 73.0885 849.221 48.9466 24.1419 840.879 313.921 526.958
internal_count=3942 372 360 3570 92 268 3468 1293 2175
is_linear=0
shrinkage=0.04


Tree=275
num_leaves=6
num_cat=0
split_feature=10 4 4 19 10
split_gain=3.6293 4.40818 4.36717 10.5903 7.35277
threshold=-141488.20999999996 0.033000000000000008 0.17950000000000002 16.350000000000005 -56385.104999999989
decision_type=8 8 8 10 8
left_child=-1 -2 3 -3 -4
right_child=1 2 4 -5 -6
leaf_value=0.027287571059648363 -0.037618464997892793 0.015674075946896973 -0.030874966746900372 -0.036882969371845806 -0.00032235208465484193
leaf_weight=7.2189513593912125 4.5253834032919249 57.569411891512573 12.329418051987885 6.1992115359753361 843.32459949748591
leaf_count=17 85 170 55 39 3576
internal_value=-3.68661e-06 -0.000253196 -2.71968e-05 0.0100064 -0.00080373
internal_weight=931.167 923.948 919.423 63.7686 855.654
internal_count=3942 3925 3840 209 3631
is_linear=0
shrinkage=0.04


Tree=276
num_leaves=14
num_cat=0
split_feature=22 23 10 11 23 21 4 11 21 24 1 5 23
split_gain=3.64595 15.5812 13.0206 12.8884 9.31974 6.14207 26.7015 21.9131 20.8699 63.7206 13.0693 10.9074 1.8912
threshold=2.7500000000000004 18.500000000000004 -623.07499999999993 167.52500000000001 15.500000000000002 64.500000000000014 1.2055000000000002 -75102.979999999996 20.500000000000004 1.0584410700000004 11740.020000000002 57.215000000000011 21.500000000000004
decision_type=8 8 10 10 10 10 8 10 10 8 10 10 10
left_child=1 2 4 -4 -1 8 11 -8 10 -10 -2 -7 -3
right_child=5 12 3 -5 -6 6 7 -9 9 -11 -12 -13 -14
leaf_value=-0.020271562885312368 0.0038871455805047522 -0.058887032103878377 0.040380368474047489 0.00081371216538974331 0.025313675361862364 0.0043857995475337468 0.03776103286644366 -0.033722508235088468 0.0048714248532992768 -0.047090767948325396 -0.015305474219786742 0.027134631507206998 -0.0078100696484316359
leaf_weight=24.354152733460069 422.6317796530202 5.0701879132539016 32.271566541865468 23.823984399437904 9.3442104458808881 84.164228261681274 7.6774343252181998 37.84111500531435 95.170625941827893 61.375750449020416 64.879509511403739 59.111771106719971 2.9507103431969881
leaf_count=99 1888 37 43 96 17 338 7 275 231 481 298 107 25
internal_value=-5.80044e-06 0.00725749 0.0122764 0.0240853 -0.00686113 -0.000886684 0.00541322 -0.0209518 -0.00276719 -0.0154586 0.00127889 0.0139722 -0.044005
internal_weight=930.667 97.8148 89.7939 56.0956 33.6984 832.852 188.795 45.5185 644.058 156.546 487.511 143.276 8.0209
internal_count=3942 317 255 139 116 3625 727 282 2898 712 2186 445 62
is_linear=0
shrinkage=0.04


Tree=277
num_leaves=11
num_cat=0
split_feature=3 24 5 3 24 6 19 1 0 24
split_gain=3.62228 12.1547 12.5757 8.02977 6.93166 9.01265 6.01157 19.7193 7.43441 3.74485
threshold=22405.755000000001 0.21567257000000004 57.385000000000012 19845.855000000003 0.17928788500000004 0.029940000000000005 63.950000000000003 2146.2700000000009 1.8335000000000001 0.14976472500000002
decision_type=10 10 10 10 10 10 10 10 10 8
left_child=3 4 -3 6 5 -2 8 -8 -1 -5
right_child=1 2 -4 9 -6 -7 7 -9 -10 -11
leaf_value=0.0011531261564044709 -0.0097013272832642758 -0.052825144274327086 0.021193672701073817 -0.060608429420209511 0.041621560834547856 0.026774791525529511 0.018132815626488039 -0.03703379660101324 -0.020804200448696051 -0.003435319755547366
leaf_weight=782.33945596963167 20.556950945407152 8.6307894643396121 5.3097709268331519 4.7191496007144424 13.934329375624655 20.885426588356495 16.329581249505281 25.428973492234945 24.935490621253848 4.1603618748486051
leaf_count=3370 94 70 10 29 16 33 53 121 129 17
internal_value=-4.29319e-06 0.00873544 -0.0234897 -0.000738418 0.0173433 0.00830449 -0.000307855 -0.0150285 0.000437681 -0.0375642
internal_weight=927.23 69.3173 13.9406 857.913 55.3767 41.4424 849.034 41.7586 807.275 8.87951
internal_count=3942 223 80 3719 143 127 3673 174 3499 46
is_linear=0
shrinkage=0.04


Tree=278
num_leaves=6
num_cat=0
split_feature=24 24 22 10 22
split_gain=3.62796 8.52626 7.03723 7.61649 6.82487
threshold=20.483395975000004 17.985280250000006 0.75000000000000011 8662.6400000000012 2.6500000000000008
decision_type=10 10 8 10 8
left_child=1 2 3 -1 -4
right_child=-2 -3 4 -5 -6
leaf_value=-0.05180478337310062 0.023728441309590745 -0.042090795285562727 0.011944022161665202 0.018345640465398147 -0.00058083711230545168
leaf_weight=7.7632745262235385 9.6719381362199766 7.2430671090260139 75.3955501858145 2.7264316771179438 823.0778349917382
leaf_count=65 13 50 198 12 3604
internal_value=-5.72147e-06 -0.000290894 4.31544e-05 -0.0317466 0.000454
internal_weight=925.878 916.206 908.963 10.4897 898.473
internal_count=3942 3929 3879 77 3802
is_linear=0
shrinkage=0.04


Tree=279
num_leaves=14
num_cat=0
split_feature=2 12 0 22 11 2 5 6 20 4 18 18 21
split_gain=3.57234 11.3997 12.3503 12.4721 10.8501 8.2331 19.3634 12.1135 8.46498 8.8506 5.66099 3.61436 3.51311
threshold=237.32000000000002 24.500000000000004 0.94850000000000001 5.9500000000000011 -926.24499999999989 152.38500000000002 57.085000000000008 0.060920000000000009 17.500000000000004 7.331500000000001 0.18445000000000003 0.81386500000000017 13.500000000000002
decision_type=10 10 10 10 10 10 10 10 10 10 10 10 10
left_child=5 2 3 -2 -4 8 -7 -8 9 -1 -3 -10 -12
right_child=1 10 4 -5 -6 6 7 -9 11 -11 12 -13 -14
leaf_value=0.0018537779242677487 -0.027263983431210677 -0.0061720054873696259 -0.0016473989467946546 0.020379215064912436 -0.04000049732420792 0.035742470870326386 -0.026884943017601373 0.018458079973467715 -0.051157490263471744 -0.022118800494571104 0.0048737757557353366 -0.0024496449053836647 0.034264423572788055
leaf_weight=644.70162438764237 10.102905020117758 8.633777514100073 34.648311032913625 45.588878750801086 18.417830672115088 10.667047902941702 64.003860392607749 10.136974439024923 6.6793326810002309 25.050884539727122 10.575809314846991 5.1609382443130016 30.743198230862617
leaf_count=2837 45 21 150 116 121 14 315 18 40 184 22 20 39
internal_value=-5.67802e-06 0.00542482 -0.00168819 0.0112148 -0.0155812 -0.00115914 -0.0128793 -0.0203353 0.000278205 0.000911456 0.021171 -0.0325069 0.0273682
internal_weight=925.111 158.711 108.758 55.6918 53.0661 766.401 84.8079 74.1408 681.593 669.753 49.9528 11.8403 41.319
internal_count=3942 514 432 161 271 3428 347 333 3081 3021 82 60 61
is_linear=0
shrinkage=0.04


Tree=280
num_leaves=11
num_cat=0
split_feature=13 0 21 16 8 0 6 5 5 11
split_gain=3.57434 6.06472 5.981 5.65094 5.13316 8.74823 8.02013 4.01243 19.3666 2.46799
threshold=1.0000000180025095e-35 1.1725000000000001 1.5000000000000002 4.5000000000000009 0.97750000000000015 1.5480000000000003 0.029940000000000005 57.295000000000009 57.205000000000005 -333.0499999999999
decision_type=10 10 8 8 10 10 8 8 10 10
left_child=2 7 -1 -3 5 -4 -6 8 -2 -9
right_child=1 3 4 -5 6 -7 -8 9 -10 -11
leaf_value=-0.04062959219382932 0.029699267472101009 -0.051566069410641381 -0.00012928928867475558 0.0082807213432599999 -0.014056121438419989 0.017829336565324278 0.0045162709701165376 0.03141549719837311 -0.045025393856729504 0.0056894293266000753
leaf_weight=5.4727543299086383 13.970448620617391 4.2261396031826708 654.01520670810714 4.1734573487192401 96.947968010790646 45.836068188771605 57.746242254972458 20.903601995669305 8.4894185187295061 11.57279472472146
leaf_count=112 31 31 2924 18 401 133 132 42 86 32
internal_value=-7.29856e-06 0.00910292 -0.00070636 -0.0207885 -0.00040368 0.00103023 -0.0070021 0.0141803 0.00021819 0.0230799
internal_weight=923.354 63.3359 860.018 8.3996 854.545 699.851 154.694 54.9363 22.4599 32.4764
internal_count=3942 240 3702 49 3590 3057 533 191 117 74
is_linear=0
shrinkage=0.04


Tree=281
num_leaves=15
num_cat=0
split_feature=24 5 6 19 20 20 23 21 17 22 21 6 23 11
split_gain=3.55915 5.48325 12.0418 8.89554 5.31536 11.8989 13.6948 9.99409 8.72113 7.76679 6.00841 3.98553 2.99238 3.23336
threshold=0.019812860000000005 57.355000000000011 0.010220000000000002 11.750000000000002 14.500000000000002 15.500000000000002 5.5000000000000009 41.500000000000007 11.500000000000002 0.75000000000000011 2.5000000000000004 0.0077950000000000007 5.5000000000000009 609.67500000000007
decision_type=8 10 10 10 10 10 10 10 10 8 8 8 10 10
left_child=1 12 11 -4 8 7 -7 -6 9 -2 -10 -3 13 -1
right_child=4 2 3 -5 5 6 -8 -9 10 -11 -12 -13 -14 -15
leaf_value=-0.031920792502975116 -0.035443898471398803 0.0058948426840867455 -0.035844112603011624 0.0032109698491625399 0.057193052836540192 -0.049230457438196443 0.0077128849924509961 0.0075353520507341031 0.0058434680886774552 -0.00070480355122419297 -0.049502155402102725 0.041119936777580045 0.026371695217367597 0.023301663975881938
leaf_weight=2.9335816311650005 9.9839027384296042 13.747764531522987 16.303887531161308 18.955189876258373 11.715461015701296 8.0568098239600641 30.515006033703685 16.57490448653698 3.529573513194916 741.24838048475794 9.6425660792738199 9.9037707000970858 26.261847069486976 2.6612676158547401
leaf_count=43 81 35 60 54 8 50 84 49 14 3292 80 9 77 6
internal_value=-6.38383e-06 0.00746988 0 -0.0145376 -0.000850774 0.00987593 -0.00414725 0.0294302 -0.00182102 -0.00121636 -0.0335377 0.0220189 0.020701 -0.0026153
internal_weight=922.034 90.7673 58.9106 35.2591 831.267 66.8622 38.5718 28.2904 764.404 751.232 13.1721 23.6515 31.8567 5.59485
internal_count=3942 284 158 114 3658 191 134 57 3467 3373 94 44 126 49
is_linear=0
shrinkage=0.04


Tree=282
num_leaves=11
num_cat=0
split_feature=23 18 10 17 18 18 22 5 20 1
split_gain=3.56188 11.283 9.47247 9.34713 9.15946 11.7192 11.3852 7.14932 6.69722 6.07577
threshold=1.0000000180025095e-35 2.5526250000000004 88.660000000000011 36.500000000000007 1.7255800000000001 1.6150750000000003 22.450000000000003 57.215000000000011 6.5000000000000009 5998.4750000000013
decision_type=8 10 10 8 10 10 10 10 10 8
left_child=2 4 7 -4 5 -2 -6 -1 -5 -9
right_child=1 -3 3 8 6 -7 -8 9 -10 -11
leaf_value=-0.01394530926887831 -0.0013290333433540124 -0.049384145898907904 -0.047967565645011832 -0.030522996627595857 0.018109429457369704 -0.055574530299064485 -0.01272534213318703 -0.005492482756728494 0.045801970285222579 0.031732422066381293
leaf_weight=8.477295062504707 739.93766447342932 7.0556402045767745 7.6470376718789312 2.3869680361822256 80.236771040596068 5.9531671684235326 23.945431720465422 7.5624378472566596 3.9799369126558304 33.699755104258657
leaf_count=39 3294 59 62 50 192 41 95 30 7 73
internal_value=-2.99764e-06 -0.000705208 0.00905858 -0.0188593 -0.000248865 -0.00182572 0.0108043 0.0174318 0.0141361 0.024447
internal_weight=920.882 857.129 63.7534 14.0139 850.073 745.891 104.182 49.7395 6.3669 41.2622
internal_count=3942 3681 261 119 3622 3335 287 142 57 103
is_linear=0
shrinkage=0.04


Tree=283
num_leaves=14
num_cat=0
split_feature=21 18 2 21 23 2 4 5 21 2 21 11 2
split_gain=3.54526 20.5863 20.0406 12.2865 11.5406 27.4333 18.904 19.3959 14.3794 11.2934 9.93963 6.48143 6.5538
threshold=11.500000000000002 0.18445000000000003 32.13000000000001 13.500000000000002 9.5000000000000018 553.42000000000019 1.4470000000000003 57.345000000000006 6.5000000000000009 55.640000000000008 10.500000000000002 25393.205000000005 54.795000000000009
decision_type=8 8 8 8 10 8 10 10 10 10 10 10 8
left_child=4 11 -3 -4 5 9 8 -8 -6 -1 -7 12 -2
right_child=1 2 3 -5 6 10 7 -9 -10 -11 -12 -13 -14
leaf_value=0.019465646520990025 0 -0.05621943133601659 -0.029066881254586813 0.002157159408541531 0.0077880657603300388 -0.051835736759273984 0.034377177658881368 -0.0093580184275435466 -0.025443577371931845 -0.0045071140944034091 0.01804903966273223 0.025238893131976536 -0.049680846775399842
leaf_weight=43.102697282098234 5.0514963995665374 9.5322220548987371 20.478645846247673 496.06654820474796 71.56420995015651 22.205187341198329 65.439271431416273 20.408416772261262 28.686210921965539 110.34372894838452 3.0808729473501435 1.9322413206100453 21.599354535806924
leaf_count=152 27 60 84 1744 360 282 164 72 140 502 10 5 340
internal_value=-9.03831e-06 -0.00204438 -0.000194874 0.000853677 0.00302916 -0.00414623 0.0100204 0.0237545 -0.00160159 0.00213821 -0.0423604 -0.0348087 -0.0402835
internal_weight=919.491 554.661 526.077 516.545 364.831 178.732 186.098 85.8477 100.25 153.446 25.2861 28.5831 26.6509
internal_count=3942 2260 1888 1828 1682 946 736 236 500 654 292 372 367
is_linear=0
shrinkage=0.04


Tree=284
num_leaves=10
num_cat=0
split_feature=5 21 18 5 21 21 21 5 5
split_gain=3.51517 13.7951 27.8839 9.58453 8.96124 7.87005 6.13253 55.1402 17.1511
threshold=56.875000000000007 111.50000000000001 0.73354500000000011 56.885000000000012 69.500000000000014 3.5000000000000004 20.500000000000004 57.055000000000007 57.065000000000005
decision_type=8 10 10 8 10 8 10 10 8
left_child=1 2 5 -2 -4 -1 8 -8 -5
right_child=3 -3 4 6 -6 -7 7 -9 -10
leaf_value=0.0038594107610999675 -0.043564207674792903 0.047529822137255671 0.034917163724555896 0.016151642930110989 0 -0.047264170630618371 -0.051516135707975863 0.0012192506636884337 -0.0014989672302016231
leaf_weight=5.509193156380209 7.8166464958339921 11.491204828023909 24.804019019007683 111.36055526975542 23.467387512326241 17.698995031882077 35.32758781616576 271.50104891695082 407.66479959012941
leaf_count=55 102 12 33 366 59 213 309 984 1809
internal_value=-1.20761e-05 0.0077918 0.000839795 -0.000816935 0.0184005 -0.0344593 -0.000362018 -0.00486145 0.0022615
internal_weight=916.641 82.9708 71.4796 833.671 48.2714 23.2082 825.854 306.829 519.025
internal_count=3942 372 360 3570 92 268 3468 1293 2175
is_linear=0
shrinkage=0.04


Tree=285
num_leaves=8
num_cat=0
split_feature=0 15 20 23 5 1 4
split_gain=3.49248 4.38159 4.82235 7.70177 7.01512 3.65205 0.0214864
threshold=0.12800000000000003 0.70150000000000012 3.5000000000000004 1.0000000180025095e-35 57.065000000000005 604.50500000000011 0.97350000000000014
decision_type=8 10 8 8 10 10 10
left_child=5 2 4 -4 -2 -1 -3
right_child=1 6 3 -5 -6 -7 -8
leaf_value=0 0.017699778462522058 -0.010137850620145328 0.01309917112289959 -0.0032458196638881897 0.0010992895053655708 0.041243195836163031 -0.042629904347751588
leaf_weight=6.0832729972898942 51.410221424885094 2.4729216801933935 49.18970816815272 590.94445006572641 204.45011210534722 6.163625031709671 3.25898776948452
leaf_count=39 291 19 155 2362 1047 6 23
internal_value=-1.15232e-05 -0.000327095 -7.22025e-05 -0.00194936 0.00454087 0.0207561 -0.0337592
internal_weight=913.973 901.726 895.994 640.134 255.86 12.2469 5.73191
internal_count=3942 3897 3855 2517 1338 45 42
is_linear=0
shrinkage=0.04


Tree=286
num_leaves=9
num_cat=0
split_feature=10 4 18 11 1 11 10 18
split_gain=3.49225 6.89032 8.84355 6.71242 8.73965 6.53883 8.28962 2.37036
threshold=17975.925000000003 0.92850000000000021 0.41446000000000005 9962.340000000002 13660.285000000002 9432.7300000000014 4573.4100000000008 0.043615000000000008
decision_type=10 10 10 10 10 10 10 10
left_child=3 -2 -3 5 7 6 -1 -5
right_child=1 2 -4 4 -6 -7 -8 -9
leaf_value=0.00045520105198249868 0.031343902630790156 0.022487652312901254 -0.051710200601689738 0 0.020411029667875554 0.038658384443495668 -0.020249328810943636 -0.051704100247960294
leaf_weight=836.15707549545914 15.087814196944239 4.8263143189251405 4.2047745250165462 1.7385987676680077 3.844647452235221 6.4527318850159636 31.598465348593891 9.5548763205297274
leaf_count=3549 35 14 35 20 10 13 175 91
internal_value=-9.18455e-06 0.014829 -0.0108601 -0.000442176 -0.0264178 0 -0.000286926 -0.0442451
internal_weight=913.465 24.1189 9.03109 889.346 15.1381 874.208 867.756 11.2935
internal_count=3942 84 49 3858 121 3737 3724 111
is_linear=0
shrinkage=0.04


Tree=287
num_leaves=8
num_cat=0
split_feature=11 10 11 11 18 18 4
split_gain=3.41963 4.14476 14.5449 15.0958 10.8517 11.8474 2.76515
threshold=-140281.28999999995 -18435.574999999993 -33474.87999999999 -25868.499999999996 1.9909250000000001 0.3077950000000001 0.21500000000000002
decision_type=8 8 8 8 10 10 10
left_child=-1 4 -3 -4 5 -2 -6
right_child=1 2 3 -5 6 -7 -8
leaf_value=0.019962809979346314 -0.036010983216016798 0.033954135322508655 -0.06474537762695301 0.00018380526997153156 -0.006353872107390364 0.0046597685486216966 -0.051551495992289427
leaf_weight=12.986408852040766 13.293166372925041 19.866495415568352 5.2688194215297699 781.75287896906957 4.2998660467565051 65.429966017603874 9.9212037026882154
leaf_count=32 104 35 24 3518 20 163 46
internal_value=-6.76906e-06 -0.000328111 0.000571973 -0.000266307 -0.00831741 -0.00213936 -0.0399242
internal_weight=912.819 899.832 806.888 787.022 92.9442 78.7231 14.2211
internal_count=3942 3910 3577 3542 333 267 66
is_linear=0
shrinkage=0.04


Tree=288
num_leaves=14
num_cat=0
split_feature=16 1 1 18 1 24 24 21 22 18 5 1 10
split_gain=3.38869 10.2509 7.9423 7.14082 7.01644 6.94506 6.48599 6.46521 5.85322 9.30873 4.62176 4.06398 1.44404
threshold=6.5000000000000009 11230.220000000003 23715.790000000005 0.081500000000000017 563.46000000000015 10.695887090000001 0.053274075000000011 4.5000000000000009 6.8500000000000005 0.52780500000000008 57.205000000000005 4153.3300000000008 2979.0700000000006
decision_type=10 8 8 8 8 10 10 8 10 10 10 10 10
left_child=3 8 -3 5 6 -1 -5 -6 9 -2 -4 -10 -7
right_child=1 2 10 4 7 12 -8 -9 11 -11 -12 -13 -14
leaf_value=-0.04045719066703686 0.011442841055991138 -0.051431957999901766 0.024933527297564036 0.014026241054163486 0.0082229347075356771 -0.012727498878978012 -0.041490565967718801 -0.0014653870009209253 0.00965204129131105 -0.038303161041146831 -0.015401218880075656 0.030792132444017503 0.016774098028243353
leaf_weight=13.673283332958819 19.988723108544949 6.7178703788667944 6.2428050637245205 3.7342543676495543 133.42111288569868 3.9643995147198421 11.581657741218804 618.54697165591642 40.174781356006861 7.9363072812557212 13.09997370559722 27.508247889112681 5.2918092310428619
leaf_count=453 59 65 14 9 467 38 76 2417 133 36 89 58 28
internal_value=-7.78797e-06 0.00616997 -0.0155329 -0.000987567 -0.000296702 -0.0227525 -0.0266747 0.000231347 0.0123438 -0.00241646 -0.00107516 0.0187001 0.00208398
internal_weight=911.882 121.669 26.0606 790.213 767.284 22.9295 15.3159 751.968 95.6081 27.925 19.3428 67.683 9.25621
internal_count=3942 454 168 3488 2969 519 85 2884 286 95 103 191 66
is_linear=0
shrinkage=0.04


Tree=289
num_leaves=14
num_cat=0
split_feature=22 23 10 11 23 4 24 4 0 10 11 4 23
split_gain=3.38489 14.3916 11.5456 12.1566 8.57979 6.08837 15.3107 15.2817 13.3955 13.3925 12.017 10.8207 1.76367
threshold=2.7500000000000004 18.500000000000004 -623.07499999999993 167.52500000000001 15.500000000000002 0.38450000000000006 0.23269074000000003 0.6625000000000002 0.99450000000000005 -1991.8349999999998 -56935.18499999999 0.33750000000000008 21.500000000000004
decision_type=8 8 10 10 10 8 10 8 8 10 8 10 10
left_child=1 2 4 -4 -1 6 11 8 -7 -8 -9 -2 -3
right_child=5 12 3 -5 -6 7 9 10 -10 -11 -12 -13 -14
leaf_value=-0.0192853857303763 0.0076781954162945844 -0.05782321494869614 0.039429087859745623 0.00039020841116986846 0.025014927685111481 0.0058010492060226069 0.0092466144110634804 0.026043668490334002 -0.031377387462147223 -0.045475610060494331 -0.0016198096837122737 0.042993015960786016 -0.0071916503443297036
leaf_weight=23.726437421515584 101.21706607495435 4.8511876240372649 31.161304235458374 23.158583769574761 9.0966181159019452 21.071036148816347 12.317479573655875 25.749872226268053 49.507313032634556 14.699597605504094 574.70125492289662 16.217054605484009 2.8462492357939482
leaf_count=99 364 37 43 96 17 61 34 55 367 104 2621 19 25
internal_value=-8.8356e-06 0.00710048 0.0119856 0.0233056 -0.00621664 -0.000864004 0.00653342 -0.00248989 -0.0200337 -0.0200854 -0.000379521 0.0128862 -0.0431218
internal_weight=910.321 94.8404 87.1429 54.3199 32.8231 815.481 144.451 671.029 70.5783 27.0171 600.451 117.434 7.69744
internal_count=3942 317 255 139 116 3625 521 3104 428 138 2676 383 62
is_linear=0
shrinkage=0.04


Tree=290
num_leaves=8
num_cat=0
split_feature=0 15 20 0 22 1 4
split_gain=3.4283 4.02494 4.36512 7.785 6.64316 3.39462 0.0658192
threshold=0.12800000000000003 0.70150000000000012 3.5000000000000004 0.51300000000000012 6.0500000000000007 604.50500000000011 0.97350000000000014
decision_type=8 10 8 8 10 10 10
left_child=5 2 4 -4 -2 -1 -3
right_child=1 6 3 -5 -6 -7 -8
leaf_value=0 0.012874916746119763 -0.0091558156999954395 -0.025555346490801063 -0.0010017678687064824 -0.00044225708156247519 0.0408219766822756 -0.041750987346738912
leaf_weight=5.9815411511808616 92.252289701253176 2.4731292109936467 21.012045554816723 615.58156681270339 161.64948421856388 5.9967555701732635 3.1609724164009094
leaf_count=39 327 19 83 2434 1011 6 23
internal_value=-5.56948e-06 -0.000317325 -7.23374e-05 -0.00186302 0.00433356 0.0207931 -0.0326161
internal_weight=908.108 896.129 890.495 636.594 253.902 11.9783 5.6341
internal_count=3942 3897 3855 2517 1338 45 42
is_linear=0
shrinkage=0.04


Tree=291
num_leaves=14
num_cat=0
split_feature=2 24 20 20 2 2 16 4 4 24 18 5 20
split_gain=3.42974 10.6167 10.2851 14.6163 7.61317 10.877 8.38119 6.58034 20.2193 10.7167 5.92666 4.16622 1.92802
threshold=237.32000000000002 0.075136645000000016 10.500000000000002 4.5000000000000009 192.60500000000005 202.65000000000003 4.5000000000000009 0.38450000000000006 0.64850000000000019 0.23269074000000003 0.454015 57.295000000000009 4.5000000000000009
decision_type=10 8 10 10 10 10 10 8 8 10 10 10 10
left_child=4 10 3 -3 7 -6 -7 9 -9 -1 11 -2 -12
right_child=1 2 -4 -5 5 6 -8 8 -10 -11 12 -13 -14
leaf_value=0.012878721291597678 -0.022038480601552772 0.0036052167934438649 0.028049660688210635 -0.031897749780692472 -0.061126355433514419 -0.026693299749869417 0.015819458429319859 -0.024952096763126378 0.00034004580934281946 -0.020504922437575016 0.013214550565280122 0.013215497483478231 0.035520528121293762
leaf_weight=107.6874216676224 7.1539949085563448 51.171387678012252 13.698280457407234 27.84287990629673 7.3378333728760472 15.349014569073917 12.966695515438913 55.170590514317155 537.44807663746178 17.080351925455034 14.258208714425562 16.742427499033511 23.734079539775848
leaf_count=374 52 200 24 129 53 62 49 380 2404 106 33 41 35
internal_value=-7.68524e-06 0.0053867 -0.00299885 -0.00877563 -0.00114455 -0.0190611 -0.00659455 -0.000213598 -0.00199989 0.00808533 0.0181926 0.00160617 0.0279492
internal_weight=907.641 154.601 92.7125 79.0143 753.04 35.6535 28.3157 717.386 592.619 124.768 61.8887 23.8964 37.9923
internal_count=3942 514 353 329 3428 164 111 3264 2784 480 161 93 68
is_linear=0
shrinkage=0.04


Tree=292
num_leaves=10
num_cat=0
split_feature=5 21 18 5 10 22 11 10 4
split_gain=3.42926 12.9413 26.296 8.98012 8.54227 7.41196 5.78919 5.87038 3.23173
threshold=56.875000000000007 111.50000000000001 0.73354500000000011 56.885000000000012 -6352.2149999999992 3.3500000000000001 34408.265000000007 -3815.4349999999999 0.44150000000000006
decision_type=8 10 10 8 10 10 10 8 10
left_child=1 2 5 -2 -4 -1 7 -5 -8
right_child=3 -3 4 6 -6 -7 8 -9 -10
leaf_value=0.0068784368601019228 -0.042958224161006281 0.046413636614130817 0.034532833301355821 -0.0054495883795318617 0 -0.04568940995995014 0 0.0020944806256616008 -0.057646500336019861
leaf_weight=4.6335745789110687 7.5152769619598976 11.383608117699621 24.023438215255737 229.98533952655271 23.591868996620178 17.786654631141573 2.7678825408220282 580.35277117742226 3.8759455997496843
leaf_count=14 102 12 30 887 62 254 14 2531 36
internal_value=-5.98751e-06 0.00777715 0.000929121 -0.000803063 0.0179929 -0.0340396 -0.000364782 -2.40065e-05 -0.0362183
internal_weight=905.916 81.4191 70.0355 824.497 47.6153 22.4202 816.982 810.338 6.64383
internal_count=3942 372 360 3570 92 268 3468 3418 50
is_linear=0
shrinkage=0.04


Tree=293
num_leaves=9
num_cat=0
split_feature=10 23 11 11 1 11 10 18
split_gain=3.4565 6.40489 11.2338 5.91716 8.71068 6.1453 7.66559 2.08995
threshold=17975.925000000003 8.5000000000000018 22728.490000000002 9962.340000000002 13660.285000000002 9432.7300000000014 4573.4100000000008 0.085635000000000003
decision_type=10 10 8 10 10 10 10 10
left_child=3 -2 -3 5 7 6 -1 -5
right_child=1 2 -4 4 -6 -7 -8 -9
leaf_value=0.00041297996320614625 0.037741620024897102 0.023425288275923998 -0.050082807250015689 0 0.021176121873118653 0.037634545248148264 -0.019616600886897619 -0.051050261744296867
leaf_weight=828.59521089633927 10.406122375279667 8.4672874361276609 4.734014142304658 1.887590929865836 3.8907743059098712 6.3867614269256583 31.20876145362854 9.0726954455021751
leaf_count=3549 22 20 42 25 10 13 175 86
internal_value=-6.07224e-06 0.0149142 -0.00234086 -0.000436778 -0.0250536 0 -0.000301775 -0.0434177
internal_weight=904.649 23.6074 13.2013 881.042 14.8511 866.191 859.804 10.9603
internal_count=3942 84 62 3858 121 3737 3724 111
is_linear=0
shrinkage=0.04


Tree=294
num_leaves=13
num_cat=0
split_feature=10 20 19 20 19 3 10 19 11 5 3 6
split_gain=3.52571 13.4654 12.8985 11.5986 11.0253 10.7928 8.58907 22.5325 11.4761 6.24826 9.8327 5.98707
threshold=1438.0450000000003 13.500000000000002 97.850000000000009 1.5000000000000002 77.90000000000002 10179.495000000001 88.660000000000011 11.850000000000003 1323.575 57.115000000000002 5674.4650000000011 0.031385000000000003
decision_type=10 10 10 10 10 8 10 8 10 10 10 10
left_child=2 3 6 5 -5 -2 8 -8 -1 -3 -11 -4
right_child=1 9 11 4 -6 -7 7 -9 -10 10 -12 -13
leaf_value=0.0025114273486584195 -0.017694978084462222 0.045184540211004737 -0.055447341237920965 -0.010355328179466423 0.030477518593050416 0.037440085653210796 0.0062993593576912144 -0.027830109170387814 -0.029650192000394374 -0.020743293499294425 0.03997931521673493 0
leaf_weight=578.39436405384913 6.887837719172242 16.64209398208186 9.645433781668542 101.18234996497631 11.141100898385046 20.50233761779964 62.667539414484054 59.021336872130632 17.752081019803882 8.0332182720303518 7.7083241939544669 4.4000988192856303
leaf_count=2235 29 26 66 551 23 69 253 496 141 35 7 11
internal_value=-3.77958e-06 0.00511684 -0.00123784 -0.000160901 -0.00601083 0.0227894 -0.000453683 -0.0101365 0.00149615 0.0281512 0.00807535 -0.0385462
internal_weight=903.978 172.097 731.881 139.714 112.323 27.3902 717.835 121.689 596.146 32.3836 15.7415 14.0455
internal_count=3942 740 3202 672 574 98 3125 749 2376 68 42 77
is_linear=0
shrinkage=0.04


Tree=295
num_leaves=8
num_cat=0
split_feature=0 15 13 0 21 1 4
split_gain=3.32694 3.77645 4.05366 6.0395 5.53287 3.25344 0.0429712
threshold=0.12800000000000003 0.70150000000000012 1.0000000180025095e-35 1.1725000000000001 1.5000000000000002 604.50500000000011 0.97350000000000014
decision_type=8 10 10 10 8 10 10
left_child=5 2 4 -4 -2 -1 -3
right_child=1 6 3 -5 -6 -7 -8
leaf_value=0 -0.040175674162140192 -0.0087531483776573157 0.015203109130144199 -0.020304629442639777 -0.00052854259039328017 0.040474563104846144 -0.040871679852960162
leaf_weight=5.9535445664077979 5.1919322819448999 2.4228684064000836 51.599746448919177 8.105581369251011 820.09521166281775 5.8745429217815399 3.0727481953799725
leaf_count=39 112 19 178 49 3516 6 23
internal_value=-2.84037e-06 -0.00031051 -7.34639e-05 0.0099218 -0.000826359 0.0206111 -0.0319581
internal_weight=902.316 890.488 884.992 59.7053 825.287 11.8281 5.49562
internal_count=3942 3897 3855 227 3628 45 42
is_linear=0
shrinkage=0.04


Tree=296
num_leaves=13
num_cat=0
split_feature=10 20 19 20 19 3 10 19 11 1 5 3
split_gain=3.27431 12.5811 12.2103 10.6034 10.2268 10.1948 7.93958 20.9389 10.6473 6.1005 5.756 9.25483
threshold=1438.0450000000003 13.500000000000002 97.850000000000009 1.5000000000000002 77.90000000000002 10179.495000000001 88.660000000000011 8.1500000000000004 1323.575 2119.1300000000006 57.115000000000002 5674.4650000000011
decision_type=10 10 10 10 10 8 10 8 10 8 10 10
left_child=2 3 6 5 -5 -2 8 -8 -1 -4 -3 -12
right_child=1 10 9 4 -6 -7 7 -9 -10 -11 11 -13
leaf_value=0.0024105634188598623 -0.017379136616659886 0.043686603409693936 0.0098097064320216872 -0.0099147596239848 0.029507506193426722 0.036343530678431185 0.0064496650575076291 -0.026506070134741537 -0.028716258772240075 -0.050580946034761771 -0.019974998772116677 0.039209359186135294
leaf_weight=577.73375333147123 6.8602220527827766 16.55123343039304 2.6119039840996239 101.15937851183116 11.072853337973354 20.206732811406255 61.053938728291541 60.070983350276947 17.571680622175336 11.189503414556384 8.0195290893316251 7.562216490507125
leaf_count=2235 29 26 13 551 23 69 246 503 141 64 35 7
internal_value=-5.84284e-06 0.00493826 -0.0011965 -0.000155944 -0.00573432 0.0219336 -0.00043739 -0.00977182 0.00143489 -0.0378102 0.027299 0.00783104
internal_weight=901.664 171.432 730.232 139.299 112.232 27.067 716.43 121.125 595.305 13.8014 32.133 15.5817
internal_count=3942 740 3202 672 574 98 3125 749 2376 77 68 42
is_linear=0
shrinkage=0.04


Tree=297
num_leaves=14
num_cat=0
split_feature=22 23 10 11 18 4 24 4 0 10 11 4 23
split_gain=3.24816 13.4315 11.1119 11.3557 8.30779 5.43179 12.9392 12.779 12.5849 12.5315 11.1395 10.169 1.6513
threshold=2.7500000000000004 18.500000000000004 -623.07499999999993 167.52500000000001 1.2835750000000001 0.38450000000000006 0.23269074000000003 0.6625000000000002 0.99450000000000005 -1991.8349999999998 -56935.18499999999 0.33750000000000008 21.500000000000004
decision_type=8 8 10 10 10 8 10 8 8 10 8 10 10
left_child=1 2 4 -4 -1 6 11 8 -7 -8 -9 -2 -3
right_child=5 12 3 -5 -6 7 9 10 -10 -11 -12 -13 -14
leaf_value=0.0037734464582034723 0.0070187150713714799 -0.056610982657056476 0.038750021386801205 0.0006687963196646624 -0.043993123485752329 0.0063671857709629359 0.0096862854595840629 0.025221697440375626 -0.029902630663306746 -0.043553674772239821 -0.0016533023070236707 0.041649913708045418 -0.0066361147670646161
leaf_weight=25.688659830018878 100.22344081313349 4.7061016596853724 30.541108388453722 22.868422565981746 6.822423890233039 20.944047186523676 12.330599008128049 25.264204910025001 48.01287767291069 14.29752519354224 569.85908378800377 15.793111287057398 2.7727379882708192
leaf_count=85 364 37 43 96 31 61 34 55 367 104 2621 19 25
internal_value=-3.57157e-06 0.00701513 0.0117467 0.0229732 -0.00615899 -0.000844787 0.006185 -0.0023884 -0.018632 -0.0184386 -0.00045861 0.0120631 -0.0421666
internal_weight=900.124 93.3995 85.9206 53.4095 32.5111 806.725 142.645 664.08 68.9569 26.6281 595.123 116.017 7.47884
internal_count=3942 317 255 139 116 3625 521 3104 428 138 2676 383 62
is_linear=0
shrinkage=0.04


Tree=298
num_leaves=12
num_cat=0
split_feature=3 0 0 5 3 19 1 19 3 20 11
split_gain=3.30321 10.5102 13.0384 14.1528 7.16179 5.33876 17.1154 6.77039 4.28065 4.55674 3.60519
threshold=22405.755000000001 0.99250000000000005 1.4440000000000002 57.135000000000012 19845.855000000003 63.950000000000003 2146.2700000000009 59.500000000000007 29668.545000000002 5.5000000000000009 -8539.5449999999983
decision_type=10 10 10 10 10 10 10 10 10 10 8
left_child=4 8 3 -3 5 7 -7 -1 -2 -10 -6
right_child=1 2 -4 -5 10 6 -8 -9 9 -11 -12
leaf_value=-3.4379625401034282e-05 0.03384457411998034 0.024935963688427862 0.019748197401361647 -0.054441194910765822 0 0.016947045624999241 -0.035421096459043226 0.029745611318354306 -0.015983824316410288 0.027002704792842749 -0.057278613825756011
leaf_weight=771.31931083253585 22.232498072087765 4.2854761630296769 13.119087591767309 12.141631511971353 3.6653870046138763 15.700105687603353 24.37872189283371 11.891548343002794 7.313375333324073 7.0946320295333862 4.8566058166325075
leaf_count=3481 39 7 38 87 13 53 121 18 41 11 33
internal_value=-1.52875e-06 0.00854169 -0.00865143 -0.032427 -0.000710059 -0.000296955 -0.014458 0.000410942 0.0228742 0.00403729 -0.0361741
internal_weight=897.998 66.1867 29.5462 16.4271 831.812 823.29 40.0788 783.211 36.6405 14.408 8.52199
internal_count=3942 223 132 94 3719 3673 174 3499 91 52 46
is_linear=0
shrinkage=0.04


Tree=299
num_leaves=14
num_cat=0
split_feature=2 12 21 23 11 21 6 4 11 11 24 18 21
split_gain=3.22706 9.91306 11.0217 11.6894 7.80706 40.92 20.1486 17.0837 12.3701 15.3408 7.6016 5.37948 3.39407
threshold=237.32000000000002 24.500000000000004 19.500000000000004 12.500000000000002 -5681.1849999999986 41.500000000000007 0.031315000000000003 0.94450000000000001 -5329.9099999999989 -4579.6099999999997 0.089979665000000014 0.18445000000000003 13.500000000000002
decision_type=10 10 10 10 8 10 10 8 8 8 10 10 10
left_child=4 2 3 -2 5 6 -1 -7 -6 -10 -4 -3 -13
right_child=1 11 10 -5 8 7 -8 -9 9 -11 -12 12 -14
leaf_value=-0.044528011394756914 -0.0096059482066830747 -0.0068352775517050044 0.00288566350307971 0.019303445643000391 0.034712130133687194 0.015541605138523401 0.0017440294295421122 -0.01880615071439708 -0.043337273503914912 0.0012372550777660658 -0.052384780707593719 0.0041153483103697833 0.033296050738471618
leaf_weight=52.670590640977025 46.856851403601468 8.3615608960390073 5.2883057296276084 41.303078547120094 16.644873637706041 86.662571661174297 19.815174952149391 30.68705802410841 12.146559322252868 526.39775278279558 9.9776105470955354 10.38696928322315 29.540499329566956
leaf_count=381 235 21 13 104 31 207 46 112 76 2575 80 22 39
internal_value=-7.84455e-07 0.0052842 -0.00154079 0.00374505 -0.00110665 -0.00811206 -0.0316795 0.00634824 0.00125785 0.000155534 -0.0324855 0.0201779 0.0263443
internal_weight=896.739 151.715 103.426 88.1599 745.025 189.835 72.4858 117.35 555.189 538.544 15.2659 48.289 39.9275
internal_count=3942 514 432 339 3428 746 427 319 2682 2651 93 82 61
is_linear=0
shrinkage=0.04


end of trees

feature_importances:
Column_18=323
Column_4=311
Column_5=242
Column_21=225
Column_22=219
Column_6=213
Column_11=193
Column_24=161
Column_10=152
Column_2=134
Column_1=130
Column_23=130
Column_0=125
Column_20=115
Column_8=80
Column_3=78
Column_19=71
Column_12=68
Column_17=61
Column_16=44
Column_14=43
Column_15=20
Column_13=9
Column_9=7

parameters:
[boosting: gbdt]
[objective: binary]
[metric: binary_logloss]
[tree_learner: serial]
[device_type: cpu]
[data_sample_strategy: bagging]
[data: ]
[valid: ]
[num_iterations: 300]
[learning_rate: 0.04]
[num_leaves: 15]
[num_threads: 10]
[seed: 42]
[deterministic: 0]
[force_col_wise: 0]
[force_row_wise: 0]
[histogram_pool_size: -1]
[max_depth: 4]
[min_data_in_leaf: 20]
[min_sum_hessian_in_leaf: 0.001]
[bagging_fraction: 1]
[pos_bagging_fraction: 1]
[neg_bagging_fraction: 1]
[bagging_freq: 0]
[bagging_seed: 400]
[bagging_by_query: 0]
[feature_fraction: 1]
[feature_fraction_bynode: 1]
[feature_fraction_seed: 30056]
[extra_trees: 0]
[extra_seed: 12879]
[early_stopping_round: 0]
[early_stopping_min_delta: 0]
[first_metric_only: 0]
[max_delta_step: 0]
[lambda_l1: 0.5]
[lambda_l2: 0.5]
[linear_lambda: 0]
[min_gain_to_split: 0]
[drop_rate: 0.1]
[max_drop: 50]
[skip_drop: 0.5]
[xgboost_dart_mode: 0]
[uniform_drop: 0]
[drop_seed: 17869]
[top_rate: 0.2]
[other_rate: 0.1]
[min_data_per_group: 100]
[max_cat_threshold: 32]
[cat_l2: 10]
[cat_smooth: 10]
[max_cat_to_onehot: 4]
[top_k: 20]
[monotone_constraints: ]
[monotone_constraints_method: basic]
[monotone_penalty: 0]
[feature_contri: ]
[forcedsplits_filename: ]
[refit_decay_rate: 0.9]
[cegb_tradeoff: 1]
[cegb_penalty_split: 0]
[cegb_penalty_feature_lazy: ]
[cegb_penalty_feature_coupled: ]
[path_smooth: 0]
[interaction_constraints: ]
[verbosity: -1]
[saved_feature_importance_type: 0]
[use_quantized_grad: 0]
[num_grad_quant_bins: 4]
[quant_train_renew_leaf: 0]
[stochastic_rounding: 1]
[linear_tree: 0]
[max_bin: 255]
[max_bin_by_feature: ]
[min_data_in_bin: 3]
[bin_construct_sample_cnt: 200000]
[data_random_seed: 175]
[is_enable_sparse: 1]
[enable_bundle: 1]
[use_missing: 1]
[zero_as_missing: 0]
[feature_pre_filter: 1]
[pre_partition: 0]
[two_round: 0]
[header: 0]
[label_column: ]
[weight_column: ]
[group_column: ]
[ignore_column: ]
[categorical_feature: ]
[forcedbins_filename: ]
[precise_float_parser: 0]
[parser_config_file: ]
[objective_seed: 16083]
[num_class: 1]
[is_unbalance: 0]
[scale_pos_weight: 1]
[sigmoid: 1]
[boost_from_average: 1]
[reg_sqrt: 0]
[alpha: 0.9]
[fair_c: 1]
[poisson_max_delta_step: 0.7]
[tweedie_variance_power: 1.5]
[lambdarank_truncation_level: 30]
[lambdarank_norm: 1]
[label_gain: ]
[lambdarank_position_bias_regularization: 0]
[eval_at: ]
[multi_error_top_k: 1]
[auc_mu_weights: ]
[num_machines: 1]
[local_listen_port: 12400]
[time_out: 120]
[machine_list_filename: ]
[machines: ]
[gpu_platform_id: -1]
[gpu_device_id: -1]
[gpu_use_dp: 0]
[num_gpu: 1]

end of parameters

pandas_categorical:null
