sig_dt,coin,variant,target,pred,fwd_max_5m,fwd_min_5m,fwd_max_max
2026-04-25T00:07:27.302867+00:00,KAT,R7_STAIRCASE,p_gain_1pct_5m,0.6122440102101976,0.04279983301844159,-0.07040014885506007,0.04279983301844159
2026-04-25T00:14:25.284162+00:00,KAT,R7_STAIRCASE,p_gain_1pct_5m,0.5386549986598321,0.04359539884677899,0.026334915150839855,0.04359539884677899
2026-04-25T00:19:26.831827+00:00,KAT,R7_STAIRCASE,p_gain_1pct_5m,0.6177575769930105,0.014648481063478824,0.012063389391979484,0.014648481063478824
2026-04-25T00:30:55.202658+00:00,KAT,R7_STAIRCASE,p_gain_1pct_5m,0.551884326888933,0.012975968052938658,-0.0012973910186868665,0.012975968052938658
2026-04-25T00:31:29.739494+00:00,KAT,R5_CONFIRMED_RUN,p_gain_1pct_5m,0.5424260863806567,0.11611918452383585,0.03713228838830296,0.11611918452383585
2026-04-25T00:45:15.329606+00:00,KAT,R7_STAIRCASE,p_gain_1pct_5m,0.6275404774254241,0.05004259767204666,0.04368127337274097,0.05004259767204666
2026-04-25T00:45:32.671788+00:00,KAT,R5_CONFIRMED_RUN,p_gain_1pct_5m,0.8173088187672762,0.08923334729786347,0.012149141181399425,0.08923334729786347
2026-04-25T00:59:23.627996+00:00,KAT,R5_CONFIRMED_RUN,p_gain_1pct_5m,0.6692325699388558,0.06426506917907404,-0.011052151101291097,0.06426506917907404
2026-04-25T01:00:49.503906+00:00,KAT,R7_STAIRCASE,p_gain_1pct_5m,0.8720850097648333,0.02970297029702973,-0.0011881188118811892,0.02970297029702973
2026-04-25T01:01:02.719178+00:00,SKR,R7_STAIRCASE,p_gain_1pct_5m,0.6064026807199648,0.006773158246487387,-0.007315163666542057,0.006773158246487387
2026-04-25T01:08:43.943393+00:00,KAT,R7_STAIRCASE,p_gain_1pct_5m,0.8384548932076112,0.0,-0.07008295342275173,0.0
2026-04-25T01:28:24.536116+00:00,SKR,R5_CONFIRMED_RUN,p_gain_1pct_5m,0.880975778237827,0.007246502485836581,-0.03570644005087287,0.007246502485836581
2026-04-25T01:31:21.364091+00:00,KAT,R7_STAIRCASE,p_gain_1pct_5m,0.6144139157463225,0.012262156448202832,-0.0033826638477801874,0.012262156448202832
2026-04-25T01:38:48.158644+00:00,KAT,R5_CONFIRMED_RUN,p_gain_1pct_5m,0.7651369525727455,0.042763536350665765,-0.030317608567782983,0.042763536350665765
2026-04-25T01:40:17.175501+00:00,KAT,R7_STAIRCASE,p_gain_1pct_5m,0.8996457492335084,0.011428908293626971,-0.008979261768794822,0.011428908293626971
2026-04-25T01:55:32.136937+00:00,KAT,R7_STAIRCASE,p_gain_1pct_5m,0.7727579333361881,0.0073207402819046585,-0.0301120554947506,0.0073207402819046585
2026-04-25T02:13:39.139023+00:00,KAT,R7_STAIRCASE,p_gain_1pct_5m,0.7304196653371029,0.013697930268126157,-0.0029064584340544597,0.013697930268126157
2026-04-25T02:37:26.736036+00:00,KAT,R5_CONFIRMED_RUN,p_gain_1pct_5m,0.6650477569104649,0.15248580822681057,0.07177019566507736,0.15248580822681057
2026-04-25T03:23:00.880880+00:00,KAT,R7_STAIRCASE,p_gain_1pct_5m,0.6092131069827301,0.0070632083803487955,-0.007993268464295378,0.0070632083803487955
2026-04-25T03:30:59.623385+00:00,KAT,R5_CONFIRMED_RUN,p_gain_1pct_5m,0.4980064636851861,0.1830025108206148,0.10014962739130118,0.1830025108206148
2026-04-25T03:31:07.835027+00:00,KAT,R7_STAIRCASE,p_gain_1pct_5m,0.4525053415408474,0.00017675905394098912,-0.014330924311175774,0.00017675905394098912
2026-04-25T03:47:01.113930+00:00,KAT,R5_CONFIRMED_RUN,p_gain_1pct_5m,0.49246792185715066,0.15778428832085178,0.07669759087166605,0.15778428832085178
2026-04-25T04:13:50.359425+00:00,AXS,R7_STAIRCASE,p_gain_1pct_5m,0.550464251080428,0.0,-0.004792968183406798,0.0
2026-04-25T04:14:50.580125+00:00,KAT,R5_CONFIRMED_RUN,p_gain_1pct_5m,0.7429927275436558,0.12739112739112723,0.04843304843304841,0.12739112739112723
2026-04-25T04:15:00.894210+00:00,KAT,R7_STAIRCASE,p_gain_1pct_5m,0.7863684655147832,0.02568300780029542,0.017529724749418607,0.02568300780029542
2026-04-25T04:20:00.418975+00:00,KAT,R7_STAIRCASE,p_gain_1pct_5m,0.8297747360840183,0.014764726629708402,-0.011572069263945162,0.014764726629708402
2026-04-25T04:23:17.835503+00:00,AXS,R5_CONFIRMED_RUN,p_gain_1pct_5m,0.6763547029107948,0.1926576949303178,0.10889243876464305,0.1926576949303178
2026-04-25T04:24:54.181148+00:00,AXS,R7_STAIRCASE,p_gain_1pct_5m,0.8152081441199014,0.03540519276160525,0.009441384736428082,0.03540519276160525
2026-04-25T04:34:40.003397+00:00,KAT,R7_STAIRCASE,p_gain_1pct_5m,0.5934726083500518,0.020690011840524214,0.007685081187729814,0.020690011840524214
2026-04-25T04:46:27.302323+00:00,KAT,R7_STAIRCASE,p_gain_1pct_5m,0.9318441255807934,0.014491911491260723,-0.004088526448139618,0.014491911491260723
2026-04-25T05:09:34.154420+00:00,AXS,R7_STAIRCASE,p_gain_1pct_5m,0.4018171769914812,0.0015723270440253234,-0.002358490566037652,0.0015723270440253234
2026-04-25T05:12:59.683956+00:00,AXS,R5_CONFIRMED_RUN,p_gain_1pct_5m,0.37915706527528303,0.18135142898176082,0.09838025838437936,0.18135142898176082
2026-04-25T05:21:04.842414+00:00,AXS,R7_STAIRCASE,p_gain_1pct_5m,0.4035722966302292,0.013117887134849404,0.006173438555859612,0.013117887134849404
2026-04-25T05:28:25.619907+00:00,AXS,R5_CONFIRMED_RUN,p_gain_1pct_5m,0.6399513115043538,0.1403515406814373,0.06025996090113539,0.1403515406814373
2026-04-25T05:35:24.784814+00:00,AXS,R7_STAIRCASE,p_gain_1pct_5m,0.48101311532903246,0.047301718252162006,0.04064983719057458,0.047301718252162006
2026-04-25T05:40:27.913727+00:00,AXS,R7_STAIRCASE,p_gain_1pct_5m,0.9261909164285563,0.02504370855910265,0.02504370855910265,0.02504370855910265
2026-04-25T05:45:32.425454+00:00,AXS,R7_STAIRCASE,p_gain_1pct_5m,0.8692726673273888,0.007901183867678796,-0.029199473207205062,0.007901183867678796
2026-04-25T05:51:48.804256+00:00,KAT,R7_STAIRCASE,p_gain_1pct_5m,0.5711594602760504,0.021873967833719865,0.01602991736408277,0.021873967833719865
2026-04-25T06:04:45.020718+00:00,AXS,R7_STAIRCASE,p_gain_1pct_5m,0.8509707249849857,0.01471418757558407,-0.008411204820820806,0.01471418757558407
2026-04-25T06:09:48.356713+00:00,SAFE,R5_CONFIRMED_RUN,p_gain_1pct_5m,0.6646455863596034,0.13418980409253156,0.13127264924661453,0.13418980409253156
2026-04-25T06:11:59.504462+00:00,KAT,R7_STAIRCASE,p_gain_1pct_5m,0.514698008576456,0.00205744500154581,-0.018921590177057968,0.00205744500154581
2026-04-25T06:13:39.818752+00:00,AXS,R5_CONFIRMED_RUN,p_gain_1pct_5m,0.6684372675156085,0.03317109123366224,-0.03939276467238095,0.03317109123366224
2026-04-25T06:14:06.112818+00:00,AXS,R7_STAIRCASE,p_gain_1pct_5m,0.8122795467250743,0.035318062345089274,0.029777898800767755,0.035318062345089274
2026-04-25T06:33:04.844399+00:00,AXS,R7_STAIRCASE,p_gain_1pct_5m,0.6851048192945951,0.0013486176668915384,-0.04720161834120018,0.0013486176668915384
2026-04-25T06:39:03.511118+00:00,KAT,R7_STAIRCASE,p_gain_1pct_5m,0.5329619040523192,0.011461379487069046,0.008127349393992622,0.011461379487069046
2026-04-25T06:48:13.603283+00:00,KAT,R7_STAIRCASE,p_gain_1pct_5m,0.501331740085122,0.02093908860395932,0.02093908860395932,0.02093908860395932
2026-04-25T06:49:23.985134+00:00,KAT,R5_CONFIRMED_RUN,p_gain_1pct_5m,0.7215360478110109,0.02429433374316292,-0.04757892605300562,0.02429433374316292
2026-04-25T06:56:29.885079+00:00,SAFE,R7_STAIRCASE,p_gain_1pct_5m,0.7529818250942503,0.0,-0.019935212223205157,0.0
2026-04-25T06:58:27.659492+00:00,SAPIEN,R7_STAIRCASE,p_gain_1pct_5m,0.6806602266865067,0.03775491775625506,-0.006921002536748211,0.03775491775625506
2026-04-25T07:00:45.717104+00:00,SAPIEN,R5_CONFIRMED_RUN,p_gain_1pct_5m,0.9275826109522516,0.0054928400217346685,-0.028937102743941012,0.0054928400217346685
2026-04-25T07:04:20.059639+00:00,KAT,R7_STAIRCASE,p_gain_1pct_5m,0.6297956351438982,0.00832284783030457,0.0034241133469183893,0.00832284783030457
2026-04-25T07:09:00.987152+00:00,AXS,R7_STAIRCASE,p_gain_1pct_5m,0.5640688392771387,0.016031221153733677,0.0024936382631861598,0.016031221153733677
2026-04-25T07:24:01.205791+00:00,AXS,R7_STAIRCASE,p_gain_1pct_5m,0.5523452456721705,0.010902846657409482,-0.0010563380281689572,0.010902846657409482
2026-04-25T07:25:12.882515+00:00,KAT,R7_STAIRCASE,p_gain_1pct_5m,0.6409409102413581,0.010652021970274594,0.010248245693019298,0.010652021970274594
2026-04-25T07:30:51.589741+00:00,KAT,R7_STAIRCASE,p_gain_1pct_5m,0.5802910636522213,0.008716798692959271,-0.005150085813817373,0.008716798692959271
2026-04-25T07:36:51.684874+00:00,KAT,R7_STAIRCASE,p_gain_1pct_5m,0.6008428473189963,0.010296871114951145,0.0027721198208763287,0.010296871114951145
2026-04-25T07:43:23.127751+00:00,AXS,R7_STAIRCASE,p_gain_1pct_5m,0.5811847059364899,0.01580598628396368,0.012996011218171066,0.01580598628396368
2026-04-25T07:51:03.404362+00:00,AXS,R7_STAIRCASE,p_gain_1pct_5m,0.5374608933119762,0.01577359683197832,0.013030116489420651,0.01577359683197832
2026-04-25T07:55:04.985851+00:00,BIGTIME,R5_CONFIRMED_RUN,p_gain_1pct_5m,0.889112048637845,0.08236683852597593,-0.028248673543162295,0.08236683852597593
2026-04-25T07:55:15.305313+00:00,AXS,R5_CONFIRMED_RUN,p_gain_1pct_5m,0.5008994114483317,0.2172726136063683,0.136347786221364,0.2172726136063683
2026-04-25T08:03:47.647096+00:00,KAT,R7_STAIRCASE,p_gain_1pct_5m,0.6022180498303192,0.022003361484443262,0.016646085799242538,0.022003361484443262
2026-04-25T08:06:42.666486+00:00,KAT,R5_CONFIRMED_RUN,p_gain_1pct_5m,0.7764835144746393,0.011745646010530297,-0.05913325232887823,0.011745646010530297
2026-04-25T08:11:04.948630+00:00,AXS,R7_STAIRCASE,p_gain_1pct_5m,0.3846571953513105,0.0006811976422371746,-0.014315387063572826,0.0006811976422371746
2026-04-25T08:20:34.156228+00:00,AXS,R5_CONFIRMED_RUN,p_gain_1pct_5m,0.8162615713108442,0.17964280734217053,0.0964756607444428,0.17964280734217053
2026-04-25T08:21:51.649236+00:00,AXS,R7_STAIRCASE,p_gain_1pct_5m,0.7163491352760827,0.010546692796624901,0.010546692796624901,0.010546692796624901
2026-04-25T08:27:06.389473+00:00,AXS,R7_STAIRCASE,p_gain_1pct_5m,0.59785054018633,0.018416907609794197,0.01453968588031529,0.018416907609794197
2026-04-25T08:32:34.596352+00:00,AXS,R7_STAIRCASE,p_gain_1pct_5m,0.6177237853805956,0.002840904550401868,-0.014209916874573514,0.002840904550401868
2026-04-25T08:55:04.870507+00:00,AXS,R7_STAIRCASE,p_gain_1pct_5m,0.5314108964975853,0.0038885288399221896,-0.0006480881399869576,0.0038885288399221896
2026-04-25T09:08:14.986425+00:00,AXS,R5_CONFIRMED_RUN,p_gain_1pct_5m,0.8160814556780093,0.11229611041405252,0.03387703889585936,0.11229611041405252
2026-04-25T09:10:08.653700+00:00,AXS,R7_STAIRCASE,p_gain_1pct_5m,0.8401678929486499,0.00742419566095287,-0.004952022958960467,0.00742419566095287
2026-04-25T09:21:34.307033+00:00,KAT,R7_STAIRCASE,p_gain_1pct_5m,0.8453202068347169,0.01390946153349537,-0.03231351096359936,0.01390946153349537
2026-04-25T09:30:10.037142+00:00,KAT,R7_STAIRCASE,p_gain_1pct_5m,0.7852261761070377,0.0,-0.028745829002140955,0.0
2026-04-25T09:45:19.483929+00:00,AXS,R5_CONFIRMED_RUN,p_gain_1pct_5m,0.8019563959910351,0.07552310390941641,-0.0003033980582525242,0.07552310390941641
2026-04-25T09:55:33.269984+00:00,AXS,R7_STAIRCASE,p_gain_1pct_5m,0.7111155275206299,0.016918429003021318,0.007250755287009136,0.016918429003021318
2026-04-25T09:58:25.839402+00:00,AXS,R5_CONFIRMED_RUN,p_gain_1pct_5m,0.8176351993816574,0.05913978494623651,-0.015531660692950977,0.05913978494623651
2026-04-25T10:01:27.511551+00:00,KAT,R7_STAIRCASE,p_gain_1pct_5m,0.5678809352182973,0.0011788000747949834,-0.027116408594299535,0.0011788000747949834
2026-04-25T10:06:03.127609+00:00,AXS,R7_STAIRCASE,p_gain_1pct_5m,0.7262206837250673,0.018965853800321675,-0.012068639208825171,0.018965853800321675
2026-04-25T10:13:30.042157+00:00,KAT,R7_STAIRCASE,p_gain_1pct_5m,0.3657058744601809,0.012850793650793557,-0.010471428571428687,0.012850793650793557
2026-04-25T10:20:02.307560+00:00,AXS,R7_STAIRCASE,p_gain_1pct_5m,0.700780591774939,0.011262951656519027,-0.017782701702900305,0.011262951656519027
2026-04-25T10:42:55.311058+00:00,AXS,R7_STAIRCASE,p_gain_1pct_5m,0.807716074439076,0.04429573152636457,0.030946221884539993,0.04429573152636457
2026-04-25T10:47:42.068161+00:00,AXS,R5_CONFIRMED_RUN,p_gain_1pct_5m,0.9006850054638932,0.05387078840023252,-0.020312295029057736,0.05387078840023252
2026-04-25T10:49:20.263158+00:00,AXS,R7_STAIRCASE,p_gain_1pct_5m,0.8231978189945668,0.004955079627324777,-0.016030061246563698,0.004955079627324777
2026-04-25T10:59:09.879037+00:00,AXS,R5_CONFIRMED_RUN,p_gain_1pct_5m,0.8355748438020653,0.027849130614721496,-0.04450226070229246,0.027849130614721496
2026-04-25T11:13:15.175631+00:00,AXS,R7_STAIRCASE,p_gain_1pct_5m,0.59457488216832,0.0037324973242740533,-0.0031581147855035407,0.0037324973242740533
2026-04-25T11:40:17.372353+00:00,HYPER,R7_STAIRCASE,p_gain_1pct_5m,0.8043277426117907,0.05275208071818205,0.021947338049032927,0.05275208071818205
2026-04-25T11:52:35.775750+00:00,AXS,R7_STAIRCASE,p_gain_1pct_5m,0.6426204843598984,0.001192249417581337,-0.008944896645610378,0.001192249417581337
2026-04-25T12:05:12.661745+00:00,HYPER,R5_CONFIRMED_RUN,p_gain_1pct_5m,0.8943566452435463,0.5226480836236935,0.28710801393728236,0.5226480836236935
2026-04-25T12:29:24.277801+00:00,HYPER,R6_LOCAL_BREAKOUT,p_gain_1pct_5m,0.8627447165807492,0.025363975201638134,0.012951674449197315,0.025363975201638134
2026-04-25T12:31:45.834335+00:00,SAPIEN,R7_STAIRCASE,p_gain_1pct_5m,0.6771289829813539,0.004101900741508624,-0.07173371126478112,0.004101900741508624
2026-04-25T12:35:58.196793+00:00,HYPER,R7_STAIRCASE,p_gain_1pct_5m,0.6274035787721408,0.13772447374131946,-0.08825832790798604,0.13772447374131946
2026-04-25T12:50:06.303498+00:00,SAPIEN,R7_STAIRCASE,p_gain_1pct_5m,0.6323264679783168,0.005558556200437659,-0.007436717876168619,0.005558556200437659
2026-04-25T12:50:17.472740+00:00,AXS,R7_STAIRCASE,p_gain_1pct_5m,0.515894300095501,0.0048150982460830605,-0.005457771767934272,0.0048150982460830605
2026-04-25T12:56:00.298439+00:00,HYPER,R7_STAIRCASE,p_gain_1pct_5m,0.5858548572111608,0.01784579823591126,0.004163475991945331,0.01784579823591126
2026-04-25T13:05:46.761950+00:00,HYPER,R5_CONFIRMED_RUN,p_gain_1pct_5m,0.7870784539806743,0.0196282996628383,-0.0704004824429153,0.0196282996628383
2026-04-25T13:09:59.408258+00:00,AXS,R7_STAIRCASE,p_gain_1pct_5m,0.6018259772489382,0.020143380676540756,0.009747015013594984,0.020143380676540756
2026-04-25T13:17:21.513661+00:00,AXS,R5_CONFIRMED_RUN,p_gain_1pct_5m,0.5453156162210467,0.019230349877246367,-0.01346194436409931,0.019230349877246367
2026-04-25T13:54:38.590506+00:00,ORCA,R7_STAIRCASE,p_gain_1pct_5m,0.9260957619066517,0.17537117768615573,0.11625104366998329,0.20960349315717886
2026-04-25T14:07:39.910138+00:00,AXS,R7_STAIRCASE,p_gain_1pct_5m,0.4629563946292134,0.006302156096819056,-0.0023213956693369786,0.006302156096819056
2026-04-25T14:14:02.592246+00:00,ORCA,R7_STAIRCASE,p_gain_1pct_5m,0.7928901039303509,0.0907754392935729,0.04778123957539626,0.0907754392935729
2026-04-25T14:23:22.060972+00:00,AXS,R5_CONFIRMED_RUN,p_gain_1pct_5m,0.649251264422284,0.03179883587914678,0.0006501917771348786,0.03179883587914678
2026-04-25T14:58:13.906043+00:00,AXS,R7_STAIRCASE,p_gain_1pct_5m,0.55138793980175,0.0032129527196782526,-0.005784472865251633,0.0032129527196782526
2026-04-25T15:06:05.309595+00:00,AXS,R5_CONFIRMED_RUN,p_gain_1pct_5m,0.40932977495289585,0.0,-0.030817993909512453,0.0
2026-04-25T15:06:45.970195+00:00,AXS,R7_STAIRCASE,p_gain_1pct_5m,0.37108048299035173,0.005381550572786997,-0.021209145349163405,0.005381550572786997
2026-04-25T15:13:20.411944+00:00,HYPER,R5_CONFIRMED_RUN,p_gain_1pct_5m,0.7549257024092976,0.039822371594163464,-0.03318643321989467,0.039822371594163464
2026-04-25T15:20:39.630421+00:00,HYPER,R7_STAIRCASE,p_gain_1pct_5m,0.7645901662681531,0.005106081627933801,-0.07014250202335548,0.005106081627933801
2026-04-25T15:28:23.187027+00:00,AXS,R7_STAIRCASE,p_gain_1pct_5m,0.45419107359129607,0.0016124872610800978,-0.00548199912647418,0.0016124872610800978
2026-04-25T15:28:34.571349+00:00,HYPER,R7_STAIRCASE,p_gain_1pct_5m,0.5476964711629609,0.0031203249108411324,-0.03943285629295601,0.0031203249108411324
2026-04-25T15:33:03.888174+00:00,ORCA,R7_STAIRCASE,p_gain_1pct_5m,0.8619370466806956,0.03345895307298985,-0.012552251054521513,0.03345895307298985
2026-04-25T15:57:04.083579+00:00,GODS,R7_STAIRCASE,p_gain_1pct_5m,0.7689041600352585,0.09381844910763548,0.04404970967323796,0.09381844910763548
2026-04-25T15:58:28.140161+00:00,HYPER,R7_STAIRCASE,p_gain_1pct_5m,0.783270325652674,0.0037822833221072827,-0.0160024109578647,0.0037822833221072827
2026-04-25T16:01:54.577563+00:00,BLEND,R7_STAIRCASE,p_gain_1pct_5m,0.6135542095184948,0.044979338842975114,0.0322578512396694,0.044979338842975114
2026-04-25T16:12:02.816401+00:00,HYPER,R7_STAIRCASE,p_gain_1pct_5m,0.5331052649241391,0.006586826347305452,-0.02694610778443096,0.006586826347305452
2026-04-25T16:13:02.459749+00:00,AXS,R7_STAIRCASE,p_gain_1pct_5m,0.3795877420960998,0.00698381605583176,0.0029931272207359694,0.00698381605583176
2026-04-25T16:29:43.116747+00:00,BLEND,R7_STAIRCASE,p_gain_1pct_5m,0.700925660979512,0.058158923491150594,0.04079782548473321,0.058158923491150594
2026-04-25T16:37:37.637432+00:00,BLEND,R7_STAIRCASE,p_gain_1pct_5m,0.8163973054286865,0.010962074383595644,-0.0020302093032619206,0.010962074383595644
2026-04-25T17:16:31.894260+00:00,AXS,R5_CONFIRMED_RUN,p_gain_1pct_5m,0.7951273454033927,0.03574953745535914,0.00885547093498551,0.03574953745535914
2026-04-25T17:17:02.550533+00:00,AXS,R7_STAIRCASE,p_gain_1pct_5m,0.7199521532569869,0.018583959942463313,0.01727975512819624,0.018583959942463313
2026-04-25T17:37:50.828962+00:00,AXS,R7_STAIRCASE,p_gain_1pct_5m,0.5003012167300065,0.009162303664921545,0.0019633507853404897,0.009162303664921545
2026-04-25T18:50:57.446743+00:00,ORCA,R7_STAIRCASE,p_gain_1pct_5m,0.6078303192016871,0.011492100207677103,0.009684480932350636,0.011492100207677103
2026-04-25T19:06:21.870221+00:00,HYPER,R7_STAIRCASE,p_gain_1pct_5m,0.6592286664856682,0.018642305407011284,-0.0022107938972264485,0.018642305407011284
2026-04-25T19:28:17.215097+00:00,HYPER,R5_CONFIRMED_RUN,p_gain_1pct_5m,0.7373155209406109,0.00889601304744203,-0.062266163071945324,0.00889601304744203
2026-04-25T20:00:32.817570+00:00,BAL,R5_CONFIRMED_RUN,p_gain_1pct_5m,0.9262242203846395,0.11469629592893837,0.03021405034274527,0.11469629592893837
2026-04-25T20:13:32.577357+00:00,BAL,R7_STAIRCASE,p_gain_1pct_5m,0.9196038534637594,0.05875914470736188,-0.005739347329534739,0.05875914470736188
2026-04-25T20:34:53.273500+00:00,BAL,R7_STAIRCASE,p_gain_1pct_5m,0.6837399040865086,0.005628500055769647,-0.014507759662661712,0.005628500055769647
2026-04-25T20:58:42.743224+00:00,MEZO,R7_STAIRCASE,p_gain_1pct_5m,0.8638312483568692,0.10266244649506495,0.043289917258130695,0.10266244649506495
2026-04-25T20:59:58.376164+00:00,MEZO,R5_CONFIRMED_RUN,p_gain_1pct_5m,0.8119237126963499,0.005514537955369159,-0.06842335819328893,0.005514537955369159
2026-04-25T21:18:01.767812+00:00,BAL,R7_STAIRCASE,p_gain_1pct_5m,0.8390907387272778,0.04128834404253645,0.0149340271235745,0.04128834404253645
2026-04-25T22:05:26.782724+00:00,AXS,R7_STAIRCASE,p_gain_1pct_5m,0.5185109539096919,0.005406320240509022,-0.005404500407238277,0.005406320240509022
2026-04-25T22:17:24.191026+00:00,RAVE,R7_STAIRCASE,p_gain_1pct_5m,0.9633590409912008,0.04261039730952998,0.0413655465412508,0.05984679256262648
2026-04-25T22:22:38.089064+00:00,RAVE,R7_STAIRCASE,p_gain_1pct_5m,0.9653846984374961,0.00831362234163513,-0.07030714528402726,0.00831362234163513
2026-04-25T22:36:30.406107+00:00,MEZO,R7_STAIRCASE,p_gain_1pct_5m,0.7678218154737921,0.025855805402593246,0.0121613764402555,0.025855805402593246
2026-04-25T22:54:04.658432+00:00,AXS,R5_CONFIRMED_RUN,p_gain_1pct_5m,0.47399277763873615,0.007061808166780592,-0.06355533082052423,0.007061808166780592
2026-04-25T22:54:53.744101+00:00,AXS,R7_STAIRCASE,p_gain_1pct_5m,0.48347549012205976,0.009541492989768807,-0.008925729442970765,0.009541492989768807
2026-04-26T00:00:21.720274+00:00,ORCA,R5_CONFIRMED_RUN,p_gain_1pct_5m,0.873579816048401,0.057366484560922526,-0.01883859339725069,0.057366484560922526
2026-04-26T00:17:15.936767+00:00,HYPER,R7_STAIRCASE,p_gain_1pct_5m,0.7147712591113714,0.017286783717993526,0.005318703909546585,0.017286783717993526
2026-04-26T00:20:35.008642+00:00,AXS,R7_STAIRCASE,p_gain_1pct_5m,0.4123114718226895,0.011171298131266383,0.002872543790542581,0.011171298131266383
2026-04-26T00:23:58.620308+00:00,AXS,R5_CONFIRMED_RUN,p_gain_1pct_5m,0.35950037458416345,0.00667271659638069,-0.06387063664995662,0.00667271659638069
2026-04-26T00:32:09.927602+00:00,AXS,R7_STAIRCASE,p_gain_1pct_5m,0.46048564939415115,0.009934217768614362,0.003973950253914449,0.009934217768614362
2026-04-26T01:08:20.762719+00:00,ORCA,R7_STAIRCASE,p_gain_1pct_5m,0.48626765965000945,0.005065384677914508,-0.00041160644491966547,0.005065384677914508
2026-04-26T01:15:31.124573+00:00,MEZO,R7_STAIRCASE,p_gain_1pct_5m,0.6158008390624801,0.009050063065628944,-0.005674937854683759,0.009050063065628944
2026-04-26T01:19:27.967113+00:00,AXS,R7_STAIRCASE,p_gain_1pct_5m,0.46936529099222457,0.0,-0.010781671159029838,0.0
2026-04-26T02:04:19.529942+00:00,HYPER,R7_STAIRCASE,p_gain_1pct_5m,0.7048384062874014,0.003217353504803011,-0.018218914732479052,0.003217353504803011
2026-04-26T02:15:43.712593+00:00,BASED1,R7_STAIRCASE,p_gain_1pct_5m,0.5858352674784152,0.0018771496458880321,-0.004866974772072541,0.0018771496458880321
2026-04-26T02:18:03.694574+00:00,ORCA,R7_STAIRCASE,p_gain_1pct_5m,0.7355663706852559,0.023941566197519082,-0.01090744006361577,0.023941566197519082
2026-04-26T02:43:31.261324+00:00,BASED1,R5_CONFIRMED_RUN,p_gain_1pct_5m,0.6345314907030533,0.018450184501845213,-0.015498154981549717,0.018450184501845213
2026-04-26T02:53:15.663895+00:00,ORCA,R7_STAIRCASE,p_gain_1pct_5m,0.7256203830145267,0.04801028939089802,0.019481120401923402,0.04801028939089802
2026-04-26T03:21:43.861844+00:00,RAVE,R7_STAIRCASE,p_gain_1pct_5m,0.800725737128323,0.0,-0.03058845017573364,0.0
2026-04-26T03:27:43.340831+00:00,ORCA,R7_STAIRCASE,p_gain_1pct_5m,0.6990177257183654,0.003110750124001971,-0.017282372145492664,0.003110750124001971
2026-04-26T03:41:25.679418+00:00,ORCA,R7_STAIRCASE,p_gain_1pct_5m,0.7514015128883609,0.00805487767260571,-0.0010226664094230564,0.00805487767260571
2026-04-26T03:46:12.328316+00:00,ORCA,R5_CONFIRMED_RUN,p_gain_1pct_5m,0.7474373407599587,0.11401325715189836,0.0352684343463614,0.11401325715189836
2026-04-26T03:59:31.525634+00:00,ORCA,R5_CONFIRMED_RUN,p_gain_1pct_5m,0.9094962452459403,0.06428299232338142,-0.010946611191134159,0.06428299232338142
2026-04-26T04:02:01.565720+00:00,BASED1,R5_CONFIRMED_RUN,p_gain_1pct_5m,0.6988778038082225,0.0047362837424689275,-0.04043677615023089,0.0047362837424689275
2026-04-26T04:07:43.274475+00:00,ORCA,R7_STAIRCASE,p_gain_1pct_5m,0.7836865232606794,0.027747999918370736,-0.01633411441888377,0.027747999918370736
2026-04-26T04:15:05.502304+00:00,ORCA,R7_STAIRCASE,p_gain_1pct_5m,0.665372928082555,0.04514650186996727,0.039531747063298095,0.18024437772839197
2026-04-26T04:20:06.217018+00:00,ORCA,R7_STAIRCASE,p_gain_1pct_5m,0.8288186481143547,0.04260892741269684,0.04205806941755075,0.04260892741269684
2026-04-26T04:25:08.014616+00:00,ORCA,R7_STAIRCASE,p_gain_1pct_5m,0.8890818150604788,0.08798975018738986,0.07013826787848987,0.08798975018738986
2026-04-26T04:35:25.881897+00:00,ORCA,R7_STAIRCASE,p_gain_1pct_5m,0.7611201470311609,0.013637691592045753,-0.004979530747849625,0.013637691592045753
2026-04-26T04:45:47.104308+00:00,ORCA,R7_STAIRCASE,p_gain_1pct_5m,0.8435494854969278,0.014960136573683336,-0.07032262381062371,0.014960136573683336
2026-04-26T04:55:40.911495+00:00,ORCA,R7_STAIRCASE,p_gain_1pct_5m,0.8214338045613286,0.0004221529637973287,-0.043020496358451954,0.0004221529637973287
2026-04-26T05:04:45.433234+00:00,ORCA,R7_STAIRCASE,p_gain_1pct_5m,0.600303395366451,0.033190272886464145,-0.027251358077393983,0.033190272886464145
2026-04-26T05:52:49.070175+00:00,ORCA,R7_STAIRCASE,p_gain_1pct_5m,0.6330011743941816,0.01873332076826939,-0.060463024898932405,0.01873332076826939
2026-04-26T06:01:11.966648+00:00,ORCA,R7_STAIRCASE,p_gain_1pct_5m,0.8759330536902648,0.030328217076727393,0.010881987368760893,0.030328217076727393
2026-04-26T06:06:33.403046+00:00,ORCA,R7_STAIRCASE,p_gain_1pct_5m,0.5350893368083047,0.026722055725962646,0.012627666365416124,0.026722055725962646
2026-04-26T06:12:14.454978+00:00,ORCA,R7_STAIRCASE,p_gain_1pct_5m,0.8721198653579774,0.052697794596619385,0.042309329518363414,0.052697794596619385
2026-04-26T06:13:57.768134+00:00,ORCA,R5_CONFIRMED_RUN,p_gain_1pct_5m,0.8594292620806995,0.07530332750091806,-0.003326778427388044,0.07530332750091806
2026-04-26T06:24:46.696286+00:00,ORCA,R5_CONFIRMED_RUN,p_gain_1pct_5m,0.8779525658384475,0.06287638232535975,-0.014845019992970276,0.06287638232535975
2026-04-26T07:08:06.437616+00:00,ORCA,R7_STAIRCASE,p_gain_1pct_5m,0.49621029311584924,0.050985127787236184,0.03368830166893866,0.050985127787236184
2026-04-26T07:10:53.224109+00:00,ORCA,R5_CONFIRMED_RUN,p_gain_1pct_5m,0.46758122002443714,0.037287687661973656,-0.03548315274693403,0.037287687661973656
2026-04-26T07:13:41.605082+00:00,ORCA,R7_STAIRCASE,p_gain_1pct_5m,0.8386554095863655,0.02020789994006078,-0.011761198824503327,0.02020789994006078
2026-04-26T07:20:07.386191+00:00,INJ,R7_STAIRCASE,p_gain_1pct_5m,0.5267300618380459,0.06375495022623845,0.03606887344145804,0.06375495022623845
2026-04-26T07:28:47.157294+00:00,INJ,R7_STAIRCASE,p_gain_1pct_5m,0.40122670687147655,0.02037865625708557,-0.018422746315386207,0.02037865625708557
2026-04-26T07:30:36.788145+00:00,ORCA,R7_STAIRCASE,p_gain_1pct_5m,0.507508928857623,0.02416968035098921,0.019806870211048988,0.02416968035098921
2026-04-26T07:40:32.484756+00:00,ORCA,R5_CONFIRMED_RUN,p_gain_1pct_5m,0.7635529390021003,0.09744138291814042,0.020216165604374448,0.09744138291814042
2026-04-26T07:45:23.912403+00:00,INJ,R7_STAIRCASE,p_gain_1pct_5m,0.28231802758017943,0.0058053412351699585,-0.023220408888304234,0.0058053412351699585
2026-04-26T08:04:13.603443+00:00,ORCA,R5_CONFIRMED_RUN,p_gain_1pct_5m,0.791540294364953,0.095827131499016,0.01871550650879583,0.095827131499016
2026-04-26T08:04:14.305553+00:00,ORCA,R7_STAIRCASE,p_gain_1pct_5m,0.7279937844334547,0.03665672581092383,0.03544540869307222,0.03665672581092383
2026-04-26T08:17:32.707683+00:00,ORCA,R5_CONFIRMED_RUN,p_gain_1pct_5m,0.6301914761004561,0.09020496900349051,0.01342997118634326,0.09020496900349051
2026-04-26T08:22:25.312064+00:00,ORCA,R7_STAIRCASE,p_gain_1pct_5m,0.8669464785669306,0.0,-0.007225415752866837,0.0
2026-04-26T08:28:28.281972+00:00,ORCA,R5_CONFIRMED_RUN,p_gain_1pct_5m,0.7049751241606771,0.06192057762531755,-0.012862561644071069,0.06192057762531755
2026-04-26T08:51:55.035876+00:00,ORCA,R7_STAIRCASE,p_gain_1pct_5m,0.49441627773960123,0.0,-0.032439897245174376,0.0
2026-04-26T10:31:47.433731+00:00,ORCA,R7_STAIRCASE,p_gain_1pct_5m,0.5058194992661758,0.0069694846776438,8.584956313528735e-05,0.0069694846776438
2026-04-26T10:57:34.120319+00:00,GODS,R5_CONFIRMED_RUN,p_gain_1pct_5m,0.837559370621433,0.002883431302107553,-0.06731840888904006,0.002883431302107553
2026-04-26T12:36:47.649721+00:00,OPG,R5_CONFIRMED_RUN,p_gain_1pct_5m,0.5106461401865856,0.131696638190951,0.05172135052616067,0.131696638190951
2026-04-26T12:44:40.525907+00:00,OPG,R7_STAIRCASE,p_gain_1pct_5m,0.8325899519943372,0.044085220235355216,0.039429321817360474,0.044085220235355216
2026-04-26T12:46:50.364578+00:00,OPG,R5_CONFIRMED_RUN,p_gain_1pct_5m,0.8664818401853727,0.0490909757403275,-0.02504669485087163,0.0490909757403275
2026-04-26T13:31:10.938293+00:00,ORCA,R5_CONFIRMED_RUN,p_gain_1pct_5m,0.6718575067245953,0.0,-0.07024048678024764,0.0
2026-04-26T13:31:38.541211+00:00,OPG,R7_STAIRCASE,p_gain_1pct_5m,0.6380556749200452,0.0043191947474126025,-0.0016393884311541873,0.0043191947474126025
2026-04-26T13:37:16.297381+00:00,OPG,R5_CONFIRMED_RUN,p_gain_1pct_5m,0.5917373405274118,0.0,-0.073127067925709,0.0
2026-04-26T14:06:20.950521+00:00,OPG,R7_STAIRCASE,p_gain_1pct_5m,0.619536441965951,0.01872965893597134,0.005024775631899958,0.01872965893597134
2026-04-26T14:13:21.289797+00:00,OPG,R5_CONFIRMED_RUN,p_gain_1pct_5m,0.7633560153933172,0.008691408697521386,-0.06474971912740968,0.008691408697521386
2026-04-26T15:03:23.116069+00:00,ORCA,R5_CONFIRMED_RUN,p_gain_1pct_5m,0.7832964978914332,0.006354037996368689,-0.06409074466337716,0.006354037996368689
2026-04-26T15:03:40.832613+00:00,TRAC,R7_STAIRCASE,p_gain_1pct_5m,0.8846952152383574,0.031581727209706756,0.015076419574351574,0.031581727209706756
2026-04-26T15:11:01.342301+00:00,TRAC,R7_STAIRCASE,p_gain_1pct_5m,0.7069041839246996,0.03996590279418455,0.039682456104952024,0.03996590279418455
2026-04-26T15:20:48.891705+00:00,OPG,R7_STAIRCASE,p_gain_1pct_5m,0.48836273773876393,0.0,-0.0051884863693268946,0.0
2026-04-26T15:29:01.590154+00:00,OPG,R7_STAIRCASE,p_gain_1pct_5m,0.5837514399071236,0.004881920360461756,-0.005702536508959133,0.004881920360461756
2026-04-26T15:32:48.493457+00:00,TRAC,R7_STAIRCASE,p_gain_1pct_5m,0.7384784844486687,0.07537240951580237,0.053512938678231814,0.07537240951580237
2026-04-26T15:52:45.436401+00:00,RAVE,R7_STAIRCASE,p_gain_1pct_5m,0.6245518545888783,0.01418740649474226,0.002794412953923464,0.01418740649474226
2026-04-26T15:56:33.740860+00:00,OPG,R7_STAIRCASE,p_gain_1pct_5m,0.5591886579432108,0.011238943669630963,0.011238943669630963,0.011238943669630963
2026-04-26T16:29:11.407269+00:00,OPG,R7_STAIRCASE,p_gain_1pct_5m,0.591823703196358,0.014556555102374746,0.010126177132495195,0.014556555102374746
2026-04-26T16:38:11.329404+00:00,OPG,R5_CONFIRMED_RUN,p_gain_1pct_5m,0.6292590178474334,0.03519774276700671,-0.03726609922668367,0.03519774276700671
2026-04-26T16:53:55.623878+00:00,OPG,R7_STAIRCASE,p_gain_1pct_5m,0.4114669768432215,0.015853543053165664,0.015853543053165664,0.015853543053165664
2026-04-26T16:57:58.801953+00:00,OPG,R5_CONFIRMED_RUN,p_gain_1pct_5m,0.7843031150393864,0.010719565178201496,-0.06003080438427266,0.010719565178201496
2026-04-26T17:28:51.177203+00:00,ORCA,R5_CONFIRMED_RUN,p_gain_1pct_5m,0.7678893367416906,0.0015968617726469514,-0.06868479364272673,0.0015968617726469514
2026-04-26T17:29:13.163802+00:00,ORCA,R7_STAIRCASE,p_gain_1pct_5m,0.7443027221654613,0.0,-0.02621466983214571,0.0
2026-04-26T17:42:30.903768+00:00,CHIP,R7_STAIRCASE,p_gain_1pct_5m,0.3762469787170249,0.0016477014123341682,-0.009256311539749484,0.0016477014123341682
2026-04-26T17:47:11.741686+00:00,AVNT,R7_STAIRCASE,p_gain_1pct_5m,0.4276056461740532,0.003294669653498783,-0.007487004408449516,0.003294669653498783
2026-04-26T17:56:05.173243+00:00,AVNT,R7_STAIRCASE,p_gain_1pct_5m,0.5777149276505558,0.047730604678700495,0.028756422816947014,0.047730604678700495
2026-04-26T18:16:17.700545+00:00,OPG,R7_STAIRCASE,p_gain_1pct_5m,0.5133316468233604,0.00031969309462920315,-0.002237851662403978,0.00031969309462920315
2026-04-26T18:24:41.416141+00:00,RAVE,R5_CONFIRMED_RUN,p_gain_1pct_5m,0.5572001871345176,0.03426782986125687,-0.011314092625856254,0.03426782986125687
2026-04-26T19:22:20.280698+00:00,ORCA,R7_STAIRCASE,p_gain_1pct_5m,0.47957756819875924,0.0006639108047485909,-0.008966644571454574,0.0006639108047485909
2026-04-26T19:54:20.832554+00:00,RAVE,R5_CONFIRMED_RUN,p_gain_1pct_5m,0.5929686273697147,0.011449825998956165,-0.04241124747806202,0.011449825998956165
2026-04-26T20:29:02.321550+00:00,ORCA,R7_STAIRCASE,p_gain_1pct_5m,0.5177195973631966,0.00013933384125763837,-0.005507626011045597,0.00013933384125763837
2026-04-26T20:33:42.267441+00:00,CTX,R7_STAIRCASE,p_gain_1pct_5m,0.6331322816740648,0.03356912912093546,0.024592463285306287,0.03356912912093546
2026-04-26T20:50:13.715931+00:00,CTX,R7_STAIRCASE,p_gain_1pct_5m,0.6532098373524607,0.00479710808826761,0.0046013175371981685,0.00479710808826761
2026-04-26T20:50:26.090875+00:00,TRAC,R5_CONFIRMED_RUN,p_gain_1pct_5m,0.6172551716537897,0.03705720443151672,-0.03595162276046193,0.03705720443151672
2026-04-26T20:58:59.470145+00:00,CTX,R7_STAIRCASE,p_gain_1pct_5m,0.585609641824394,0.006244055769992096,-0.07141449264894484,0.006244055769992096
2026-04-26T21:08:11.810947+00:00,AVNT,R7_STAIRCASE,p_gain_1pct_5m,0.637942827743612,0.009629155277673274,-0.004960861417090623,0.009629155277673274
2026-04-26T21:27:21.540427+00:00,AVNT,R5_CONFIRMED_RUN,p_gain_1pct_5m,0.9215741353494726,0.0069464517324437924,-0.06362871348279919,0.0069464517324437924
2026-04-26T23:16:58.133476+00:00,GWEI,R5_CONFIRMED_RUN,p_gain_1pct_5m,0.9460420864776202,0.06516415142688992,-0.009783954309436238,0.06516415142688992
2026-04-26T23:17:01.307675+00:00,AVNT,R7_STAIRCASE,p_gain_1pct_5m,0.5609630674505538,0.01810848333587467,0.009053599659735623,0.01810848333587467
2026-04-25T00:07:27.302867+00:00,KAT,R7_STAIRCASE,p_gain_2pct_5m,0.4493497524140784,0.04279983301844159,-0.07040014885506007,0.04279983301844159
2026-04-25T00:14:25.284162+00:00,KAT,R7_STAIRCASE,p_gain_2pct_5m,0.38054734312057603,0.04359539884677899,0.026334915150839855,0.04359539884677899
2026-04-25T00:19:26.831827+00:00,KAT,R7_STAIRCASE,p_gain_2pct_5m,0.7220692842972151,0.014648481063478824,0.012063389391979484,0.014648481063478824
2026-04-25T00:30:55.202658+00:00,KAT,R7_STAIRCASE,p_gain_2pct_5m,0.5406873741663105,0.012975968052938658,-0.0012973910186868665,0.012975968052938658
2026-04-25T00:31:29.739494+00:00,KAT,R5_CONFIRMED_RUN,p_gain_2pct_5m,0.5138638571725418,0.11611918452383585,0.03713228838830296,0.11611918452383585
2026-04-25T00:45:15.329606+00:00,KAT,R7_STAIRCASE,p_gain_2pct_5m,0.4353785059274274,0.05004259767204666,0.04368127337274097,0.05004259767204666
2026-04-25T00:45:32.671788+00:00,KAT,R5_CONFIRMED_RUN,p_gain_2pct_5m,0.9183826808376258,0.08923334729786347,0.012149141181399425,0.08923334729786347
2026-04-25T00:59:23.627996+00:00,KAT,R5_CONFIRMED_RUN,p_gain_2pct_5m,0.6644217338536409,0.06426506917907404,-0.011052151101291097,0.06426506917907404
2026-04-25T01:00:49.503906+00:00,KAT,R7_STAIRCASE,p_gain_2pct_5m,0.6762983686381325,0.02970297029702973,-0.0011881188118811892,0.02970297029702973
2026-04-25T01:01:02.719178+00:00,SKR,R7_STAIRCASE,p_gain_2pct_5m,0.5157809267995385,0.006773158246487387,-0.007315163666542057,0.006773158246487387
2026-04-25T01:08:43.943393+00:00,KAT,R7_STAIRCASE,p_gain_2pct_5m,0.5389203156598366,0.0,-0.07008295342275173,0.0
2026-04-25T01:28:24.536116+00:00,SKR,R5_CONFIRMED_RUN,p_gain_2pct_5m,0.8958168635372894,0.007246502485836581,-0.03570644005087287,0.007246502485836581
2026-04-25T01:31:21.364091+00:00,KAT,R7_STAIRCASE,p_gain_2pct_5m,0.598755063406384,0.012262156448202832,-0.0033826638477801874,0.012262156448202832
2026-04-25T01:38:48.158644+00:00,KAT,R5_CONFIRMED_RUN,p_gain_2pct_5m,0.6680970634961204,0.042763536350665765,-0.030317608567782983,0.042763536350665765
2026-04-25T01:40:17.175501+00:00,KAT,R7_STAIRCASE,p_gain_2pct_5m,0.8007347219272241,0.011428908293626971,-0.008979261768794822,0.011428908293626971
2026-04-25T01:55:32.136937+00:00,KAT,R7_STAIRCASE,p_gain_2pct_5m,0.5795406431772719,0.0073207402819046585,-0.0301120554947506,0.0073207402819046585
2026-04-25T02:13:39.139023+00:00,KAT,R7_STAIRCASE,p_gain_2pct_5m,0.6351823097341364,0.013697930268126157,-0.0029064584340544597,0.013697930268126157
2026-04-25T02:37:26.736036+00:00,KAT,R5_CONFIRMED_RUN,p_gain_2pct_5m,0.632390378816219,0.15248580822681057,0.07177019566507736,0.15248580822681057
2026-04-25T03:23:00.880880+00:00,KAT,R7_STAIRCASE,p_gain_2pct_5m,0.5641157262044084,0.0070632083803487955,-0.007993268464295378,0.0070632083803487955
2026-04-25T03:30:59.623385+00:00,KAT,R5_CONFIRMED_RUN,p_gain_2pct_5m,0.5838389533176268,0.1830025108206148,0.10014962739130118,0.1830025108206148
2026-04-25T03:31:07.835027+00:00,KAT,R7_STAIRCASE,p_gain_2pct_5m,0.531088868685298,0.00017675905394098912,-0.014330924311175774,0.00017675905394098912
2026-04-25T03:47:01.113930+00:00,KAT,R5_CONFIRMED_RUN,p_gain_2pct_5m,0.5970216182770287,0.15778428832085178,0.07669759087166605,0.15778428832085178
2026-04-25T04:13:50.359425+00:00,AXS,R7_STAIRCASE,p_gain_2pct_5m,0.6212573929703569,0.0,-0.004792968183406798,0.0
2026-04-25T04:14:50.580125+00:00,KAT,R5_CONFIRMED_RUN,p_gain_2pct_5m,0.6847679910184173,0.12739112739112723,0.04843304843304841,0.12739112739112723
2026-04-25T04:15:00.894210+00:00,KAT,R7_STAIRCASE,p_gain_2pct_5m,0.7192335234381211,0.02568300780029542,0.017529724749418607,0.02568300780029542
2026-04-25T04:20:00.418975+00:00,KAT,R7_STAIRCASE,p_gain_2pct_5m,0.6680541116026435,0.014764726629708402,-0.011572069263945162,0.014764726629708402
2026-04-25T04:23:17.835503+00:00,AXS,R5_CONFIRMED_RUN,p_gain_2pct_5m,0.6241161931291027,0.1926576949303178,0.10889243876464305,0.1926576949303178
2026-04-25T04:24:54.181148+00:00,AXS,R7_STAIRCASE,p_gain_2pct_5m,0.5467151119617977,0.03540519276160525,0.009441384736428082,0.03540519276160525
2026-04-25T04:34:40.003397+00:00,KAT,R7_STAIRCASE,p_gain_2pct_5m,0.20763202965575603,0.020690011840524214,0.007685081187729814,0.020690011840524214
2026-04-25T04:46:27.302323+00:00,KAT,R7_STAIRCASE,p_gain_2pct_5m,0.8864439324662984,0.014491911491260723,-0.004088526448139618,0.014491911491260723
2026-04-25T05:09:34.154420+00:00,AXS,R7_STAIRCASE,p_gain_2pct_5m,0.3153796938432602,0.0015723270440253234,-0.002358490566037652,0.0015723270440253234
2026-04-25T05:12:59.683956+00:00,AXS,R5_CONFIRMED_RUN,p_gain_2pct_5m,0.5869063712587418,0.18135142898176082,0.09838025838437936,0.18135142898176082
2026-04-25T05:21:04.842414+00:00,AXS,R7_STAIRCASE,p_gain_2pct_5m,0.37144160425638884,0.013117887134849404,0.006173438555859612,0.013117887134849404
2026-04-25T05:28:25.619907+00:00,AXS,R5_CONFIRMED_RUN,p_gain_2pct_5m,0.5187616507875026,0.1403515406814373,0.06025996090113539,0.1403515406814373
2026-04-25T05:35:24.784814+00:00,AXS,R7_STAIRCASE,p_gain_2pct_5m,0.4412155659498278,0.047301718252162006,0.04064983719057458,0.047301718252162006
2026-04-25T05:40:27.913727+00:00,AXS,R7_STAIRCASE,p_gain_2pct_5m,0.8079111386545,0.02504370855910265,0.02504370855910265,0.02504370855910265
2026-04-25T05:45:32.425454+00:00,AXS,R7_STAIRCASE,p_gain_2pct_5m,0.8097872434758625,0.007901183867678796,-0.029199473207205062,0.007901183867678796
2026-04-25T05:51:48.804256+00:00,KAT,R7_STAIRCASE,p_gain_2pct_5m,0.3960972856844301,0.021873967833719865,0.01602991736408277,0.021873967833719865
2026-04-25T06:04:45.020718+00:00,AXS,R7_STAIRCASE,p_gain_2pct_5m,0.5149763680770278,0.01471418757558407,-0.008411204820820806,0.01471418757558407
2026-04-25T06:09:48.356713+00:00,SAFE,R5_CONFIRMED_RUN,p_gain_2pct_5m,0.5877344628091995,0.13418980409253156,0.13127264924661453,0.13418980409253156
2026-04-25T06:11:59.504462+00:00,KAT,R7_STAIRCASE,p_gain_2pct_5m,0.5706068276249476,0.00205744500154581,-0.018921590177057968,0.00205744500154581
2026-04-25T06:13:39.818752+00:00,AXS,R5_CONFIRMED_RUN,p_gain_2pct_5m,0.5469052707127446,0.03317109123366224,-0.03939276467238095,0.03317109123366224
2026-04-25T06:14:06.112818+00:00,AXS,R7_STAIRCASE,p_gain_2pct_5m,0.604487929566272,0.035318062345089274,0.029777898800767755,0.035318062345089274
2026-04-25T06:33:04.844399+00:00,AXS,R7_STAIRCASE,p_gain_2pct_5m,0.5767214181187956,0.0013486176668915384,-0.04720161834120018,0.0013486176668915384
2026-04-25T06:39:03.511118+00:00,KAT,R7_STAIRCASE,p_gain_2pct_5m,0.4176425721835283,0.011461379487069046,0.008127349393992622,0.011461379487069046
2026-04-25T06:48:13.603283+00:00,KAT,R7_STAIRCASE,p_gain_2pct_5m,0.502096392060153,0.02093908860395932,0.02093908860395932,0.02093908860395932
2026-04-25T06:49:23.985134+00:00,KAT,R5_CONFIRMED_RUN,p_gain_2pct_5m,0.6754935139676812,0.02429433374316292,-0.04757892605300562,0.02429433374316292
2026-04-25T06:56:29.885079+00:00,SAFE,R7_STAIRCASE,p_gain_2pct_5m,0.5992978759844876,0.0,-0.019935212223205157,0.0
2026-04-25T06:58:27.659492+00:00,SAPIEN,R7_STAIRCASE,p_gain_2pct_5m,0.6285268884083647,0.03775491775625506,-0.006921002536748211,0.03775491775625506
2026-04-25T07:00:45.717104+00:00,SAPIEN,R5_CONFIRMED_RUN,p_gain_2pct_5m,0.8040177484167937,0.0054928400217346685,-0.028937102743941012,0.0054928400217346685
2026-04-25T07:04:20.059639+00:00,KAT,R7_STAIRCASE,p_gain_2pct_5m,0.6173208215357913,0.00832284783030457,0.0034241133469183893,0.00832284783030457
2026-04-25T07:09:00.987152+00:00,AXS,R7_STAIRCASE,p_gain_2pct_5m,0.6348355136344125,0.016031221153733677,0.0024936382631861598,0.016031221153733677
2026-04-25T07:24:01.205791+00:00,AXS,R7_STAIRCASE,p_gain_2pct_5m,0.4859728034761901,0.010902846657409482,-0.0010563380281689572,0.010902846657409482
2026-04-25T07:25:12.882515+00:00,KAT,R7_STAIRCASE,p_gain_2pct_5m,0.5815234461918611,0.010652021970274594,0.010248245693019298,0.010652021970274594
2026-04-25T07:30:51.589741+00:00,KAT,R7_STAIRCASE,p_gain_2pct_5m,0.47274169142596634,0.008716798692959271,-0.005150085813817373,0.008716798692959271
2026-04-25T07:36:51.684874+00:00,KAT,R7_STAIRCASE,p_gain_2pct_5m,0.6489301776006331,0.010296871114951145,0.0027721198208763287,0.010296871114951145
2026-04-25T07:43:23.127751+00:00,AXS,R7_STAIRCASE,p_gain_2pct_5m,0.6339292086774557,0.01580598628396368,0.012996011218171066,0.01580598628396368
2026-04-25T07:51:03.404362+00:00,AXS,R7_STAIRCASE,p_gain_2pct_5m,0.481156229350721,0.01577359683197832,0.013030116489420651,0.01577359683197832
2026-04-25T07:55:04.985851+00:00,BIGTIME,R5_CONFIRMED_RUN,p_gain_2pct_5m,0.8757930471488637,0.08236683852597593,-0.028248673543162295,0.08236683852597593
2026-04-25T07:55:15.305313+00:00,AXS,R5_CONFIRMED_RUN,p_gain_2pct_5m,0.6649600590016005,0.2172726136063683,0.136347786221364,0.2172726136063683
2026-04-25T08:03:47.647096+00:00,KAT,R7_STAIRCASE,p_gain_2pct_5m,0.2941958796362475,0.022003361484443262,0.016646085799242538,0.022003361484443262
2026-04-25T08:06:42.666486+00:00,KAT,R5_CONFIRMED_RUN,p_gain_2pct_5m,0.7846031309661322,0.011745646010530297,-0.05913325232887823,0.011745646010530297
2026-04-25T08:11:04.948630+00:00,AXS,R7_STAIRCASE,p_gain_2pct_5m,0.4890015182029963,0.0006811976422371746,-0.014315387063572826,0.0006811976422371746
2026-04-25T08:20:34.156228+00:00,AXS,R5_CONFIRMED_RUN,p_gain_2pct_5m,0.7897220465436241,0.17964280734217053,0.0964756607444428,0.17964280734217053
2026-04-25T08:21:51.649236+00:00,AXS,R7_STAIRCASE,p_gain_2pct_5m,0.6907717697822022,0.010546692796624901,0.010546692796624901,0.010546692796624901
2026-04-25T08:27:06.389473+00:00,AXS,R7_STAIRCASE,p_gain_2pct_5m,0.39633933423007817,0.018416907609794197,0.01453968588031529,0.018416907609794197
2026-04-25T08:32:34.596352+00:00,AXS,R7_STAIRCASE,p_gain_2pct_5m,0.6853236880494624,0.002840904550401868,-0.014209916874573514,0.002840904550401868
2026-04-25T08:55:04.870507+00:00,AXS,R7_STAIRCASE,p_gain_2pct_5m,0.3778218788849359,0.0038885288399221896,-0.0006480881399869576,0.0038885288399221896
2026-04-25T09:08:14.986425+00:00,AXS,R5_CONFIRMED_RUN,p_gain_2pct_5m,0.8333520329715616,0.11229611041405252,0.03387703889585936,0.11229611041405252
2026-04-25T09:10:08.653700+00:00,AXS,R7_STAIRCASE,p_gain_2pct_5m,0.7948107761374317,0.00742419566095287,-0.004952022958960467,0.00742419566095287
2026-04-25T09:21:34.307033+00:00,KAT,R7_STAIRCASE,p_gain_2pct_5m,0.822365367257335,0.01390946153349537,-0.03231351096359936,0.01390946153349537
2026-04-25T09:30:10.037142+00:00,KAT,R7_STAIRCASE,p_gain_2pct_5m,0.6388126696265994,0.0,-0.028745829002140955,0.0
2026-04-25T09:45:19.483929+00:00,AXS,R5_CONFIRMED_RUN,p_gain_2pct_5m,0.7894845379723975,0.07552310390941641,-0.0003033980582525242,0.07552310390941641
2026-04-25T09:55:33.269984+00:00,AXS,R7_STAIRCASE,p_gain_2pct_5m,0.8042984426524743,0.016918429003021318,0.007250755287009136,0.016918429003021318
2026-04-25T09:58:25.839402+00:00,AXS,R5_CONFIRMED_RUN,p_gain_2pct_5m,0.8346001191101592,0.05913978494623651,-0.015531660692950977,0.05913978494623651
2026-04-25T10:01:27.511551+00:00,KAT,R7_STAIRCASE,p_gain_2pct_5m,0.8643701020949793,0.0011788000747949834,-0.027116408594299535,0.0011788000747949834
2026-04-25T10:06:03.127609+00:00,AXS,R7_STAIRCASE,p_gain_2pct_5m,0.8689535035502701,0.018965853800321675,-0.012068639208825171,0.018965853800321675
2026-04-25T10:13:30.042157+00:00,KAT,R7_STAIRCASE,p_gain_2pct_5m,0.6383296317750995,0.012850793650793557,-0.010471428571428687,0.012850793650793557
2026-04-25T10:20:02.307560+00:00,AXS,R7_STAIRCASE,p_gain_2pct_5m,0.5784730140074775,0.011262951656519027,-0.017782701702900305,0.011262951656519027
2026-04-25T10:42:55.311058+00:00,AXS,R7_STAIRCASE,p_gain_2pct_5m,0.7845483928394272,0.04429573152636457,0.030946221884539993,0.04429573152636457
2026-04-25T10:47:42.068161+00:00,AXS,R5_CONFIRMED_RUN,p_gain_2pct_5m,0.9150998190658085,0.05387078840023252,-0.020312295029057736,0.05387078840023252
2026-04-25T10:49:20.263158+00:00,AXS,R7_STAIRCASE,p_gain_2pct_5m,0.9193071755044226,0.004955079627324777,-0.016030061246563698,0.004955079627324777
2026-04-25T10:59:09.879037+00:00,AXS,R5_CONFIRMED_RUN,p_gain_2pct_5m,0.8516540621033402,0.027849130614721496,-0.04450226070229246,0.027849130614721496
2026-04-25T11:13:15.175631+00:00,AXS,R7_STAIRCASE,p_gain_2pct_5m,0.5982752480009538,0.0037324973242740533,-0.0031581147855035407,0.0037324973242740533
2026-04-25T11:40:17.372353+00:00,HYPER,R7_STAIRCASE,p_gain_2pct_5m,0.6881552830651038,0.05275208071818205,0.021947338049032927,0.05275208071818205
2026-04-25T11:52:35.775750+00:00,AXS,R7_STAIRCASE,p_gain_2pct_5m,0.8380690488982717,0.001192249417581337,-0.008944896645610378,0.001192249417581337
2026-04-25T12:05:12.661745+00:00,HYPER,R5_CONFIRMED_RUN,p_gain_2pct_5m,0.9064756590746097,0.5226480836236935,0.28710801393728236,0.5226480836236935
2026-04-25T12:29:24.277801+00:00,HYPER,R6_LOCAL_BREAKOUT,p_gain_2pct_5m,0.9017471553196649,0.025363975201638134,0.012951674449197315,0.025363975201638134
2026-04-25T12:31:45.834335+00:00,SAPIEN,R7_STAIRCASE,p_gain_2pct_5m,0.5590258196959859,0.004101900741508624,-0.07173371126478112,0.004101900741508624
2026-04-25T12:35:58.196793+00:00,HYPER,R7_STAIRCASE,p_gain_2pct_5m,0.7145921981037113,0.13772447374131946,-0.08825832790798604,0.13772447374131946
2026-04-25T12:50:06.303498+00:00,SAPIEN,R7_STAIRCASE,p_gain_2pct_5m,0.5524956710391311,0.005558556200437659,-0.007436717876168619,0.005558556200437659
2026-04-25T12:50:17.472740+00:00,AXS,R7_STAIRCASE,p_gain_2pct_5m,0.575040571821278,0.0048150982460830605,-0.005457771767934272,0.0048150982460830605
2026-04-25T12:56:00.298439+00:00,HYPER,R7_STAIRCASE,p_gain_2pct_5m,0.5891282495482583,0.01784579823591126,0.004163475991945331,0.01784579823591126
2026-04-25T13:05:46.761950+00:00,HYPER,R5_CONFIRMED_RUN,p_gain_2pct_5m,0.7219994229109015,0.0196282996628383,-0.0704004824429153,0.0196282996628383
2026-04-25T13:09:59.408258+00:00,AXS,R7_STAIRCASE,p_gain_2pct_5m,0.6315222929778377,0.020143380676540756,0.009747015013594984,0.020143380676540756
2026-04-25T13:17:21.513661+00:00,AXS,R5_CONFIRMED_RUN,p_gain_2pct_5m,0.7180487522935729,0.019230349877246367,-0.01346194436409931,0.019230349877246367
2026-04-25T13:54:38.590506+00:00,ORCA,R7_STAIRCASE,p_gain_2pct_5m,0.8552581546459809,0.17537117768615573,0.11625104366998329,0.20960349315717886
2026-04-25T14:07:39.910138+00:00,AXS,R7_STAIRCASE,p_gain_2pct_5m,0.6895389797094789,0.006302156096819056,-0.0023213956693369786,0.006302156096819056
2026-04-25T14:14:02.592246+00:00,ORCA,R7_STAIRCASE,p_gain_2pct_5m,0.5880484426911486,0.0907754392935729,0.04778123957539626,0.0907754392935729
2026-04-25T14:23:22.060972+00:00,AXS,R5_CONFIRMED_RUN,p_gain_2pct_5m,0.6726539564165047,0.03179883587914678,0.0006501917771348786,0.03179883587914678
2026-04-25T14:58:13.906043+00:00,AXS,R7_STAIRCASE,p_gain_2pct_5m,0.6476846758213466,0.0032129527196782526,-0.005784472865251633,0.0032129527196782526
2026-04-25T15:06:05.309595+00:00,AXS,R5_CONFIRMED_RUN,p_gain_2pct_5m,0.581226630579814,0.0,-0.030817993909512453,0.0
2026-04-25T15:06:45.970195+00:00,AXS,R7_STAIRCASE,p_gain_2pct_5m,0.3866485525728303,0.005381550572786997,-0.021209145349163405,0.005381550572786997
2026-04-25T15:13:20.411944+00:00,HYPER,R5_CONFIRMED_RUN,p_gain_2pct_5m,0.8569744899131455,0.039822371594163464,-0.03318643321989467,0.039822371594163464
2026-04-25T15:20:39.630421+00:00,HYPER,R7_STAIRCASE,p_gain_2pct_5m,0.9201762786288464,0.005106081627933801,-0.07014250202335548,0.005106081627933801
2026-04-25T15:28:23.187027+00:00,AXS,R7_STAIRCASE,p_gain_2pct_5m,0.5556878095617294,0.0016124872610800978,-0.00548199912647418,0.0016124872610800978
2026-04-25T15:28:34.571349+00:00,HYPER,R7_STAIRCASE,p_gain_2pct_5m,0.6395838782318864,0.0031203249108411324,-0.03943285629295601,0.0031203249108411324
2026-04-25T15:33:03.888174+00:00,ORCA,R7_STAIRCASE,p_gain_2pct_5m,0.8706303336391769,0.03345895307298985,-0.012552251054521513,0.03345895307298985
2026-04-25T15:57:04.083579+00:00,GODS,R7_STAIRCASE,p_gain_2pct_5m,0.7789025819473586,0.09381844910763548,0.04404970967323796,0.09381844910763548
2026-04-25T15:58:28.140161+00:00,HYPER,R7_STAIRCASE,p_gain_2pct_5m,0.8626763532918854,0.0037822833221072827,-0.0160024109578647,0.0037822833221072827
2026-04-25T16:01:54.577563+00:00,BLEND,R7_STAIRCASE,p_gain_2pct_5m,0.3773401771275351,0.044979338842975114,0.0322578512396694,0.044979338842975114
2026-04-25T16:12:02.816401+00:00,HYPER,R7_STAIRCASE,p_gain_2pct_5m,0.6221294237790663,0.006586826347305452,-0.02694610778443096,0.006586826347305452
2026-04-25T16:13:02.459749+00:00,AXS,R7_STAIRCASE,p_gain_2pct_5m,0.39036538250305314,0.00698381605583176,0.0029931272207359694,0.00698381605583176
2026-04-25T16:29:43.116747+00:00,BLEND,R7_STAIRCASE,p_gain_2pct_5m,0.7411983087661063,0.058158923491150594,0.04079782548473321,0.058158923491150594
2026-04-25T16:37:37.637432+00:00,BLEND,R7_STAIRCASE,p_gain_2pct_5m,0.7356566944032046,0.010962074383595644,-0.0020302093032619206,0.010962074383595644
2026-04-25T17:16:31.894260+00:00,AXS,R5_CONFIRMED_RUN,p_gain_2pct_5m,0.46249572184056326,0.03574953745535914,0.00885547093498551,0.03574953745535914
2026-04-25T17:17:02.550533+00:00,AXS,R7_STAIRCASE,p_gain_2pct_5m,0.3689810134252933,0.018583959942463313,0.01727975512819624,0.018583959942463313
2026-04-25T17:37:50.828962+00:00,AXS,R7_STAIRCASE,p_gain_2pct_5m,0.47653440633799693,0.009162303664921545,0.0019633507853404897,0.009162303664921545
2026-04-25T18:50:57.446743+00:00,ORCA,R7_STAIRCASE,p_gain_2pct_5m,0.5554818321701153,0.011492100207677103,0.009684480932350636,0.011492100207677103
2026-04-25T19:06:21.870221+00:00,HYPER,R7_STAIRCASE,p_gain_2pct_5m,0.6358625119365059,0.018642305407011284,-0.0022107938972264485,0.018642305407011284
2026-04-25T19:28:17.215097+00:00,HYPER,R5_CONFIRMED_RUN,p_gain_2pct_5m,0.8076166674836562,0.00889601304744203,-0.062266163071945324,0.00889601304744203
2026-04-25T20:00:32.817570+00:00,BAL,R5_CONFIRMED_RUN,p_gain_2pct_5m,0.8946722709798438,0.11469629592893837,0.03021405034274527,0.11469629592893837
2026-04-25T20:13:32.577357+00:00,BAL,R7_STAIRCASE,p_gain_2pct_5m,0.941889684237925,0.05875914470736188,-0.005739347329534739,0.05875914470736188
2026-04-25T20:34:53.273500+00:00,BAL,R7_STAIRCASE,p_gain_2pct_5m,0.8297426178650882,0.005628500055769647,-0.014507759662661712,0.005628500055769647
2026-04-25T20:58:42.743224+00:00,MEZO,R7_STAIRCASE,p_gain_2pct_5m,0.9309892094017778,0.10266244649506495,0.043289917258130695,0.10266244649506495
2026-04-25T20:59:58.376164+00:00,MEZO,R5_CONFIRMED_RUN,p_gain_2pct_5m,0.76922053099929,0.005514537955369159,-0.06842335819328893,0.005514537955369159
2026-04-25T21:18:01.767812+00:00,BAL,R7_STAIRCASE,p_gain_2pct_5m,0.7462764691209746,0.04128834404253645,0.0149340271235745,0.04128834404253645
2026-04-25T22:05:26.782724+00:00,AXS,R7_STAIRCASE,p_gain_2pct_5m,0.4780227789941691,0.005406320240509022,-0.005404500407238277,0.005406320240509022
2026-04-25T22:17:24.191026+00:00,RAVE,R7_STAIRCASE,p_gain_2pct_5m,0.929577356592499,0.04261039730952998,0.0413655465412508,0.05984679256262648
2026-04-25T22:22:38.089064+00:00,RAVE,R7_STAIRCASE,p_gain_2pct_5m,0.9174401853672587,0.00831362234163513,-0.07030714528402726,0.00831362234163513
2026-04-25T22:36:30.406107+00:00,MEZO,R7_STAIRCASE,p_gain_2pct_5m,0.35402189861240013,0.025855805402593246,0.0121613764402555,0.025855805402593246
2026-04-25T22:54:04.658432+00:00,AXS,R5_CONFIRMED_RUN,p_gain_2pct_5m,0.5280979011973014,0.007061808166780592,-0.06355533082052423,0.007061808166780592
2026-04-25T22:54:53.744101+00:00,AXS,R7_STAIRCASE,p_gain_2pct_5m,0.45301297434110777,0.009541492989768807,-0.008925729442970765,0.009541492989768807
2026-04-26T00:00:21.720274+00:00,ORCA,R5_CONFIRMED_RUN,p_gain_2pct_5m,0.9018984660488725,0.057366484560922526,-0.01883859339725069,0.057366484560922526
2026-04-26T00:17:15.936767+00:00,HYPER,R7_STAIRCASE,p_gain_2pct_5m,0.47217491645154464,0.017286783717993526,0.005318703909546585,0.017286783717993526
2026-04-26T00:20:35.008642+00:00,AXS,R7_STAIRCASE,p_gain_2pct_5m,0.5080212822694891,0.011171298131266383,0.002872543790542581,0.011171298131266383
2026-04-26T00:23:58.620308+00:00,AXS,R5_CONFIRMED_RUN,p_gain_2pct_5m,0.6708350396600002,0.00667271659638069,-0.06387063664995662,0.00667271659638069
2026-04-26T00:32:09.927602+00:00,AXS,R7_STAIRCASE,p_gain_2pct_5m,0.4584025210625115,0.009934217768614362,0.003973950253914449,0.009934217768614362
2026-04-26T01:08:20.762719+00:00,ORCA,R7_STAIRCASE,p_gain_2pct_5m,0.3950518509477073,0.005065384677914508,-0.00041160644491966547,0.005065384677914508
2026-04-26T01:15:31.124573+00:00,MEZO,R7_STAIRCASE,p_gain_2pct_5m,0.4664819846530177,0.009050063065628944,-0.005674937854683759,0.009050063065628944
2026-04-26T01:19:27.967113+00:00,AXS,R7_STAIRCASE,p_gain_2pct_5m,0.439687721324451,0.0,-0.010781671159029838,0.0
2026-04-26T02:04:19.529942+00:00,HYPER,R7_STAIRCASE,p_gain_2pct_5m,0.49418127238921417,0.003217353504803011,-0.018218914732479052,0.003217353504803011
2026-04-26T02:15:43.712593+00:00,BASED1,R7_STAIRCASE,p_gain_2pct_5m,0.7367849258362563,0.0018771496458880321,-0.004866974772072541,0.0018771496458880321
2026-04-26T02:18:03.694574+00:00,ORCA,R7_STAIRCASE,p_gain_2pct_5m,0.5014314401642631,0.023941566197519082,-0.01090744006361577,0.023941566197519082
2026-04-26T02:43:31.261324+00:00,BASED1,R5_CONFIRMED_RUN,p_gain_2pct_5m,0.46127600581498024,0.018450184501845213,-0.015498154981549717,0.018450184501845213
2026-04-26T02:53:15.663895+00:00,ORCA,R7_STAIRCASE,p_gain_2pct_5m,0.6825782284343985,0.04801028939089802,0.019481120401923402,0.04801028939089802
2026-04-26T03:21:43.861844+00:00,RAVE,R7_STAIRCASE,p_gain_2pct_5m,0.6970250826157255,0.0,-0.03058845017573364,0.0
2026-04-26T03:27:43.340831+00:00,ORCA,R7_STAIRCASE,p_gain_2pct_5m,0.7683440631886101,0.003110750124001971,-0.017282372145492664,0.003110750124001971
2026-04-26T03:41:25.679418+00:00,ORCA,R7_STAIRCASE,p_gain_2pct_5m,0.7557890906230649,0.00805487767260571,-0.0010226664094230564,0.00805487767260571
2026-04-26T03:46:12.328316+00:00,ORCA,R5_CONFIRMED_RUN,p_gain_2pct_5m,0.47179695645557823,0.11401325715189836,0.0352684343463614,0.11401325715189836
2026-04-26T03:59:31.525634+00:00,ORCA,R5_CONFIRMED_RUN,p_gain_2pct_5m,0.7965269531568384,0.06428299232338142,-0.010946611191134159,0.06428299232338142
2026-04-26T04:02:01.565720+00:00,BASED1,R5_CONFIRMED_RUN,p_gain_2pct_5m,0.601041049174658,0.0047362837424689275,-0.04043677615023089,0.0047362837424689275
2026-04-26T04:07:43.274475+00:00,ORCA,R7_STAIRCASE,p_gain_2pct_5m,0.5363164847625242,0.027747999918370736,-0.01633411441888377,0.027747999918370736
2026-04-26T04:15:05.502304+00:00,ORCA,R7_STAIRCASE,p_gain_2pct_5m,0.7693036396402944,0.04514650186996727,0.039531747063298095,0.18024437772839197
2026-04-26T04:20:06.217018+00:00,ORCA,R7_STAIRCASE,p_gain_2pct_5m,0.5899849140885776,0.04260892741269684,0.04205806941755075,0.04260892741269684
2026-04-26T04:25:08.014616+00:00,ORCA,R7_STAIRCASE,p_gain_2pct_5m,0.7969306970655479,0.08798975018738986,0.07013826787848987,0.08798975018738986
2026-04-26T04:35:25.881897+00:00,ORCA,R7_STAIRCASE,p_gain_2pct_5m,0.2751296474673635,0.013637691592045753,-0.004979530747849625,0.013637691592045753
2026-04-26T04:45:47.104308+00:00,ORCA,R7_STAIRCASE,p_gain_2pct_5m,0.9177926010970312,0.014960136573683336,-0.07032262381062371,0.014960136573683336
2026-04-26T04:55:40.911495+00:00,ORCA,R7_STAIRCASE,p_gain_2pct_5m,0.6192227966608875,0.0004221529637973287,-0.043020496358451954,0.0004221529637973287
2026-04-26T05:04:45.433234+00:00,ORCA,R7_STAIRCASE,p_gain_2pct_5m,0.5588148438304589,0.033190272886464145,-0.027251358077393983,0.033190272886464145
2026-04-26T05:52:49.070175+00:00,ORCA,R7_STAIRCASE,p_gain_2pct_5m,0.4386758813614438,0.01873332076826939,-0.060463024898932405,0.01873332076826939
2026-04-26T06:01:11.966648+00:00,ORCA,R7_STAIRCASE,p_gain_2pct_5m,0.5423961545813105,0.030328217076727393,0.010881987368760893,0.030328217076727393
2026-04-26T06:06:33.403046+00:00,ORCA,R7_STAIRCASE,p_gain_2pct_5m,0.5086776388738508,0.026722055725962646,0.012627666365416124,0.026722055725962646
2026-04-26T06:12:14.454978+00:00,ORCA,R7_STAIRCASE,p_gain_2pct_5m,0.8296033607358434,0.052697794596619385,0.042309329518363414,0.052697794596619385
2026-04-26T06:13:57.768134+00:00,ORCA,R5_CONFIRMED_RUN,p_gain_2pct_5m,0.8793322382115021,0.07530332750091806,-0.003326778427388044,0.07530332750091806
2026-04-26T06:24:46.696286+00:00,ORCA,R5_CONFIRMED_RUN,p_gain_2pct_5m,0.35106995118064144,0.06287638232535975,-0.014845019992970276,0.06287638232535975
2026-04-26T07:08:06.437616+00:00,ORCA,R7_STAIRCASE,p_gain_2pct_5m,0.43069458981786596,0.050985127787236184,0.03368830166893866,0.050985127787236184
2026-04-26T07:10:53.224109+00:00,ORCA,R5_CONFIRMED_RUN,p_gain_2pct_5m,0.8141694258556338,0.037287687661973656,-0.03548315274693403,0.037287687661973656
2026-04-26T07:13:41.605082+00:00,ORCA,R7_STAIRCASE,p_gain_2pct_5m,0.8813220761777435,0.02020789994006078,-0.011761198824503327,0.02020789994006078
2026-04-26T07:20:07.386191+00:00,INJ,R7_STAIRCASE,p_gain_2pct_5m,0.635254513732472,0.06375495022623845,0.03606887344145804,0.06375495022623845
2026-04-26T07:28:47.157294+00:00,INJ,R7_STAIRCASE,p_gain_2pct_5m,0.4808418854989199,0.02037865625708557,-0.018422746315386207,0.02037865625708557
2026-04-26T07:30:36.788145+00:00,ORCA,R7_STAIRCASE,p_gain_2pct_5m,0.538917948064707,0.02416968035098921,0.019806870211048988,0.02416968035098921
2026-04-26T07:40:32.484756+00:00,ORCA,R5_CONFIRMED_RUN,p_gain_2pct_5m,0.813555452234374,0.09744138291814042,0.020216165604374448,0.09744138291814042
2026-04-26T07:45:23.912403+00:00,INJ,R7_STAIRCASE,p_gain_2pct_5m,0.6649185725741783,0.0058053412351699585,-0.023220408888304234,0.0058053412351699585
2026-04-26T08:04:13.603443+00:00,ORCA,R5_CONFIRMED_RUN,p_gain_2pct_5m,0.7385407388782647,0.095827131499016,0.01871550650879583,0.095827131499016
2026-04-26T08:04:14.305553+00:00,ORCA,R7_STAIRCASE,p_gain_2pct_5m,0.6602432027492258,0.03665672581092383,0.03544540869307222,0.03665672581092383
2026-04-26T08:17:32.707683+00:00,ORCA,R5_CONFIRMED_RUN,p_gain_2pct_5m,0.393697525152803,0.09020496900349051,0.01342997118634326,0.09020496900349051
2026-04-26T08:22:25.312064+00:00,ORCA,R7_STAIRCASE,p_gain_2pct_5m,0.9316822621805642,0.0,-0.007225415752866837,0.0
2026-04-26T08:28:28.281972+00:00,ORCA,R5_CONFIRMED_RUN,p_gain_2pct_5m,0.6825368813748667,0.06192057762531755,-0.012862561644071069,0.06192057762531755
2026-04-26T08:51:55.035876+00:00,ORCA,R7_STAIRCASE,p_gain_2pct_5m,0.39209692149592945,0.0,-0.032439897245174376,0.0
2026-04-26T10:31:47.433731+00:00,ORCA,R7_STAIRCASE,p_gain_2pct_5m,0.6139228572443965,0.0069694846776438,8.584956313528735e-05,0.0069694846776438
2026-04-26T10:57:34.120319+00:00,GODS,R5_CONFIRMED_RUN,p_gain_2pct_5m,0.8637848211987876,0.002883431302107553,-0.06731840888904006,0.002883431302107553
2026-04-26T12:36:47.649721+00:00,OPG,R5_CONFIRMED_RUN,p_gain_2pct_5m,0.6828419835218449,0.131696638190951,0.05172135052616067,0.131696638190951
2026-04-26T12:44:40.525907+00:00,OPG,R7_STAIRCASE,p_gain_2pct_5m,0.6397930782511916,0.044085220235355216,0.039429321817360474,0.044085220235355216
2026-04-26T12:46:50.364578+00:00,OPG,R5_CONFIRMED_RUN,p_gain_2pct_5m,0.8173561761848434,0.0490909757403275,-0.02504669485087163,0.0490909757403275
2026-04-26T13:31:10.938293+00:00,ORCA,R5_CONFIRMED_RUN,p_gain_2pct_5m,0.7539337018919238,0.0,-0.07024048678024764,0.0
2026-04-26T13:31:38.541211+00:00,OPG,R7_STAIRCASE,p_gain_2pct_5m,0.6379057919800423,0.0043191947474126025,-0.0016393884311541873,0.0043191947474126025
2026-04-26T13:37:16.297381+00:00,OPG,R5_CONFIRMED_RUN,p_gain_2pct_5m,0.7475691376109344,0.0,-0.073127067925709,0.0
2026-04-26T14:06:20.950521+00:00,OPG,R7_STAIRCASE,p_gain_2pct_5m,0.49617628724745017,0.01872965893597134,0.005024775631899958,0.01872965893597134
2026-04-26T14:13:21.289797+00:00,OPG,R5_CONFIRMED_RUN,p_gain_2pct_5m,0.8404565128620098,0.008691408697521386,-0.06474971912740968,0.008691408697521386
2026-04-26T15:03:23.116069+00:00,ORCA,R5_CONFIRMED_RUN,p_gain_2pct_5m,0.8004457123406434,0.006354037996368689,-0.06409074466337716,0.006354037996368689
2026-04-26T15:03:40.832613+00:00,TRAC,R7_STAIRCASE,p_gain_2pct_5m,0.8636647297927605,0.031581727209706756,0.015076419574351574,0.031581727209706756
2026-04-26T15:11:01.342301+00:00,TRAC,R7_STAIRCASE,p_gain_2pct_5m,0.6467994210303315,0.03996590279418455,0.039682456104952024,0.03996590279418455
2026-04-26T15:20:48.891705+00:00,OPG,R7_STAIRCASE,p_gain_2pct_5m,0.6883596358297892,0.0,-0.0051884863693268946,0.0
2026-04-26T15:29:01.590154+00:00,OPG,R7_STAIRCASE,p_gain_2pct_5m,0.6190497247393896,0.004881920360461756,-0.005702536508959133,0.004881920360461756
2026-04-26T15:32:48.493457+00:00,TRAC,R7_STAIRCASE,p_gain_2pct_5m,0.6082192102530913,0.07537240951580237,0.053512938678231814,0.07537240951580237
2026-04-26T15:52:45.436401+00:00,RAVE,R7_STAIRCASE,p_gain_2pct_5m,0.4180103827570726,0.01418740649474226,0.002794412953923464,0.01418740649474226
2026-04-26T15:56:33.740860+00:00,OPG,R7_STAIRCASE,p_gain_2pct_5m,0.673436576698129,0.011238943669630963,0.011238943669630963,0.011238943669630963
2026-04-26T16:29:11.407269+00:00,OPG,R7_STAIRCASE,p_gain_2pct_5m,0.5429031494640966,0.014556555102374746,0.010126177132495195,0.014556555102374746
2026-04-26T16:38:11.329404+00:00,OPG,R5_CONFIRMED_RUN,p_gain_2pct_5m,0.7342813916643363,0.03519774276700671,-0.03726609922668367,0.03519774276700671
2026-04-26T16:53:55.623878+00:00,OPG,R7_STAIRCASE,p_gain_2pct_5m,0.4089015887695877,0.015853543053165664,0.015853543053165664,0.015853543053165664
2026-04-26T16:57:58.801953+00:00,OPG,R5_CONFIRMED_RUN,p_gain_2pct_5m,0.7649375037447931,0.010719565178201496,-0.06003080438427266,0.010719565178201496
2026-04-26T17:28:51.177203+00:00,ORCA,R5_CONFIRMED_RUN,p_gain_2pct_5m,0.9262954255391059,0.0015968617726469514,-0.06868479364272673,0.0015968617726469514
2026-04-26T17:29:13.163802+00:00,ORCA,R7_STAIRCASE,p_gain_2pct_5m,0.8389922273664294,0.0,-0.02621466983214571,0.0
2026-04-26T17:42:30.903768+00:00,CHIP,R7_STAIRCASE,p_gain_2pct_5m,0.3697593860579228,0.0016477014123341682,-0.009256311539749484,0.0016477014123341682
2026-04-26T17:47:11.741686+00:00,AVNT,R7_STAIRCASE,p_gain_2pct_5m,0.6590511218062917,0.003294669653498783,-0.007487004408449516,0.003294669653498783
2026-04-26T17:56:05.173243+00:00,AVNT,R7_STAIRCASE,p_gain_2pct_5m,0.5500898083716296,0.047730604678700495,0.028756422816947014,0.047730604678700495
2026-04-26T18:16:17.700545+00:00,OPG,R7_STAIRCASE,p_gain_2pct_5m,0.3344502300635637,0.00031969309462920315,-0.002237851662403978,0.00031969309462920315
2026-04-26T18:24:41.416141+00:00,RAVE,R5_CONFIRMED_RUN,p_gain_2pct_5m,0.38868588287381434,0.03426782986125687,-0.011314092625856254,0.03426782986125687
2026-04-26T19:22:20.280698+00:00,ORCA,R7_STAIRCASE,p_gain_2pct_5m,0.5042043665703759,0.0006639108047485909,-0.008966644571454574,0.0006639108047485909
2026-04-26T19:54:20.832554+00:00,RAVE,R5_CONFIRMED_RUN,p_gain_2pct_5m,0.8825845539904298,0.011449825998956165,-0.04241124747806202,0.011449825998956165
2026-04-26T20:29:02.321550+00:00,ORCA,R7_STAIRCASE,p_gain_2pct_5m,0.39479742566250847,0.00013933384125763837,-0.005507626011045597,0.00013933384125763837
2026-04-26T20:33:42.267441+00:00,CTX,R7_STAIRCASE,p_gain_2pct_5m,0.573271010365746,0.03356912912093546,0.024592463285306287,0.03356912912093546
2026-04-26T20:50:13.715931+00:00,CTX,R7_STAIRCASE,p_gain_2pct_5m,0.2542798073311957,0.00479710808826761,0.0046013175371981685,0.00479710808826761
2026-04-26T20:50:26.090875+00:00,TRAC,R5_CONFIRMED_RUN,p_gain_2pct_5m,0.555542994340839,0.03705720443151672,-0.03595162276046193,0.03705720443151672
2026-04-26T20:58:59.470145+00:00,CTX,R7_STAIRCASE,p_gain_2pct_5m,0.49670611091610734,0.006244055769992096,-0.07141449264894484,0.006244055769992096
2026-04-26T21:08:11.810947+00:00,AVNT,R7_STAIRCASE,p_gain_2pct_5m,0.5046344144593149,0.009629155277673274,-0.004960861417090623,0.009629155277673274
2026-04-26T21:27:21.540427+00:00,AVNT,R5_CONFIRMED_RUN,p_gain_2pct_5m,0.8279974694491089,0.0069464517324437924,-0.06362871348279919,0.0069464517324437924
2026-04-26T23:16:58.133476+00:00,GWEI,R5_CONFIRMED_RUN,p_gain_2pct_5m,0.9236214117802288,0.06516415142688992,-0.009783954309436238,0.06516415142688992
2026-04-26T23:17:01.307675+00:00,AVNT,R7_STAIRCASE,p_gain_2pct_5m,0.3938625080311412,0.01810848333587467,0.009053599659735623,0.01810848333587467
2026-04-25T00:07:27.302867+00:00,KAT,R7_STAIRCASE,p_gain_3pct_5m,0.29869358403323687,0.04279983301844159,-0.07040014885506007,0.04279983301844159
2026-04-25T00:14:25.284162+00:00,KAT,R7_STAIRCASE,p_gain_3pct_5m,0.341530091906176,0.04359539884677899,0.026334915150839855,0.04359539884677899
2026-04-25T00:19:26.831827+00:00,KAT,R7_STAIRCASE,p_gain_3pct_5m,0.5060795175279877,0.014648481063478824,0.012063389391979484,0.014648481063478824
2026-04-25T00:30:55.202658+00:00,KAT,R7_STAIRCASE,p_gain_3pct_5m,0.5944295253421137,0.012975968052938658,-0.0012973910186868665,0.012975968052938658
2026-04-25T00:31:29.739494+00:00,KAT,R5_CONFIRMED_RUN,p_gain_3pct_5m,0.47757296809991007,0.11611918452383585,0.03713228838830296,0.11611918452383585
2026-04-25T00:45:15.329606+00:00,KAT,R7_STAIRCASE,p_gain_3pct_5m,0.28136680986204327,0.05004259767204666,0.04368127337274097,0.05004259767204666
2026-04-25T00:45:32.671788+00:00,KAT,R5_CONFIRMED_RUN,p_gain_3pct_5m,0.7911819816018791,0.08923334729786347,0.012149141181399425,0.08923334729786347
2026-04-25T00:59:23.627996+00:00,KAT,R5_CONFIRMED_RUN,p_gain_3pct_5m,0.7223178073105747,0.06426506917907404,-0.011052151101291097,0.06426506917907404
2026-04-25T01:00:49.503906+00:00,KAT,R7_STAIRCASE,p_gain_3pct_5m,0.7533208324337187,0.02970297029702973,-0.0011881188118811892,0.02970297029702973
2026-04-25T01:01:02.719178+00:00,SKR,R7_STAIRCASE,p_gain_3pct_5m,0.2783157125017173,0.006773158246487387,-0.007315163666542057,0.006773158246487387
2026-04-25T01:08:43.943393+00:00,KAT,R7_STAIRCASE,p_gain_3pct_5m,0.6526792495355707,0.0,-0.07008295342275173,0.0
2026-04-25T01:28:24.536116+00:00,SKR,R5_CONFIRMED_RUN,p_gain_3pct_5m,0.9057870439604052,0.007246502485836581,-0.03570644005087287,0.007246502485836581
2026-04-25T01:31:21.364091+00:00,KAT,R7_STAIRCASE,p_gain_3pct_5m,0.5605075401768304,0.012262156448202832,-0.0033826638477801874,0.012262156448202832
2026-04-25T01:38:48.158644+00:00,KAT,R5_CONFIRMED_RUN,p_gain_3pct_5m,0.6936353353106133,0.042763536350665765,-0.030317608567782983,0.042763536350665765
2026-04-25T01:40:17.175501+00:00,KAT,R7_STAIRCASE,p_gain_3pct_5m,0.8047416681229215,0.011428908293626971,-0.008979261768794822,0.011428908293626971
2026-04-25T01:55:32.136937+00:00,KAT,R7_STAIRCASE,p_gain_3pct_5m,0.4610890421277408,0.0073207402819046585,-0.0301120554947506,0.0073207402819046585
2026-04-25T02:13:39.139023+00:00,KAT,R7_STAIRCASE,p_gain_3pct_5m,0.6050812227706336,0.013697930268126157,-0.0029064584340544597,0.013697930268126157
2026-04-25T02:37:26.736036+00:00,KAT,R5_CONFIRMED_RUN,p_gain_3pct_5m,0.6542764133940151,0.15248580822681057,0.07177019566507736,0.15248580822681057
2026-04-25T03:23:00.880880+00:00,KAT,R7_STAIRCASE,p_gain_3pct_5m,0.3270855557936163,0.0070632083803487955,-0.007993268464295378,0.0070632083803487955
2026-04-25T03:30:59.623385+00:00,KAT,R5_CONFIRMED_RUN,p_gain_3pct_5m,0.44180391655615475,0.1830025108206148,0.10014962739130118,0.1830025108206148
2026-04-25T03:31:07.835027+00:00,KAT,R7_STAIRCASE,p_gain_3pct_5m,0.4420173467170087,0.00017675905394098912,-0.014330924311175774,0.00017675905394098912
2026-04-25T03:47:01.113930+00:00,KAT,R5_CONFIRMED_RUN,p_gain_3pct_5m,0.39732710606658506,0.15778428832085178,0.07669759087166605,0.15778428832085178
2026-04-25T04:13:50.359425+00:00,AXS,R7_STAIRCASE,p_gain_3pct_5m,0.390352502808178,0.0,-0.004792968183406798,0.0
2026-04-25T04:14:50.580125+00:00,KAT,R5_CONFIRMED_RUN,p_gain_3pct_5m,0.621617410406274,0.12739112739112723,0.04843304843304841,0.12739112739112723
2026-04-25T04:15:00.894210+00:00,KAT,R7_STAIRCASE,p_gain_3pct_5m,0.6202247264288566,0.02568300780029542,0.017529724749418607,0.02568300780029542
2026-04-25T04:20:00.418975+00:00,KAT,R7_STAIRCASE,p_gain_3pct_5m,0.4009058166595148,0.014764726629708402,-0.011572069263945162,0.014764726629708402
2026-04-25T04:23:17.835503+00:00,AXS,R5_CONFIRMED_RUN,p_gain_3pct_5m,0.5391711152576039,0.1926576949303178,0.10889243876464305,0.1926576949303178
2026-04-25T04:24:54.181148+00:00,AXS,R7_STAIRCASE,p_gain_3pct_5m,0.24433877316184724,0.03540519276160525,0.009441384736428082,0.03540519276160525
2026-04-25T04:34:40.003397+00:00,KAT,R7_STAIRCASE,p_gain_3pct_5m,0.0724443129970868,0.020690011840524214,0.007685081187729814,0.020690011840524214
2026-04-25T04:46:27.302323+00:00,KAT,R7_STAIRCASE,p_gain_3pct_5m,0.8228005096167242,0.014491911491260723,-0.004088526448139618,0.014491911491260723
2026-04-25T05:09:34.154420+00:00,AXS,R7_STAIRCASE,p_gain_3pct_5m,0.2261922412578634,0.0015723270440253234,-0.002358490566037652,0.0015723270440253234
2026-04-25T05:12:59.683956+00:00,AXS,R5_CONFIRMED_RUN,p_gain_3pct_5m,0.5444737863966557,0.18135142898176082,0.09838025838437936,0.18135142898176082
2026-04-25T05:21:04.842414+00:00,AXS,R7_STAIRCASE,p_gain_3pct_5m,0.30668990097791937,0.013117887134849404,0.006173438555859612,0.013117887134849404
2026-04-25T05:28:25.619907+00:00,AXS,R5_CONFIRMED_RUN,p_gain_3pct_5m,0.5516353391439954,0.1403515406814373,0.06025996090113539,0.1403515406814373
2026-04-25T05:35:24.784814+00:00,AXS,R7_STAIRCASE,p_gain_3pct_5m,0.3025792861921708,0.047301718252162006,0.04064983719057458,0.047301718252162006
2026-04-25T05:40:27.913727+00:00,AXS,R7_STAIRCASE,p_gain_3pct_5m,0.8309327062238505,0.02504370855910265,0.02504370855910265,0.02504370855910265
2026-04-25T05:45:32.425454+00:00,AXS,R7_STAIRCASE,p_gain_3pct_5m,0.7914047096863459,0.007901183867678796,-0.029199473207205062,0.007901183867678796
2026-04-25T05:51:48.804256+00:00,KAT,R7_STAIRCASE,p_gain_3pct_5m,0.3248146932353037,0.021873967833719865,0.01602991736408277,0.021873967833719865
2026-04-25T06:04:45.020718+00:00,AXS,R7_STAIRCASE,p_gain_3pct_5m,0.25949502612311626,0.01471418757558407,-0.008411204820820806,0.01471418757558407
2026-04-25T06:09:48.356713+00:00,SAFE,R5_CONFIRMED_RUN,p_gain_3pct_5m,0.4873243133594651,0.13418980409253156,0.13127264924661453,0.13418980409253156
2026-04-25T06:11:59.504462+00:00,KAT,R7_STAIRCASE,p_gain_3pct_5m,0.4026715289232999,0.00205744500154581,-0.018921590177057968,0.00205744500154581
2026-04-25T06:13:39.818752+00:00,AXS,R5_CONFIRMED_RUN,p_gain_3pct_5m,0.41271394910847864,0.03317109123366224,-0.03939276467238095,0.03317109123366224
2026-04-25T06:14:06.112818+00:00,AXS,R7_STAIRCASE,p_gain_3pct_5m,0.3430275427974745,0.035318062345089274,0.029777898800767755,0.035318062345089274
2026-04-25T06:33:04.844399+00:00,AXS,R7_STAIRCASE,p_gain_3pct_5m,0.33270792253042897,0.0013486176668915384,-0.04720161834120018,0.0013486176668915384
2026-04-25T06:39:03.511118+00:00,KAT,R7_STAIRCASE,p_gain_3pct_5m,0.3532498153289148,0.011461379487069046,0.008127349393992622,0.011461379487069046
2026-04-25T06:48:13.603283+00:00,KAT,R7_STAIRCASE,p_gain_3pct_5m,0.32518811311812595,0.02093908860395932,0.02093908860395932,0.02093908860395932
2026-04-25T06:49:23.985134+00:00,KAT,R5_CONFIRMED_RUN,p_gain_3pct_5m,0.5953005154632259,0.02429433374316292,-0.04757892605300562,0.02429433374316292
2026-04-25T06:56:29.885079+00:00,SAFE,R7_STAIRCASE,p_gain_3pct_5m,0.6377203892011133,0.0,-0.019935212223205157,0.0
2026-04-25T06:58:27.659492+00:00,SAPIEN,R7_STAIRCASE,p_gain_3pct_5m,0.23629364803801386,0.03775491775625506,-0.006921002536748211,0.03775491775625506
2026-04-25T07:00:45.717104+00:00,SAPIEN,R5_CONFIRMED_RUN,p_gain_3pct_5m,0.6428148578883688,0.0054928400217346685,-0.028937102743941012,0.0054928400217346685
2026-04-25T07:04:20.059639+00:00,KAT,R7_STAIRCASE,p_gain_3pct_5m,0.5664689023685603,0.00832284783030457,0.0034241133469183893,0.00832284783030457
2026-04-25T07:09:00.987152+00:00,AXS,R7_STAIRCASE,p_gain_3pct_5m,0.3654132414546699,0.016031221153733677,0.0024936382631861598,0.016031221153733677
2026-04-25T07:24:01.205791+00:00,AXS,R7_STAIRCASE,p_gain_3pct_5m,0.258261822831758,0.010902846657409482,-0.0010563380281689572,0.010902846657409482
2026-04-25T07:25:12.882515+00:00,KAT,R7_STAIRCASE,p_gain_3pct_5m,0.4394676315691448,0.010652021970274594,0.010248245693019298,0.010652021970274594
2026-04-25T07:30:51.589741+00:00,KAT,R7_STAIRCASE,p_gain_3pct_5m,0.3553645297703159,0.008716798692959271,-0.005150085813817373,0.008716798692959271
2026-04-25T07:36:51.684874+00:00,KAT,R7_STAIRCASE,p_gain_3pct_5m,0.44726590246606474,0.010296871114951145,0.0027721198208763287,0.010296871114951145
2026-04-25T07:43:23.127751+00:00,AXS,R7_STAIRCASE,p_gain_3pct_5m,0.5820660475234561,0.01580598628396368,0.012996011218171066,0.01580598628396368
2026-04-25T07:51:03.404362+00:00,AXS,R7_STAIRCASE,p_gain_3pct_5m,0.2847088168875055,0.01577359683197832,0.013030116489420651,0.01577359683197832
2026-04-25T07:55:04.985851+00:00,BIGTIME,R5_CONFIRMED_RUN,p_gain_3pct_5m,0.9220287474511698,0.08236683852597593,-0.028248673543162295,0.08236683852597593
2026-04-25T07:55:15.305313+00:00,AXS,R5_CONFIRMED_RUN,p_gain_3pct_5m,0.5273123132287696,0.2172726136063683,0.136347786221364,0.2172726136063683
2026-04-25T08:03:47.647096+00:00,KAT,R7_STAIRCASE,p_gain_3pct_5m,0.3108632339110045,0.022003361484443262,0.016646085799242538,0.022003361484443262
2026-04-25T08:06:42.666486+00:00,KAT,R5_CONFIRMED_RUN,p_gain_3pct_5m,0.591587031731227,0.011745646010530297,-0.05913325232887823,0.011745646010530297
2026-04-25T08:11:04.948630+00:00,AXS,R7_STAIRCASE,p_gain_3pct_5m,0.21131094101487052,0.0006811976422371746,-0.014315387063572826,0.0006811976422371746
2026-04-25T08:20:34.156228+00:00,AXS,R5_CONFIRMED_RUN,p_gain_3pct_5m,0.714360457060293,0.17964280734217053,0.0964756607444428,0.17964280734217053
2026-04-25T08:21:51.649236+00:00,AXS,R7_STAIRCASE,p_gain_3pct_5m,0.7177779079847583,0.010546692796624901,0.010546692796624901,0.010546692796624901
2026-04-25T08:27:06.389473+00:00,AXS,R7_STAIRCASE,p_gain_3pct_5m,0.26262246161336544,0.018416907609794197,0.01453968588031529,0.018416907609794197
2026-04-25T08:32:34.596352+00:00,AXS,R7_STAIRCASE,p_gain_3pct_5m,0.5172710297085009,0.002840904550401868,-0.014209916874573514,0.002840904550401868
2026-04-25T08:55:04.870507+00:00,AXS,R7_STAIRCASE,p_gain_3pct_5m,0.37418285189151335,0.0038885288399221896,-0.0006480881399869576,0.0038885288399221896
2026-04-25T09:08:14.986425+00:00,AXS,R5_CONFIRMED_RUN,p_gain_3pct_5m,0.6665457405912945,0.11229611041405252,0.03387703889585936,0.11229611041405252
2026-04-25T09:10:08.653700+00:00,AXS,R7_STAIRCASE,p_gain_3pct_5m,0.6274214296677919,0.00742419566095287,-0.004952022958960467,0.00742419566095287
2026-04-25T09:21:34.307033+00:00,KAT,R7_STAIRCASE,p_gain_3pct_5m,0.714698852402239,0.01390946153349537,-0.03231351096359936,0.01390946153349537
2026-04-25T09:30:10.037142+00:00,KAT,R7_STAIRCASE,p_gain_3pct_5m,0.3638136019070827,0.0,-0.028745829002140955,0.0
2026-04-25T09:45:19.483929+00:00,AXS,R5_CONFIRMED_RUN,p_gain_3pct_5m,0.5956447525690601,0.07552310390941641,-0.0003033980582525242,0.07552310390941641
2026-04-25T09:55:33.269984+00:00,AXS,R7_STAIRCASE,p_gain_3pct_5m,0.4215782296723217,0.016918429003021318,0.007250755287009136,0.016918429003021318
2026-04-25T09:58:25.839402+00:00,AXS,R5_CONFIRMED_RUN,p_gain_3pct_5m,0.8296199279691571,0.05913978494623651,-0.015531660692950977,0.05913978494623651
2026-04-25T10:01:27.511551+00:00,KAT,R7_STAIRCASE,p_gain_3pct_5m,0.6866366204916611,0.0011788000747949834,-0.027116408594299535,0.0011788000747949834
2026-04-25T10:06:03.127609+00:00,AXS,R7_STAIRCASE,p_gain_3pct_5m,0.8728216415707983,0.018965853800321675,-0.012068639208825171,0.018965853800321675
2026-04-25T10:13:30.042157+00:00,KAT,R7_STAIRCASE,p_gain_3pct_5m,0.12098660995857174,0.012850793650793557,-0.010471428571428687,0.012850793650793557
2026-04-25T10:20:02.307560+00:00,AXS,R7_STAIRCASE,p_gain_3pct_5m,0.42403728698471344,0.011262951656519027,-0.017782701702900305,0.011262951656519027
2026-04-25T10:42:55.311058+00:00,AXS,R7_STAIRCASE,p_gain_3pct_5m,0.6121035465865309,0.04429573152636457,0.030946221884539993,0.04429573152636457
2026-04-25T10:47:42.068161+00:00,AXS,R5_CONFIRMED_RUN,p_gain_3pct_5m,0.8439279052022638,0.05387078840023252,-0.020312295029057736,0.05387078840023252
2026-04-25T10:49:20.263158+00:00,AXS,R7_STAIRCASE,p_gain_3pct_5m,0.8405684508589879,0.004955079627324777,-0.016030061246563698,0.004955079627324777
2026-04-25T10:59:09.879037+00:00,AXS,R5_CONFIRMED_RUN,p_gain_3pct_5m,0.7771264466709149,0.027849130614721496,-0.04450226070229246,0.027849130614721496
2026-04-25T11:13:15.175631+00:00,AXS,R7_STAIRCASE,p_gain_3pct_5m,0.5147298362001392,0.0037324973242740533,-0.0031581147855035407,0.0037324973242740533
2026-04-25T11:40:17.372353+00:00,HYPER,R7_STAIRCASE,p_gain_3pct_5m,0.5044835705029745,0.05275208071818205,0.021947338049032927,0.05275208071818205
2026-04-25T11:52:35.775750+00:00,AXS,R7_STAIRCASE,p_gain_3pct_5m,0.7046531883407963,0.001192249417581337,-0.008944896645610378,0.001192249417581337
2026-04-25T12:05:12.661745+00:00,HYPER,R5_CONFIRMED_RUN,p_gain_3pct_5m,0.7045725445886644,0.5226480836236935,0.28710801393728236,0.5226480836236935
2026-04-25T12:29:24.277801+00:00,HYPER,R6_LOCAL_BREAKOUT,p_gain_3pct_5m,0.7706402543616252,0.025363975201638134,0.012951674449197315,0.025363975201638134
2026-04-25T12:31:45.834335+00:00,SAPIEN,R7_STAIRCASE,p_gain_3pct_5m,0.48056590731962223,0.004101900741508624,-0.07173371126478112,0.004101900741508624
2026-04-25T12:35:58.196793+00:00,HYPER,R7_STAIRCASE,p_gain_3pct_5m,0.3806616914170843,0.13772447374131946,-0.08825832790798604,0.13772447374131946
2026-04-25T12:50:06.303498+00:00,SAPIEN,R7_STAIRCASE,p_gain_3pct_5m,0.22751443888166506,0.005558556200437659,-0.007436717876168619,0.005558556200437659
2026-04-25T12:50:17.472740+00:00,AXS,R7_STAIRCASE,p_gain_3pct_5m,0.280066238583789,0.0048150982460830605,-0.005457771767934272,0.0048150982460830605
2026-04-25T12:56:00.298439+00:00,HYPER,R7_STAIRCASE,p_gain_3pct_5m,0.48303121814009087,0.01784579823591126,0.004163475991945331,0.01784579823591126
2026-04-25T13:05:46.761950+00:00,HYPER,R5_CONFIRMED_RUN,p_gain_3pct_5m,0.8408986343203965,0.0196282996628383,-0.0704004824429153,0.0196282996628383
2026-04-25T13:09:59.408258+00:00,AXS,R7_STAIRCASE,p_gain_3pct_5m,0.3812426438659579,0.020143380676540756,0.009747015013594984,0.020143380676540756
2026-04-25T13:17:21.513661+00:00,AXS,R5_CONFIRMED_RUN,p_gain_3pct_5m,0.659164958502846,0.019230349877246367,-0.01346194436409931,0.019230349877246367
2026-04-25T13:54:38.590506+00:00,ORCA,R7_STAIRCASE,p_gain_3pct_5m,0.8606596655809319,0.17537117768615573,0.11625104366998329,0.20960349315717886
2026-04-25T14:07:39.910138+00:00,AXS,R7_STAIRCASE,p_gain_3pct_5m,0.30340920732621723,0.006302156096819056,-0.0023213956693369786,0.006302156096819056
2026-04-25T14:14:02.592246+00:00,ORCA,R7_STAIRCASE,p_gain_3pct_5m,0.23441077531567117,0.0907754392935729,0.04778123957539626,0.0907754392935729
2026-04-25T14:23:22.060972+00:00,AXS,R5_CONFIRMED_RUN,p_gain_3pct_5m,0.6418708039887224,0.03179883587914678,0.0006501917771348786,0.03179883587914678
2026-04-25T14:58:13.906043+00:00,AXS,R7_STAIRCASE,p_gain_3pct_5m,0.5330802418584539,0.0032129527196782526,-0.005784472865251633,0.0032129527196782526
2026-04-25T15:06:05.309595+00:00,AXS,R5_CONFIRMED_RUN,p_gain_3pct_5m,0.3644233607802368,0.0,-0.030817993909512453,0.0
2026-04-25T15:06:45.970195+00:00,AXS,R7_STAIRCASE,p_gain_3pct_5m,0.2854643258832202,0.005381550572786997,-0.021209145349163405,0.005381550572786997
2026-04-25T15:13:20.411944+00:00,HYPER,R5_CONFIRMED_RUN,p_gain_3pct_5m,0.8187220162627715,0.039822371594163464,-0.03318643321989467,0.039822371594163464
2026-04-25T15:20:39.630421+00:00,HYPER,R7_STAIRCASE,p_gain_3pct_5m,0.7809247490567436,0.005106081627933801,-0.07014250202335548,0.005106081627933801
2026-04-25T15:28:23.187027+00:00,AXS,R7_STAIRCASE,p_gain_3pct_5m,0.17470760558253948,0.0016124872610800978,-0.00548199912647418,0.0016124872610800978
2026-04-25T15:28:34.571349+00:00,HYPER,R7_STAIRCASE,p_gain_3pct_5m,0.4202256410132557,0.0031203249108411324,-0.03943285629295601,0.0031203249108411324
2026-04-25T15:33:03.888174+00:00,ORCA,R7_STAIRCASE,p_gain_3pct_5m,0.8872219893235368,0.03345895307298985,-0.012552251054521513,0.03345895307298985
2026-04-25T15:57:04.083579+00:00,GODS,R7_STAIRCASE,p_gain_3pct_5m,0.7403785061513963,0.09381844910763548,0.04404970967323796,0.09381844910763548
2026-04-25T15:58:28.140161+00:00,HYPER,R7_STAIRCASE,p_gain_3pct_5m,0.7729854801494598,0.0037822833221072827,-0.0160024109578647,0.0037822833221072827
2026-04-25T16:01:54.577563+00:00,BLEND,R7_STAIRCASE,p_gain_3pct_5m,0.2458328367476073,0.044979338842975114,0.0322578512396694,0.044979338842975114
2026-04-25T16:12:02.816401+00:00,HYPER,R7_STAIRCASE,p_gain_3pct_5m,0.5665251852582027,0.006586826347305452,-0.02694610778443096,0.006586826347305452
2026-04-25T16:13:02.459749+00:00,AXS,R7_STAIRCASE,p_gain_3pct_5m,0.21737286303656947,0.00698381605583176,0.0029931272207359694,0.00698381605583176
2026-04-25T16:29:43.116747+00:00,BLEND,R7_STAIRCASE,p_gain_3pct_5m,0.7499586294689914,0.058158923491150594,0.04079782548473321,0.058158923491150594
2026-04-25T16:37:37.637432+00:00,BLEND,R7_STAIRCASE,p_gain_3pct_5m,0.5349010079612053,0.010962074383595644,-0.0020302093032619206,0.010962074383595644
2026-04-25T17:16:31.894260+00:00,AXS,R5_CONFIRMED_RUN,p_gain_3pct_5m,0.44546810488736743,0.03574953745535914,0.00885547093498551,0.03574953745535914
2026-04-25T17:17:02.550533+00:00,AXS,R7_STAIRCASE,p_gain_3pct_5m,0.3856252823196193,0.018583959942463313,0.01727975512819624,0.018583959942463313
2026-04-25T17:37:50.828962+00:00,AXS,R7_STAIRCASE,p_gain_3pct_5m,0.5142890657198848,0.009162303664921545,0.0019633507853404897,0.009162303664921545
2026-04-25T18:50:57.446743+00:00,ORCA,R7_STAIRCASE,p_gain_3pct_5m,0.43520941624437437,0.011492100207677103,0.009684480932350636,0.011492100207677103
2026-04-25T19:06:21.870221+00:00,HYPER,R7_STAIRCASE,p_gain_3pct_5m,0.4113539707397349,0.018642305407011284,-0.0022107938972264485,0.018642305407011284
2026-04-25T19:28:17.215097+00:00,HYPER,R5_CONFIRMED_RUN,p_gain_3pct_5m,0.7615684886507145,0.00889601304744203,-0.062266163071945324,0.00889601304744203
2026-04-25T20:00:32.817570+00:00,BAL,R5_CONFIRMED_RUN,p_gain_3pct_5m,0.85681103259596,0.11469629592893837,0.03021405034274527,0.11469629592893837
2026-04-25T20:13:32.577357+00:00,BAL,R7_STAIRCASE,p_gain_3pct_5m,0.7384929824704933,0.05875914470736188,-0.005739347329534739,0.05875914470736188
2026-04-25T20:34:53.273500+00:00,BAL,R7_STAIRCASE,p_gain_3pct_5m,0.328539656368153,0.005628500055769647,-0.014507759662661712,0.005628500055769647
2026-04-25T20:58:42.743224+00:00,MEZO,R7_STAIRCASE,p_gain_3pct_5m,0.8960294795699155,0.10266244649506495,0.043289917258130695,0.10266244649506495
2026-04-25T20:59:58.376164+00:00,MEZO,R5_CONFIRMED_RUN,p_gain_3pct_5m,0.6153230970189028,0.005514537955369159,-0.06842335819328893,0.005514537955369159
2026-04-25T21:18:01.767812+00:00,BAL,R7_STAIRCASE,p_gain_3pct_5m,0.7593132364501138,0.04128834404253645,0.0149340271235745,0.04128834404253645
2026-04-25T22:05:26.782724+00:00,AXS,R7_STAIRCASE,p_gain_3pct_5m,0.45119414256576357,0.005406320240509022,-0.005404500407238277,0.005406320240509022
2026-04-25T22:17:24.191026+00:00,RAVE,R7_STAIRCASE,p_gain_3pct_5m,0.7646580777341607,0.04261039730952998,0.0413655465412508,0.05984679256262648
2026-04-25T22:22:38.089064+00:00,RAVE,R7_STAIRCASE,p_gain_3pct_5m,0.8580637043129327,0.00831362234163513,-0.07030714528402726,0.00831362234163513
2026-04-25T22:36:30.406107+00:00,MEZO,R7_STAIRCASE,p_gain_3pct_5m,0.5232469414280077,0.025855805402593246,0.0121613764402555,0.025855805402593246
2026-04-25T22:54:04.658432+00:00,AXS,R5_CONFIRMED_RUN,p_gain_3pct_5m,0.5812623294840352,0.007061808166780592,-0.06355533082052423,0.007061808166780592
2026-04-25T22:54:53.744101+00:00,AXS,R7_STAIRCASE,p_gain_3pct_5m,0.39980865146775485,0.009541492989768807,-0.008925729442970765,0.009541492989768807
2026-04-26T00:00:21.720274+00:00,ORCA,R5_CONFIRMED_RUN,p_gain_3pct_5m,0.9283062188355025,0.057366484560922526,-0.01883859339725069,0.057366484560922526
2026-04-26T00:17:15.936767+00:00,HYPER,R7_STAIRCASE,p_gain_3pct_5m,0.5629427717927411,0.017286783717993526,0.005318703909546585,0.017286783717993526
2026-04-26T00:20:35.008642+00:00,AXS,R7_STAIRCASE,p_gain_3pct_5m,0.41373721378106676,0.011171298131266383,0.002872543790542581,0.011171298131266383
2026-04-26T00:23:58.620308+00:00,AXS,R5_CONFIRMED_RUN,p_gain_3pct_5m,0.48593139225324145,0.00667271659638069,-0.06387063664995662,0.00667271659638069
2026-04-26T00:32:09.927602+00:00,AXS,R7_STAIRCASE,p_gain_3pct_5m,0.46845757211818717,0.009934217768614362,0.003973950253914449,0.009934217768614362
2026-04-26T01:08:20.762719+00:00,ORCA,R7_STAIRCASE,p_gain_3pct_5m,0.3951878504456951,0.005065384677914508,-0.00041160644491966547,0.005065384677914508
2026-04-26T01:15:31.124573+00:00,MEZO,R7_STAIRCASE,p_gain_3pct_5m,0.5276560169482333,0.009050063065628944,-0.005674937854683759,0.009050063065628944
2026-04-26T01:19:27.967113+00:00,AXS,R7_STAIRCASE,p_gain_3pct_5m,0.3880321995698035,0.0,-0.010781671159029838,0.0
2026-04-26T02:04:19.529942+00:00,HYPER,R7_STAIRCASE,p_gain_3pct_5m,0.4565473412737771,0.003217353504803011,-0.018218914732479052,0.003217353504803011
2026-04-26T02:15:43.712593+00:00,BASED1,R7_STAIRCASE,p_gain_3pct_5m,0.4340900959142866,0.0018771496458880321,-0.004866974772072541,0.0018771496458880321
2026-04-26T02:18:03.694574+00:00,ORCA,R7_STAIRCASE,p_gain_3pct_5m,0.28046060872056394,0.023941566197519082,-0.01090744006361577,0.023941566197519082
2026-04-26T02:43:31.261324+00:00,BASED1,R5_CONFIRMED_RUN,p_gain_3pct_5m,0.662520669148401,0.018450184501845213,-0.015498154981549717,0.018450184501845213
2026-04-26T02:53:15.663895+00:00,ORCA,R7_STAIRCASE,p_gain_3pct_5m,0.5383762807431408,0.04801028939089802,0.019481120401923402,0.04801028939089802
2026-04-26T03:21:43.861844+00:00,RAVE,R7_STAIRCASE,p_gain_3pct_5m,0.6463267482024639,0.0,-0.03058845017573364,0.0
2026-04-26T03:27:43.340831+00:00,ORCA,R7_STAIRCASE,p_gain_3pct_5m,0.5991111939270609,0.003110750124001971,-0.017282372145492664,0.003110750124001971
2026-04-26T03:41:25.679418+00:00,ORCA,R7_STAIRCASE,p_gain_3pct_5m,0.5562065505886822,0.00805487767260571,-0.0010226664094230564,0.00805487767260571
2026-04-26T03:46:12.328316+00:00,ORCA,R5_CONFIRMED_RUN,p_gain_3pct_5m,0.6147271615753335,0.11401325715189836,0.0352684343463614,0.11401325715189836
2026-04-26T03:59:31.525634+00:00,ORCA,R5_CONFIRMED_RUN,p_gain_3pct_5m,0.8256672196521072,0.06428299232338142,-0.010946611191134159,0.06428299232338142
2026-04-26T04:02:01.565720+00:00,BASED1,R5_CONFIRMED_RUN,p_gain_3pct_5m,0.6579063943155511,0.0047362837424689275,-0.04043677615023089,0.0047362837424689275
2026-04-26T04:07:43.274475+00:00,ORCA,R7_STAIRCASE,p_gain_3pct_5m,0.511626057919912,0.027747999918370736,-0.01633411441888377,0.027747999918370736
2026-04-26T04:15:05.502304+00:00,ORCA,R7_STAIRCASE,p_gain_3pct_5m,0.6562097996396171,0.04514650186996727,0.039531747063298095,0.18024437772839197
2026-04-26T04:20:06.217018+00:00,ORCA,R7_STAIRCASE,p_gain_3pct_5m,0.5381162314057218,0.04260892741269684,0.04205806941755075,0.04260892741269684
2026-04-26T04:25:08.014616+00:00,ORCA,R7_STAIRCASE,p_gain_3pct_5m,0.6719122328339288,0.08798975018738986,0.07013826787848987,0.08798975018738986
2026-04-26T04:35:25.881897+00:00,ORCA,R7_STAIRCASE,p_gain_3pct_5m,0.1414826140035653,0.013637691592045753,-0.004979530747849625,0.013637691592045753
2026-04-26T04:45:47.104308+00:00,ORCA,R7_STAIRCASE,p_gain_3pct_5m,0.46889121903721737,0.014960136573683336,-0.07032262381062371,0.014960136573683336
2026-04-26T04:55:40.911495+00:00,ORCA,R7_STAIRCASE,p_gain_3pct_5m,0.2192131445434911,0.0004221529637973287,-0.043020496358451954,0.0004221529637973287
2026-04-26T05:04:45.433234+00:00,ORCA,R7_STAIRCASE,p_gain_3pct_5m,0.20905002047098506,0.033190272886464145,-0.027251358077393983,0.033190272886464145
2026-04-26T05:52:49.070175+00:00,ORCA,R7_STAIRCASE,p_gain_3pct_5m,0.21921010010704137,0.01873332076826939,-0.060463024898932405,0.01873332076826939
2026-04-26T06:01:11.966648+00:00,ORCA,R7_STAIRCASE,p_gain_3pct_5m,0.30083758321864235,0.030328217076727393,0.010881987368760893,0.030328217076727393
2026-04-26T06:06:33.403046+00:00,ORCA,R7_STAIRCASE,p_gain_3pct_5m,0.3914754531013987,0.026722055725962646,0.012627666365416124,0.026722055725962646
2026-04-26T06:12:14.454978+00:00,ORCA,R7_STAIRCASE,p_gain_3pct_5m,0.5840168674027821,0.052697794596619385,0.042309329518363414,0.052697794596619385
2026-04-26T06:13:57.768134+00:00,ORCA,R5_CONFIRMED_RUN,p_gain_3pct_5m,0.7458397141421114,0.07530332750091806,-0.003326778427388044,0.07530332750091806
2026-04-26T06:24:46.696286+00:00,ORCA,R5_CONFIRMED_RUN,p_gain_3pct_5m,0.3808695871897186,0.06287638232535975,-0.014845019992970276,0.06287638232535975
2026-04-26T07:08:06.437616+00:00,ORCA,R7_STAIRCASE,p_gain_3pct_5m,0.25402524277322963,0.050985127787236184,0.03368830166893866,0.050985127787236184
2026-04-26T07:10:53.224109+00:00,ORCA,R5_CONFIRMED_RUN,p_gain_3pct_5m,0.7069387292877002,0.037287687661973656,-0.03548315274693403,0.037287687661973656
2026-04-26T07:13:41.605082+00:00,ORCA,R7_STAIRCASE,p_gain_3pct_5m,0.7653997899044078,0.02020789994006078,-0.011761198824503327,0.02020789994006078
2026-04-26T07:20:07.386191+00:00,INJ,R7_STAIRCASE,p_gain_3pct_5m,0.7124173735255562,0.06375495022623845,0.03606887344145804,0.06375495022623845
2026-04-26T07:28:47.157294+00:00,INJ,R7_STAIRCASE,p_gain_3pct_5m,0.405576429770148,0.02037865625708557,-0.018422746315386207,0.02037865625708557
2026-04-26T07:30:36.788145+00:00,ORCA,R7_STAIRCASE,p_gain_3pct_5m,0.25872222776118037,0.02416968035098921,0.019806870211048988,0.02416968035098921
2026-04-26T07:40:32.484756+00:00,ORCA,R5_CONFIRMED_RUN,p_gain_3pct_5m,0.7588710818110594,0.09744138291814042,0.020216165604374448,0.09744138291814042
2026-04-26T07:45:23.912403+00:00,INJ,R7_STAIRCASE,p_gain_3pct_5m,0.34356461374007946,0.0058053412351699585,-0.023220408888304234,0.0058053412351699585
2026-04-26T08:04:13.603443+00:00,ORCA,R5_CONFIRMED_RUN,p_gain_3pct_5m,0.49014339642460014,0.095827131499016,0.01871550650879583,0.095827131499016
2026-04-26T08:04:14.305553+00:00,ORCA,R7_STAIRCASE,p_gain_3pct_5m,0.3889149896920542,0.03665672581092383,0.03544540869307222,0.03665672581092383
2026-04-26T08:17:32.707683+00:00,ORCA,R5_CONFIRMED_RUN,p_gain_3pct_5m,0.33654424356806756,0.09020496900349051,0.01342997118634326,0.09020496900349051
2026-04-26T08:22:25.312064+00:00,ORCA,R7_STAIRCASE,p_gain_3pct_5m,0.5793653918403378,0.0,-0.007225415752866837,0.0
2026-04-26T08:28:28.281972+00:00,ORCA,R5_CONFIRMED_RUN,p_gain_3pct_5m,0.47044984834686965,0.06192057762531755,-0.012862561644071069,0.06192057762531755
2026-04-26T08:51:55.035876+00:00,ORCA,R7_STAIRCASE,p_gain_3pct_5m,0.1945669285659656,0.0,-0.032439897245174376,0.0
2026-04-26T10:31:47.433731+00:00,ORCA,R7_STAIRCASE,p_gain_3pct_5m,0.3909399178114048,0.0069694846776438,8.584956313528735e-05,0.0069694846776438
2026-04-26T10:57:34.120319+00:00,GODS,R5_CONFIRMED_RUN,p_gain_3pct_5m,0.8241080641223495,0.002883431302107553,-0.06731840888904006,0.002883431302107553
2026-04-26T12:36:47.649721+00:00,OPG,R5_CONFIRMED_RUN,p_gain_3pct_5m,0.5264763718909489,0.131696638190951,0.05172135052616067,0.131696638190951
2026-04-26T12:44:40.525907+00:00,OPG,R7_STAIRCASE,p_gain_3pct_5m,0.643668120224316,0.044085220235355216,0.039429321817360474,0.044085220235355216
2026-04-26T12:46:50.364578+00:00,OPG,R5_CONFIRMED_RUN,p_gain_3pct_5m,0.6111028910241094,0.0490909757403275,-0.02504669485087163,0.0490909757403275
2026-04-26T13:31:10.938293+00:00,ORCA,R5_CONFIRMED_RUN,p_gain_3pct_5m,0.6692261770747484,0.0,-0.07024048678024764,0.0
2026-04-26T13:31:38.541211+00:00,OPG,R7_STAIRCASE,p_gain_3pct_5m,0.43797045005601876,0.0043191947474126025,-0.0016393884311541873,0.0043191947474126025
2026-04-26T13:37:16.297381+00:00,OPG,R5_CONFIRMED_RUN,p_gain_3pct_5m,0.6674624208017028,0.0,-0.073127067925709,0.0
2026-04-26T14:06:20.950521+00:00,OPG,R7_STAIRCASE,p_gain_3pct_5m,0.3654867516402461,0.01872965893597134,0.005024775631899958,0.01872965893597134
2026-04-26T14:13:21.289797+00:00,OPG,R5_CONFIRMED_RUN,p_gain_3pct_5m,0.5530107932141844,0.008691408697521386,-0.06474971912740968,0.008691408697521386
2026-04-26T15:03:23.116069+00:00,ORCA,R5_CONFIRMED_RUN,p_gain_3pct_5m,0.6570994071536524,0.006354037996368689,-0.06409074466337716,0.006354037996368689
2026-04-26T15:03:40.832613+00:00,TRAC,R7_STAIRCASE,p_gain_3pct_5m,0.8737505195048153,0.031581727209706756,0.015076419574351574,0.031581727209706756
2026-04-26T15:11:01.342301+00:00,TRAC,R7_STAIRCASE,p_gain_3pct_5m,0.4472396831383449,0.03996590279418455,0.039682456104952024,0.03996590279418455
2026-04-26T15:20:48.891705+00:00,OPG,R7_STAIRCASE,p_gain_3pct_5m,0.6587119355982902,0.0,-0.0051884863693268946,0.0
2026-04-26T15:29:01.590154+00:00,OPG,R7_STAIRCASE,p_gain_3pct_5m,0.18485419698041852,0.004881920360461756,-0.005702536508959133,0.004881920360461756
2026-04-26T15:32:48.493457+00:00,TRAC,R7_STAIRCASE,p_gain_3pct_5m,0.5968041512267679,0.07537240951580237,0.053512938678231814,0.07537240951580237
2026-04-26T15:52:45.436401+00:00,RAVE,R7_STAIRCASE,p_gain_3pct_5m,0.24248011743428521,0.01418740649474226,0.002794412953923464,0.01418740649474226
2026-04-26T15:56:33.740860+00:00,OPG,R7_STAIRCASE,p_gain_3pct_5m,0.4626889403569591,0.011238943669630963,0.011238943669630963,0.011238943669630963
2026-04-26T16:29:11.407269+00:00,OPG,R7_STAIRCASE,p_gain_3pct_5m,0.39902063231737733,0.014556555102374746,0.010126177132495195,0.014556555102374746
2026-04-26T16:38:11.329404+00:00,OPG,R5_CONFIRMED_RUN,p_gain_3pct_5m,0.6473434444307727,0.03519774276700671,-0.03726609922668367,0.03519774276700671
2026-04-26T16:53:55.623878+00:00,OPG,R7_STAIRCASE,p_gain_3pct_5m,0.33425677693246036,0.015853543053165664,0.015853543053165664,0.015853543053165664
2026-04-26T16:57:58.801953+00:00,OPG,R5_CONFIRMED_RUN,p_gain_3pct_5m,0.5674813541260709,0.010719565178201496,-0.06003080438427266,0.010719565178201496
2026-04-26T17:28:51.177203+00:00,ORCA,R5_CONFIRMED_RUN,p_gain_3pct_5m,0.8996334843167443,0.0015968617726469514,-0.06868479364272673,0.0015968617726469514
2026-04-26T17:29:13.163802+00:00,ORCA,R7_STAIRCASE,p_gain_3pct_5m,0.7239521007775903,0.0,-0.02621466983214571,0.0
2026-04-26T17:42:30.903768+00:00,CHIP,R7_STAIRCASE,p_gain_3pct_5m,0.1564375781245491,0.0016477014123341682,-0.009256311539749484,0.0016477014123341682
2026-04-26T17:47:11.741686+00:00,AVNT,R7_STAIRCASE,p_gain_3pct_5m,0.5935105067731417,0.003294669653498783,-0.007487004408449516,0.003294669653498783
2026-04-26T17:56:05.173243+00:00,AVNT,R7_STAIRCASE,p_gain_3pct_5m,0.491976707905403,0.047730604678700495,0.028756422816947014,0.047730604678700495
2026-04-26T18:16:17.700545+00:00,OPG,R7_STAIRCASE,p_gain_3pct_5m,0.27116717309773825,0.00031969309462920315,-0.002237851662403978,0.00031969309462920315
2026-04-26T18:24:41.416141+00:00,RAVE,R5_CONFIRMED_RUN,p_gain_3pct_5m,0.3260119704631566,0.03426782986125687,-0.011314092625856254,0.03426782986125687
2026-04-26T19:22:20.280698+00:00,ORCA,R7_STAIRCASE,p_gain_3pct_5m,0.3740267627042417,0.0006639108047485909,-0.008966644571454574,0.0006639108047485909
2026-04-26T19:54:20.832554+00:00,RAVE,R5_CONFIRMED_RUN,p_gain_3pct_5m,0.8423680487674963,0.011449825998956165,-0.04241124747806202,0.011449825998956165
2026-04-26T20:29:02.321550+00:00,ORCA,R7_STAIRCASE,p_gain_3pct_5m,0.2761960604685465,0.00013933384125763837,-0.005507626011045597,0.00013933384125763837
2026-04-26T20:33:42.267441+00:00,CTX,R7_STAIRCASE,p_gain_3pct_5m,0.3882786410143219,0.03356912912093546,0.024592463285306287,0.03356912912093546
2026-04-26T20:50:13.715931+00:00,CTX,R7_STAIRCASE,p_gain_3pct_5m,0.35659044335051066,0.00479710808826761,0.0046013175371981685,0.00479710808826761
2026-04-26T20:50:26.090875+00:00,TRAC,R5_CONFIRMED_RUN,p_gain_3pct_5m,0.4674150608199901,0.03705720443151672,-0.03595162276046193,0.03705720443151672
2026-04-26T20:58:59.470145+00:00,CTX,R7_STAIRCASE,p_gain_3pct_5m,0.5243051444312725,0.006244055769992096,-0.07141449264894484,0.006244055769992096
2026-04-26T21:08:11.810947+00:00,AVNT,R7_STAIRCASE,p_gain_3pct_5m,0.5272768463900421,0.009629155277673274,-0.004960861417090623,0.009629155277673274
2026-04-26T21:27:21.540427+00:00,AVNT,R5_CONFIRMED_RUN,p_gain_3pct_5m,0.7734321718959766,0.0069464517324437924,-0.06362871348279919,0.0069464517324437924
2026-04-26T23:16:58.133476+00:00,GWEI,R5_CONFIRMED_RUN,p_gain_3pct_5m,0.7676490722086773,0.06516415142688992,-0.009783954309436238,0.06516415142688992
2026-04-26T23:17:01.307675+00:00,AVNT,R7_STAIRCASE,p_gain_3pct_5m,0.3967412231458331,0.01810848333587467,0.009053599659735623,0.01810848333587467
2026-04-25T00:07:27.302867+00:00,KAT,R7_STAIRCASE,p_gain_5pct_5m,0.4047820410439909,0.04279983301844159,-0.07040014885506007,0.04279983301844159
2026-04-25T00:14:25.284162+00:00,KAT,R7_STAIRCASE,p_gain_5pct_5m,0.08869435108846271,0.04359539884677899,0.026334915150839855,0.04359539884677899
2026-04-25T00:19:26.831827+00:00,KAT,R7_STAIRCASE,p_gain_5pct_5m,0.4848210134168812,0.014648481063478824,0.012063389391979484,0.014648481063478824
2026-04-25T00:30:55.202658+00:00,KAT,R7_STAIRCASE,p_gain_5pct_5m,0.3525616177263007,0.012975968052938658,-0.0012973910186868665,0.012975968052938658
2026-04-25T00:31:29.739494+00:00,KAT,R5_CONFIRMED_RUN,p_gain_5pct_5m,0.6637600422721055,0.11611918452383585,0.03713228838830296,0.11611918452383585
2026-04-25T00:45:15.329606+00:00,KAT,R7_STAIRCASE,p_gain_5pct_5m,0.14384231521991894,0.05004259767204666,0.04368127337274097,0.05004259767204666
2026-04-25T00:45:32.671788+00:00,KAT,R5_CONFIRMED_RUN,p_gain_5pct_5m,0.8190456909651577,0.08923334729786347,0.012149141181399425,0.08923334729786347
2026-04-25T00:59:23.627996+00:00,KAT,R5_CONFIRMED_RUN,p_gain_5pct_5m,0.5555580793889823,0.06426506917907404,-0.011052151101291097,0.06426506917907404
2026-04-25T01:00:49.503906+00:00,KAT,R7_STAIRCASE,p_gain_5pct_5m,0.5514241810996187,0.02970297029702973,-0.0011881188118811892,0.02970297029702973
2026-04-25T01:01:02.719178+00:00,SKR,R7_STAIRCASE,p_gain_5pct_5m,0.14145412748256428,0.006773158246487387,-0.007315163666542057,0.006773158246487387
2026-04-25T01:08:43.943393+00:00,KAT,R7_STAIRCASE,p_gain_5pct_5m,0.3909858862883472,0.0,-0.07008295342275173,0.0
2026-04-25T01:28:24.536116+00:00,SKR,R5_CONFIRMED_RUN,p_gain_5pct_5m,0.7795997514738604,0.007246502485836581,-0.03570644005087287,0.007246502485836581
2026-04-25T01:31:21.364091+00:00,KAT,R7_STAIRCASE,p_gain_5pct_5m,0.14955646838043526,0.012262156448202832,-0.0033826638477801874,0.012262156448202832
2026-04-25T01:38:48.158644+00:00,KAT,R5_CONFIRMED_RUN,p_gain_5pct_5m,0.6498320408427264,0.042763536350665765,-0.030317608567782983,0.042763536350665765
2026-04-25T01:40:17.175501+00:00,KAT,R7_STAIRCASE,p_gain_5pct_5m,0.7191894133051293,0.011428908293626971,-0.008979261768794822,0.011428908293626971
2026-04-25T01:55:32.136937+00:00,KAT,R7_STAIRCASE,p_gain_5pct_5m,0.2084323482179719,0.0073207402819046585,-0.0301120554947506,0.0073207402819046585
2026-04-25T02:13:39.139023+00:00,KAT,R7_STAIRCASE,p_gain_5pct_5m,0.36366873178728853,0.013697930268126157,-0.0029064584340544597,0.013697930268126157
2026-04-25T02:37:26.736036+00:00,KAT,R5_CONFIRMED_RUN,p_gain_5pct_5m,0.6760055273443994,0.15248580822681057,0.07177019566507736,0.15248580822681057
2026-04-25T03:23:00.880880+00:00,KAT,R7_STAIRCASE,p_gain_5pct_5m,0.10226582734006576,0.0070632083803487955,-0.007993268464295378,0.0070632083803487955
2026-04-25T03:30:59.623385+00:00,KAT,R5_CONFIRMED_RUN,p_gain_5pct_5m,0.47978072316903325,0.1830025108206148,0.10014962739130118,0.1830025108206148
2026-04-25T03:31:07.835027+00:00,KAT,R7_STAIRCASE,p_gain_5pct_5m,0.5176008833696542,0.00017675905394098912,-0.014330924311175774,0.00017675905394098912
2026-04-25T03:47:01.113930+00:00,KAT,R5_CONFIRMED_RUN,p_gain_5pct_5m,0.4412407124517165,0.15778428832085178,0.07669759087166605,0.15778428832085178
2026-04-25T04:13:50.359425+00:00,AXS,R7_STAIRCASE,p_gain_5pct_5m,0.39957362123791257,0.0,-0.004792968183406798,0.0
2026-04-25T04:14:50.580125+00:00,KAT,R5_CONFIRMED_RUN,p_gain_5pct_5m,0.5323693308662674,0.12739112739112723,0.04843304843304841,0.12739112739112723
2026-04-25T04:15:00.894210+00:00,KAT,R7_STAIRCASE,p_gain_5pct_5m,0.4813471089171371,0.02568300780029542,0.017529724749418607,0.02568300780029542
2026-04-25T04:20:00.418975+00:00,KAT,R7_STAIRCASE,p_gain_5pct_5m,0.3766012333230353,0.014764726629708402,-0.011572069263945162,0.014764726629708402
2026-04-25T04:23:17.835503+00:00,AXS,R5_CONFIRMED_RUN,p_gain_5pct_5m,0.6075889424134165,0.1926576949303178,0.10889243876464305,0.1926576949303178
2026-04-25T04:24:54.181148+00:00,AXS,R7_STAIRCASE,p_gain_5pct_5m,0.39740223049119217,0.03540519276160525,0.009441384736428082,0.03540519276160525
2026-04-25T04:34:40.003397+00:00,KAT,R7_STAIRCASE,p_gain_5pct_5m,0.16510752878182258,0.020690011840524214,0.007685081187729814,0.020690011840524214
2026-04-25T04:46:27.302323+00:00,KAT,R7_STAIRCASE,p_gain_5pct_5m,0.7487852024245266,0.014491911491260723,-0.004088526448139618,0.014491911491260723
2026-04-25T05:09:34.154420+00:00,AXS,R7_STAIRCASE,p_gain_5pct_5m,0.12973137608078755,0.0015723270440253234,-0.002358490566037652,0.0015723270440253234
2026-04-25T05:12:59.683956+00:00,AXS,R5_CONFIRMED_RUN,p_gain_5pct_5m,0.5785088925754871,0.18135142898176082,0.09838025838437936,0.18135142898176082
2026-04-25T05:21:04.842414+00:00,AXS,R7_STAIRCASE,p_gain_5pct_5m,0.17758381188988287,0.013117887134849404,0.006173438555859612,0.013117887134849404
2026-04-25T05:28:25.619907+00:00,AXS,R5_CONFIRMED_RUN,p_gain_5pct_5m,0.7002852119140996,0.1403515406814373,0.06025996090113539,0.1403515406814373
2026-04-25T05:35:24.784814+00:00,AXS,R7_STAIRCASE,p_gain_5pct_5m,0.24097922974217761,0.047301718252162006,0.04064983719057458,0.047301718252162006
2026-04-25T05:40:27.913727+00:00,AXS,R7_STAIRCASE,p_gain_5pct_5m,0.8311723056511531,0.02504370855910265,0.02504370855910265,0.02504370855910265
2026-04-25T05:45:32.425454+00:00,AXS,R7_STAIRCASE,p_gain_5pct_5m,0.783711170487772,0.007901183867678796,-0.029199473207205062,0.007901183867678796
2026-04-25T05:51:48.804256+00:00,KAT,R7_STAIRCASE,p_gain_5pct_5m,0.27734525873658294,0.021873967833719865,0.01602991736408277,0.021873967833719865
2026-04-25T06:04:45.020718+00:00,AXS,R7_STAIRCASE,p_gain_5pct_5m,0.276150579420876,0.01471418757558407,-0.008411204820820806,0.01471418757558407
2026-04-25T06:09:48.356713+00:00,SAFE,R5_CONFIRMED_RUN,p_gain_5pct_5m,0.429794815014252,0.13418980409253156,0.13127264924661453,0.13418980409253156
2026-04-25T06:11:59.504462+00:00,KAT,R7_STAIRCASE,p_gain_5pct_5m,0.18384550677175499,0.00205744500154581,-0.018921590177057968,0.00205744500154581
2026-04-25T06:13:39.818752+00:00,AXS,R5_CONFIRMED_RUN,p_gain_5pct_5m,0.5414758469119131,0.03317109123366224,-0.03939276467238095,0.03317109123366224
2026-04-25T06:14:06.112818+00:00,AXS,R7_STAIRCASE,p_gain_5pct_5m,0.2806321120281297,0.035318062345089274,0.029777898800767755,0.035318062345089274
2026-04-25T06:33:04.844399+00:00,AXS,R7_STAIRCASE,p_gain_5pct_5m,0.22951720583605484,0.0013486176668915384,-0.04720161834120018,0.0013486176668915384
2026-04-25T06:39:03.511118+00:00,KAT,R7_STAIRCASE,p_gain_5pct_5m,0.12461481221417459,0.011461379487069046,0.008127349393992622,0.011461379487069046
2026-04-25T06:48:13.603283+00:00,KAT,R7_STAIRCASE,p_gain_5pct_5m,0.2440664618687639,0.02093908860395932,0.02093908860395932,0.02093908860395932
2026-04-25T06:49:23.985134+00:00,KAT,R5_CONFIRMED_RUN,p_gain_5pct_5m,0.4666940032413986,0.02429433374316292,-0.04757892605300562,0.02429433374316292
2026-04-25T06:56:29.885079+00:00,SAFE,R7_STAIRCASE,p_gain_5pct_5m,0.4469892696637658,0.0,-0.019935212223205157,0.0
2026-04-25T06:58:27.659492+00:00,SAPIEN,R7_STAIRCASE,p_gain_5pct_5m,0.03790506560684644,0.03775491775625506,-0.006921002536748211,0.03775491775625506
2026-04-25T07:00:45.717104+00:00,SAPIEN,R5_CONFIRMED_RUN,p_gain_5pct_5m,0.7667935019797245,0.0054928400217346685,-0.028937102743941012,0.0054928400217346685
2026-04-25T07:04:20.059639+00:00,KAT,R7_STAIRCASE,p_gain_5pct_5m,0.5439852482833081,0.00832284783030457,0.0034241133469183893,0.00832284783030457
2026-04-25T07:09:00.987152+00:00,AXS,R7_STAIRCASE,p_gain_5pct_5m,0.5539632238592314,0.016031221153733677,0.0024936382631861598,0.016031221153733677
2026-04-25T07:24:01.205791+00:00,AXS,R7_STAIRCASE,p_gain_5pct_5m,0.24125870007140804,0.010902846657409482,-0.0010563380281689572,0.010902846657409482
2026-04-25T07:25:12.882515+00:00,KAT,R7_STAIRCASE,p_gain_5pct_5m,0.5658742029296787,0.010652021970274594,0.010248245693019298,0.010652021970274594
2026-04-25T07:30:51.589741+00:00,KAT,R7_STAIRCASE,p_gain_5pct_5m,0.19121724553754213,0.008716798692959271,-0.005150085813817373,0.008716798692959271
2026-04-25T07:36:51.684874+00:00,KAT,R7_STAIRCASE,p_gain_5pct_5m,0.39321718217860663,0.010296871114951145,0.0027721198208763287,0.010296871114951145
2026-04-25T07:43:23.127751+00:00,AXS,R7_STAIRCASE,p_gain_5pct_5m,0.475032022924699,0.01580598628396368,0.012996011218171066,0.01580598628396368
2026-04-25T07:51:03.404362+00:00,AXS,R7_STAIRCASE,p_gain_5pct_5m,0.16428856564390412,0.01577359683197832,0.013030116489420651,0.01577359683197832
2026-04-25T07:55:04.985851+00:00,BIGTIME,R5_CONFIRMED_RUN,p_gain_5pct_5m,0.83255370063689,0.08236683852597593,-0.028248673543162295,0.08236683852597593
2026-04-25T07:55:15.305313+00:00,AXS,R5_CONFIRMED_RUN,p_gain_5pct_5m,0.6679858565135469,0.2172726136063683,0.136347786221364,0.2172726136063683
2026-04-25T08:03:47.647096+00:00,KAT,R7_STAIRCASE,p_gain_5pct_5m,0.178778845192326,0.022003361484443262,0.016646085799242538,0.022003361484443262
2026-04-25T08:06:42.666486+00:00,KAT,R5_CONFIRMED_RUN,p_gain_5pct_5m,0.5462052839628283,0.011745646010530297,-0.05913325232887823,0.011745646010530297
2026-04-25T08:11:04.948630+00:00,AXS,R7_STAIRCASE,p_gain_5pct_5m,0.25344799281608443,0.0006811976422371746,-0.014315387063572826,0.0006811976422371746
2026-04-25T08:20:34.156228+00:00,AXS,R5_CONFIRMED_RUN,p_gain_5pct_5m,0.8339808274474543,0.17964280734217053,0.0964756607444428,0.17964280734217053
2026-04-25T08:21:51.649236+00:00,AXS,R7_STAIRCASE,p_gain_5pct_5m,0.7210067434169058,0.010546692796624901,0.010546692796624901,0.010546692796624901
2026-04-25T08:27:06.389473+00:00,AXS,R7_STAIRCASE,p_gain_5pct_5m,0.4242185916852428,0.018416907609794197,0.01453968588031529,0.018416907609794197
2026-04-25T08:32:34.596352+00:00,AXS,R7_STAIRCASE,p_gain_5pct_5m,0.4016290887954249,0.002840904550401868,-0.014209916874573514,0.002840904550401868
2026-04-25T08:55:04.870507+00:00,AXS,R7_STAIRCASE,p_gain_5pct_5m,0.18678015888099458,0.0038885288399221896,-0.0006480881399869576,0.0038885288399221896
2026-04-25T09:08:14.986425+00:00,AXS,R5_CONFIRMED_RUN,p_gain_5pct_5m,0.7340266832790516,0.11229611041405252,0.03387703889585936,0.11229611041405252
2026-04-25T09:10:08.653700+00:00,AXS,R7_STAIRCASE,p_gain_5pct_5m,0.7477568740826608,0.00742419566095287,-0.004952022958960467,0.00742419566095287
2026-04-25T09:21:34.307033+00:00,KAT,R7_STAIRCASE,p_gain_5pct_5m,0.6476542369523554,0.01390946153349537,-0.03231351096359936,0.01390946153349537
2026-04-25T09:30:10.037142+00:00,KAT,R7_STAIRCASE,p_gain_5pct_5m,0.4669360655861205,0.0,-0.028745829002140955,0.0
2026-04-25T09:45:19.483929+00:00,AXS,R5_CONFIRMED_RUN,p_gain_5pct_5m,0.6288186913712424,0.07552310390941641,-0.0003033980582525242,0.07552310390941641
2026-04-25T09:55:33.269984+00:00,AXS,R7_STAIRCASE,p_gain_5pct_5m,0.40132875323055184,0.016918429003021318,0.007250755287009136,0.016918429003021318
2026-04-25T09:58:25.839402+00:00,AXS,R5_CONFIRMED_RUN,p_gain_5pct_5m,0.6277205267673637,0.05913978494623651,-0.015531660692950977,0.05913978494623651
2026-04-25T10:01:27.511551+00:00,KAT,R7_STAIRCASE,p_gain_5pct_5m,0.3283731302769371,0.0011788000747949834,-0.027116408594299535,0.0011788000747949834
2026-04-25T10:06:03.127609+00:00,AXS,R7_STAIRCASE,p_gain_5pct_5m,0.6486193638614747,0.018965853800321675,-0.012068639208825171,0.018965853800321675
2026-04-25T10:13:30.042157+00:00,KAT,R7_STAIRCASE,p_gain_5pct_5m,0.03302552628720611,0.012850793650793557,-0.010471428571428687,0.012850793650793557
2026-04-25T10:20:02.307560+00:00,AXS,R7_STAIRCASE,p_gain_5pct_5m,0.28316604830989334,0.011262951656519027,-0.017782701702900305,0.011262951656519027
2026-04-25T10:42:55.311058+00:00,AXS,R7_STAIRCASE,p_gain_5pct_5m,0.43812007137949593,0.04429573152636457,0.030946221884539993,0.04429573152636457
2026-04-25T10:47:42.068161+00:00,AXS,R5_CONFIRMED_RUN,p_gain_5pct_5m,0.87848809319257,0.05387078840023252,-0.020312295029057736,0.05387078840023252
2026-04-25T10:49:20.263158+00:00,AXS,R7_STAIRCASE,p_gain_5pct_5m,0.7914739666424778,0.004955079627324777,-0.016030061246563698,0.004955079627324777
2026-04-25T10:59:09.879037+00:00,AXS,R5_CONFIRMED_RUN,p_gain_5pct_5m,0.8130354828468044,0.027849130614721496,-0.04450226070229246,0.027849130614721496
2026-04-25T11:13:15.175631+00:00,AXS,R7_STAIRCASE,p_gain_5pct_5m,0.22061912192167515,0.0037324973242740533,-0.0031581147855035407,0.0037324973242740533
2026-04-25T11:40:17.372353+00:00,HYPER,R7_STAIRCASE,p_gain_5pct_5m,0.5928873467642151,0.05275208071818205,0.021947338049032927,0.05275208071818205
2026-04-25T11:52:35.775750+00:00,AXS,R7_STAIRCASE,p_gain_5pct_5m,0.7334409030584839,0.001192249417581337,-0.008944896645610378,0.001192249417581337
2026-04-25T12:05:12.661745+00:00,HYPER,R5_CONFIRMED_RUN,p_gain_5pct_5m,0.7308827381628928,0.5226480836236935,0.28710801393728236,0.5226480836236935
2026-04-25T12:29:24.277801+00:00,HYPER,R6_LOCAL_BREAKOUT,p_gain_5pct_5m,0.7537945623765933,0.025363975201638134,0.012951674449197315,0.025363975201638134
2026-04-25T12:31:45.834335+00:00,SAPIEN,R7_STAIRCASE,p_gain_5pct_5m,0.3065244638724869,0.004101900741508624,-0.07173371126478112,0.004101900741508624
2026-04-25T12:35:58.196793+00:00,HYPER,R7_STAIRCASE,p_gain_5pct_5m,0.4314089146215749,0.13772447374131946,-0.08825832790798604,0.13772447374131946
2026-04-25T12:50:06.303498+00:00,SAPIEN,R7_STAIRCASE,p_gain_5pct_5m,0.20875610787327353,0.005558556200437659,-0.007436717876168619,0.005558556200437659
2026-04-25T12:50:17.472740+00:00,AXS,R7_STAIRCASE,p_gain_5pct_5m,0.26458028933957756,0.0048150982460830605,-0.005457771767934272,0.0048150982460830605
2026-04-25T12:56:00.298439+00:00,HYPER,R7_STAIRCASE,p_gain_5pct_5m,0.3834304633183839,0.01784579823591126,0.004163475991945331,0.01784579823591126
2026-04-25T13:05:46.761950+00:00,HYPER,R5_CONFIRMED_RUN,p_gain_5pct_5m,0.6511011817819966,0.0196282996628383,-0.0704004824429153,0.0196282996628383
2026-04-25T13:09:59.408258+00:00,AXS,R7_STAIRCASE,p_gain_5pct_5m,0.20115040292588968,0.020143380676540756,0.009747015013594984,0.020143380676540756
2026-04-25T13:17:21.513661+00:00,AXS,R5_CONFIRMED_RUN,p_gain_5pct_5m,0.6007352841504585,0.019230349877246367,-0.01346194436409931,0.019230349877246367
2026-04-25T13:54:38.590506+00:00,ORCA,R7_STAIRCASE,p_gain_5pct_5m,0.7870553857932692,0.17537117768615573,0.11625104366998329,0.20960349315717886
2026-04-25T14:07:39.910138+00:00,AXS,R7_STAIRCASE,p_gain_5pct_5m,0.21705982902624765,0.006302156096819056,-0.0023213956693369786,0.006302156096819056
2026-04-25T14:14:02.592246+00:00,ORCA,R7_STAIRCASE,p_gain_5pct_5m,0.3937267619973015,0.0907754392935729,0.04778123957539626,0.0907754392935729
2026-04-25T14:23:22.060972+00:00,AXS,R5_CONFIRMED_RUN,p_gain_5pct_5m,0.5584753527675433,0.03179883587914678,0.0006501917771348786,0.03179883587914678
2026-04-25T14:58:13.906043+00:00,AXS,R7_STAIRCASE,p_gain_5pct_5m,0.6022211799488445,0.0032129527196782526,-0.005784472865251633,0.0032129527196782526
2026-04-25T15:06:05.309595+00:00,AXS,R5_CONFIRMED_RUN,p_gain_5pct_5m,0.5515846720129572,0.0,-0.030817993909512453,0.0
2026-04-25T15:06:45.970195+00:00,AXS,R7_STAIRCASE,p_gain_5pct_5m,0.21428707431331853,0.005381550572786997,-0.021209145349163405,0.005381550572786997
2026-04-25T15:13:20.411944+00:00,HYPER,R5_CONFIRMED_RUN,p_gain_5pct_5m,0.7347579916754332,0.039822371594163464,-0.03318643321989467,0.039822371594163464
2026-04-25T15:20:39.630421+00:00,HYPER,R7_STAIRCASE,p_gain_5pct_5m,0.5791327446202901,0.005106081627933801,-0.07014250202335548,0.005106081627933801
2026-04-25T15:28:23.187027+00:00,AXS,R7_STAIRCASE,p_gain_5pct_5m,0.2090003224605386,0.0016124872610800978,-0.00548199912647418,0.0016124872610800978
2026-04-25T15:28:34.571349+00:00,HYPER,R7_STAIRCASE,p_gain_5pct_5m,0.33938821522412166,0.0031203249108411324,-0.03943285629295601,0.0031203249108411324
2026-04-25T15:33:03.888174+00:00,ORCA,R7_STAIRCASE,p_gain_5pct_5m,0.798063531468171,0.03345895307298985,-0.012552251054521513,0.03345895307298985
2026-04-25T15:57:04.083579+00:00,GODS,R7_STAIRCASE,p_gain_5pct_5m,0.8106335620323318,0.09381844910763548,0.04404970967323796,0.09381844910763548
2026-04-25T15:58:28.140161+00:00,HYPER,R7_STAIRCASE,p_gain_5pct_5m,0.6766523198967901,0.0037822833221072827,-0.0160024109578647,0.0037822833221072827
2026-04-25T16:01:54.577563+00:00,BLEND,R7_STAIRCASE,p_gain_5pct_5m,0.5292008532386708,0.044979338842975114,0.0322578512396694,0.044979338842975114
2026-04-25T16:12:02.816401+00:00,HYPER,R7_STAIRCASE,p_gain_5pct_5m,0.1917238904829482,0.006586826347305452,-0.02694610778443096,0.006586826347305452
2026-04-25T16:13:02.459749+00:00,AXS,R7_STAIRCASE,p_gain_5pct_5m,0.19839131592837617,0.00698381605583176,0.0029931272207359694,0.00698381605583176
2026-04-25T16:29:43.116747+00:00,BLEND,R7_STAIRCASE,p_gain_5pct_5m,0.6920796087708098,0.058158923491150594,0.04079782548473321,0.058158923491150594
2026-04-25T16:37:37.637432+00:00,BLEND,R7_STAIRCASE,p_gain_5pct_5m,0.6039037958539275,0.010962074383595644,-0.0020302093032619206,0.010962074383595644
2026-04-25T17:16:31.894260+00:00,AXS,R5_CONFIRMED_RUN,p_gain_5pct_5m,0.5260466116074441,0.03574953745535914,0.00885547093498551,0.03574953745535914
2026-04-25T17:17:02.550533+00:00,AXS,R7_STAIRCASE,p_gain_5pct_5m,0.30093247936815587,0.018583959942463313,0.01727975512819624,0.018583959942463313
2026-04-25T17:37:50.828962+00:00,AXS,R7_STAIRCASE,p_gain_5pct_5m,0.23940009176260865,0.009162303664921545,0.0019633507853404897,0.009162303664921545
2026-04-25T18:50:57.446743+00:00,ORCA,R7_STAIRCASE,p_gain_5pct_5m,0.36732454543864557,0.011492100207677103,0.009684480932350636,0.011492100207677103
2026-04-25T19:06:21.870221+00:00,HYPER,R7_STAIRCASE,p_gain_5pct_5m,0.16982278668981649,0.018642305407011284,-0.0022107938972264485,0.018642305407011284
2026-04-25T19:28:17.215097+00:00,HYPER,R5_CONFIRMED_RUN,p_gain_5pct_5m,0.7392696351900201,0.00889601304744203,-0.062266163071945324,0.00889601304744203
2026-04-25T20:00:32.817570+00:00,BAL,R5_CONFIRMED_RUN,p_gain_5pct_5m,0.8378088222243706,0.11469629592893837,0.03021405034274527,0.11469629592893837
2026-04-25T20:13:32.577357+00:00,BAL,R7_STAIRCASE,p_gain_5pct_5m,0.7961234919838978,0.05875914470736188,-0.005739347329534739,0.05875914470736188
2026-04-25T20:34:53.273500+00:00,BAL,R7_STAIRCASE,p_gain_5pct_5m,0.45983899087532026,0.005628500055769647,-0.014507759662661712,0.005628500055769647
2026-04-25T20:58:42.743224+00:00,MEZO,R7_STAIRCASE,p_gain_5pct_5m,0.8501461108865248,0.10266244649506495,0.043289917258130695,0.10266244649506495
2026-04-25T20:59:58.376164+00:00,MEZO,R5_CONFIRMED_RUN,p_gain_5pct_5m,0.597292092901666,0.005514537955369159,-0.06842335819328893,0.005514537955369159
2026-04-25T21:18:01.767812+00:00,BAL,R7_STAIRCASE,p_gain_5pct_5m,0.6621771938019095,0.04128834404253645,0.0149340271235745,0.04128834404253645
2026-04-25T22:05:26.782724+00:00,AXS,R7_STAIRCASE,p_gain_5pct_5m,0.5239358711550047,0.005406320240509022,-0.005404500407238277,0.005406320240509022
2026-04-25T22:17:24.191026+00:00,RAVE,R7_STAIRCASE,p_gain_5pct_5m,0.7505382259934685,0.04261039730952998,0.0413655465412508,0.05984679256262648
2026-04-25T22:22:38.089064+00:00,RAVE,R7_STAIRCASE,p_gain_5pct_5m,0.8430513647634342,0.00831362234163513,-0.07030714528402726,0.00831362234163513
2026-04-25T22:36:30.406107+00:00,MEZO,R7_STAIRCASE,p_gain_5pct_5m,0.18190051711670022,0.025855805402593246,0.0121613764402555,0.025855805402593246
2026-04-25T22:54:04.658432+00:00,AXS,R5_CONFIRMED_RUN,p_gain_5pct_5m,0.6910294401890791,0.007061808166780592,-0.06355533082052423,0.007061808166780592
2026-04-25T22:54:53.744101+00:00,AXS,R7_STAIRCASE,p_gain_5pct_5m,0.2518157183903345,0.009541492989768807,-0.008925729442970765,0.009541492989768807
2026-04-26T00:00:21.720274+00:00,ORCA,R5_CONFIRMED_RUN,p_gain_5pct_5m,0.8874855323431241,0.057366484560922526,-0.01883859339725069,0.057366484560922526
2026-04-26T00:17:15.936767+00:00,HYPER,R7_STAIRCASE,p_gain_5pct_5m,0.3912422637373644,0.017286783717993526,0.005318703909546585,0.017286783717993526
2026-04-26T00:20:35.008642+00:00,AXS,R7_STAIRCASE,p_gain_5pct_5m,0.20892062604779424,0.011171298131266383,0.002872543790542581,0.011171298131266383
2026-04-26T00:23:58.620308+00:00,AXS,R5_CONFIRMED_RUN,p_gain_5pct_5m,0.7068793342969243,0.00667271659638069,-0.06387063664995662,0.00667271659638069
2026-04-26T00:32:09.927602+00:00,AXS,R7_STAIRCASE,p_gain_5pct_5m,0.2743474340760051,0.009934217768614362,0.003973950253914449,0.009934217768614362
2026-04-26T01:08:20.762719+00:00,ORCA,R7_STAIRCASE,p_gain_5pct_5m,0.34655717148631304,0.005065384677914508,-0.00041160644491966547,0.005065384677914508
2026-04-26T01:15:31.124573+00:00,MEZO,R7_STAIRCASE,p_gain_5pct_5m,0.3179011017933373,0.009050063065628944,-0.005674937854683759,0.009050063065628944
2026-04-26T01:19:27.967113+00:00,AXS,R7_STAIRCASE,p_gain_5pct_5m,0.24568061874720212,0.0,-0.010781671159029838,0.0
2026-04-26T02:04:19.529942+00:00,HYPER,R7_STAIRCASE,p_gain_5pct_5m,0.5952044955079757,0.003217353504803011,-0.018218914732479052,0.003217353504803011
2026-04-26T02:15:43.712593+00:00,BASED1,R7_STAIRCASE,p_gain_5pct_5m,0.5882362366021554,0.0018771496458880321,-0.004866974772072541,0.0018771496458880321
2026-04-26T02:18:03.694574+00:00,ORCA,R7_STAIRCASE,p_gain_5pct_5m,0.37258890526011124,0.023941566197519082,-0.01090744006361577,0.023941566197519082
2026-04-26T02:43:31.261324+00:00,BASED1,R5_CONFIRMED_RUN,p_gain_5pct_5m,0.7332416948928986,0.018450184501845213,-0.015498154981549717,0.018450184501845213
2026-04-26T02:53:15.663895+00:00,ORCA,R7_STAIRCASE,p_gain_5pct_5m,0.6449382231211821,0.04801028939089802,0.019481120401923402,0.04801028939089802
2026-04-26T03:21:43.861844+00:00,RAVE,R7_STAIRCASE,p_gain_5pct_5m,0.39151625561633996,0.0,-0.03058845017573364,0.0
2026-04-26T03:27:43.340831+00:00,ORCA,R7_STAIRCASE,p_gain_5pct_5m,0.47576141798570143,0.003110750124001971,-0.017282372145492664,0.003110750124001971
2026-04-26T03:41:25.679418+00:00,ORCA,R7_STAIRCASE,p_gain_5pct_5m,0.6092218569375502,0.00805487767260571,-0.0010226664094230564,0.00805487767260571
2026-04-26T03:46:12.328316+00:00,ORCA,R5_CONFIRMED_RUN,p_gain_5pct_5m,0.5048107367904281,0.11401325715189836,0.0352684343463614,0.11401325715189836
2026-04-26T03:59:31.525634+00:00,ORCA,R5_CONFIRMED_RUN,p_gain_5pct_5m,0.7276733898968866,0.06428299232338142,-0.010946611191134159,0.06428299232338142
2026-04-26T04:02:01.565720+00:00,BASED1,R5_CONFIRMED_RUN,p_gain_5pct_5m,0.5353277744327105,0.0047362837424689275,-0.04043677615023089,0.0047362837424689275
2026-04-26T04:07:43.274475+00:00,ORCA,R7_STAIRCASE,p_gain_5pct_5m,0.1261418393652438,0.027747999918370736,-0.01633411441888377,0.027747999918370736
2026-04-26T04:15:05.502304+00:00,ORCA,R7_STAIRCASE,p_gain_5pct_5m,0.6714449305517709,0.04514650186996727,0.039531747063298095,0.18024437772839197
2026-04-26T04:20:06.217018+00:00,ORCA,R7_STAIRCASE,p_gain_5pct_5m,0.14942361056565845,0.04260892741269684,0.04205806941755075,0.04260892741269684
2026-04-26T04:25:08.014616+00:00,ORCA,R7_STAIRCASE,p_gain_5pct_5m,0.7581419245023749,0.08798975018738986,0.07013826787848987,0.08798975018738986
2026-04-26T04:35:25.881897+00:00,ORCA,R7_STAIRCASE,p_gain_5pct_5m,0.10557588569148993,0.013637691592045753,-0.004979530747849625,0.013637691592045753
2026-04-26T04:45:47.104308+00:00,ORCA,R7_STAIRCASE,p_gain_5pct_5m,0.7086080447603067,0.014960136573683336,-0.07032262381062371,0.014960136573683336
2026-04-26T04:55:40.911495+00:00,ORCA,R7_STAIRCASE,p_gain_5pct_5m,0.17857517268664722,0.0004221529637973287,-0.043020496358451954,0.0004221529637973287
2026-04-26T05:04:45.433234+00:00,ORCA,R7_STAIRCASE,p_gain_5pct_5m,0.05004406820507185,0.033190272886464145,-0.027251358077393983,0.033190272886464145
2026-04-26T05:52:49.070175+00:00,ORCA,R7_STAIRCASE,p_gain_5pct_5m,0.07011027808216909,0.01873332076826939,-0.060463024898932405,0.01873332076826939
2026-04-26T06:01:11.966648+00:00,ORCA,R7_STAIRCASE,p_gain_5pct_5m,0.0391289638661259,0.030328217076727393,0.010881987368760893,0.030328217076727393
2026-04-26T06:06:33.403046+00:00,ORCA,R7_STAIRCASE,p_gain_5pct_5m,0.1587472872280833,0.026722055725962646,0.012627666365416124,0.026722055725962646
2026-04-26T06:12:14.454978+00:00,ORCA,R7_STAIRCASE,p_gain_5pct_5m,0.2577978014248167,0.052697794596619385,0.042309329518363414,0.052697794596619385
2026-04-26T06:13:57.768134+00:00,ORCA,R5_CONFIRMED_RUN,p_gain_5pct_5m,0.5598103570495786,0.07530332750091806,-0.003326778427388044,0.07530332750091806
2026-04-26T06:24:46.696286+00:00,ORCA,R5_CONFIRMED_RUN,p_gain_5pct_5m,0.2206344530356351,0.06287638232535975,-0.014845019992970276,0.06287638232535975
2026-04-26T07:08:06.437616+00:00,ORCA,R7_STAIRCASE,p_gain_5pct_5m,0.06145560719100685,0.050985127787236184,0.03368830166893866,0.050985127787236184
2026-04-26T07:10:53.224109+00:00,ORCA,R5_CONFIRMED_RUN,p_gain_5pct_5m,0.5279069016376002,0.037287687661973656,-0.03548315274693403,0.037287687661973656
2026-04-26T07:13:41.605082+00:00,ORCA,R7_STAIRCASE,p_gain_5pct_5m,0.7386050676264077,0.02020789994006078,-0.011761198824503327,0.02020789994006078
2026-04-26T07:20:07.386191+00:00,INJ,R7_STAIRCASE,p_gain_5pct_5m,0.7051906800893233,0.06375495022623845,0.03606887344145804,0.06375495022623845
2026-04-26T07:28:47.157294+00:00,INJ,R7_STAIRCASE,p_gain_5pct_5m,0.3958729903537753,0.02037865625708557,-0.018422746315386207,0.02037865625708557
2026-04-26T07:30:36.788145+00:00,ORCA,R7_STAIRCASE,p_gain_5pct_5m,0.32104772943203946,0.02416968035098921,0.019806870211048988,0.02416968035098921
2026-04-26T07:40:32.484756+00:00,ORCA,R5_CONFIRMED_RUN,p_gain_5pct_5m,0.7572705796829573,0.09744138291814042,0.020216165604374448,0.09744138291814042
2026-04-26T07:45:23.912403+00:00,INJ,R7_STAIRCASE,p_gain_5pct_5m,0.22817570469746754,0.0058053412351699585,-0.023220408888304234,0.0058053412351699585
2026-04-26T08:04:13.603443+00:00,ORCA,R5_CONFIRMED_RUN,p_gain_5pct_5m,0.6394796801259582,0.095827131499016,0.01871550650879583,0.095827131499016
2026-04-26T08:04:14.305553+00:00,ORCA,R7_STAIRCASE,p_gain_5pct_5m,0.63290803648796,0.03665672581092383,0.03544540869307222,0.03665672581092383
2026-04-26T08:17:32.707683+00:00,ORCA,R5_CONFIRMED_RUN,p_gain_5pct_5m,0.14099969061089274,0.09020496900349051,0.01342997118634326,0.09020496900349051
2026-04-26T08:22:25.312064+00:00,ORCA,R7_STAIRCASE,p_gain_5pct_5m,0.39709599743031165,0.0,-0.007225415752866837,0.0
2026-04-26T08:28:28.281972+00:00,ORCA,R5_CONFIRMED_RUN,p_gain_5pct_5m,0.7925314818528665,0.06192057762531755,-0.012862561644071069,0.06192057762531755
2026-04-26T08:51:55.035876+00:00,ORCA,R7_STAIRCASE,p_gain_5pct_5m,0.12181226017063428,0.0,-0.032439897245174376,0.0
2026-04-26T10:31:47.433731+00:00,ORCA,R7_STAIRCASE,p_gain_5pct_5m,0.20270617252744458,0.0069694846776438,8.584956313528735e-05,0.0069694846776438
2026-04-26T10:57:34.120319+00:00,GODS,R5_CONFIRMED_RUN,p_gain_5pct_5m,0.8590139972972562,0.002883431302107553,-0.06731840888904006,0.002883431302107553
2026-04-26T12:36:47.649721+00:00,OPG,R5_CONFIRMED_RUN,p_gain_5pct_5m,0.6549586391537418,0.131696638190951,0.05172135052616067,0.131696638190951
2026-04-26T12:44:40.525907+00:00,OPG,R7_STAIRCASE,p_gain_5pct_5m,0.5900927500067547,0.044085220235355216,0.039429321817360474,0.044085220235355216
2026-04-26T12:46:50.364578+00:00,OPG,R5_CONFIRMED_RUN,p_gain_5pct_5m,0.6264356514884386,0.0490909757403275,-0.02504669485087163,0.0490909757403275
2026-04-26T13:31:10.938293+00:00,ORCA,R5_CONFIRMED_RUN,p_gain_5pct_5m,0.21198792411387304,0.0,-0.07024048678024764,0.0
2026-04-26T13:31:38.541211+00:00,OPG,R7_STAIRCASE,p_gain_5pct_5m,0.3168275653610468,0.0043191947474126025,-0.0016393884311541873,0.0043191947474126025
2026-04-26T13:37:16.297381+00:00,OPG,R5_CONFIRMED_RUN,p_gain_5pct_5m,0.5651924248712321,0.0,-0.073127067925709,0.0
2026-04-26T14:06:20.950521+00:00,OPG,R7_STAIRCASE,p_gain_5pct_5m,0.3326510461779646,0.01872965893597134,0.005024775631899958,0.01872965893597134
2026-04-26T14:13:21.289797+00:00,OPG,R5_CONFIRMED_RUN,p_gain_5pct_5m,0.46127491014458216,0.008691408697521386,-0.06474971912740968,0.008691408697521386
2026-04-26T15:03:23.116069+00:00,ORCA,R5_CONFIRMED_RUN,p_gain_5pct_5m,0.8356432025471465,0.006354037996368689,-0.06409074466337716,0.006354037996368689
2026-04-26T15:03:40.832613+00:00,TRAC,R7_STAIRCASE,p_gain_5pct_5m,0.8022537625902784,0.031581727209706756,0.015076419574351574,0.031581727209706756
2026-04-26T15:11:01.342301+00:00,TRAC,R7_STAIRCASE,p_gain_5pct_5m,0.5284302862528674,0.03996590279418455,0.039682456104952024,0.03996590279418455
2026-04-26T15:20:48.891705+00:00,OPG,R7_STAIRCASE,p_gain_5pct_5m,0.517483654178013,0.0,-0.0051884863693268946,0.0
2026-04-26T15:29:01.590154+00:00,OPG,R7_STAIRCASE,p_gain_5pct_5m,0.23623345616715472,0.004881920360461756,-0.005702536508959133,0.004881920360461756
2026-04-26T15:32:48.493457+00:00,TRAC,R7_STAIRCASE,p_gain_5pct_5m,0.4477339420682629,0.07537240951580237,0.053512938678231814,0.07537240951580237
2026-04-26T15:52:45.436401+00:00,RAVE,R7_STAIRCASE,p_gain_5pct_5m,0.5073705546963972,0.01418740649474226,0.002794412953923464,0.01418740649474226
2026-04-26T15:56:33.740860+00:00,OPG,R7_STAIRCASE,p_gain_5pct_5m,0.48240973558435674,0.011238943669630963,0.011238943669630963,0.011238943669630963
2026-04-26T16:29:11.407269+00:00,OPG,R7_STAIRCASE,p_gain_5pct_5m,0.3401838873338922,0.014556555102374746,0.010126177132495195,0.014556555102374746
2026-04-26T16:38:11.329404+00:00,OPG,R5_CONFIRMED_RUN,p_gain_5pct_5m,0.5060908134496014,0.03519774276700671,-0.03726609922668367,0.03519774276700671
2026-04-26T16:53:55.623878+00:00,OPG,R7_STAIRCASE,p_gain_5pct_5m,0.3292063526522909,0.015853543053165664,0.015853543053165664,0.015853543053165664
2026-04-26T16:57:58.801953+00:00,OPG,R5_CONFIRMED_RUN,p_gain_5pct_5m,0.6698543649752298,0.010719565178201496,-0.06003080438427266,0.010719565178201496
2026-04-26T17:28:51.177203+00:00,ORCA,R5_CONFIRMED_RUN,p_gain_5pct_5m,0.8244845622516052,0.0015968617726469514,-0.06868479364272673,0.0015968617726469514
2026-04-26T17:29:13.163802+00:00,ORCA,R7_STAIRCASE,p_gain_5pct_5m,0.7433732199899252,0.0,-0.02621466983214571,0.0
2026-04-26T17:42:30.903768+00:00,CHIP,R7_STAIRCASE,p_gain_5pct_5m,0.14847403401579104,0.0016477014123341682,-0.009256311539749484,0.0016477014123341682
2026-04-26T17:47:11.741686+00:00,AVNT,R7_STAIRCASE,p_gain_5pct_5m,0.46189733411973005,0.003294669653498783,-0.007487004408449516,0.003294669653498783
2026-04-26T17:56:05.173243+00:00,AVNT,R7_STAIRCASE,p_gain_5pct_5m,0.5484074438028739,0.047730604678700495,0.028756422816947014,0.047730604678700495
2026-04-26T18:16:17.700545+00:00,OPG,R7_STAIRCASE,p_gain_5pct_5m,0.422975302494863,0.00031969309462920315,-0.002237851662403978,0.00031969309462920315
2026-04-26T18:24:41.416141+00:00,RAVE,R5_CONFIRMED_RUN,p_gain_5pct_5m,0.24344436617533444,0.03426782986125687,-0.011314092625856254,0.03426782986125687
2026-04-26T19:22:20.280698+00:00,ORCA,R7_STAIRCASE,p_gain_5pct_5m,0.3140381398489362,0.0006639108047485909,-0.008966644571454574,0.0006639108047485909
2026-04-26T19:54:20.832554+00:00,RAVE,R5_CONFIRMED_RUN,p_gain_5pct_5m,0.5357904971804168,0.011449825998956165,-0.04241124747806202,0.011449825998956165
2026-04-26T20:29:02.321550+00:00,ORCA,R7_STAIRCASE,p_gain_5pct_5m,0.29549919930114593,0.00013933384125763837,-0.005507626011045597,0.00013933384125763837
2026-04-26T20:33:42.267441+00:00,CTX,R7_STAIRCASE,p_gain_5pct_5m,0.4481404684331447,0.03356912912093546,0.024592463285306287,0.03356912912093546
2026-04-26T20:50:13.715931+00:00,CTX,R7_STAIRCASE,p_gain_5pct_5m,0.5146014539944015,0.00479710808826761,0.0046013175371981685,0.00479710808826761
2026-04-26T20:50:26.090875+00:00,TRAC,R5_CONFIRMED_RUN,p_gain_5pct_5m,0.5070489813801926,0.03705720443151672,-0.03595162276046193,0.03705720443151672
2026-04-26T20:58:59.470145+00:00,CTX,R7_STAIRCASE,p_gain_5pct_5m,0.5817750651126986,0.006244055769992096,-0.07141449264894484,0.006244055769992096
2026-04-26T21:08:11.810947+00:00,AVNT,R7_STAIRCASE,p_gain_5pct_5m,0.44143880842826866,0.009629155277673274,-0.004960861417090623,0.009629155277673274
2026-04-26T21:27:21.540427+00:00,AVNT,R5_CONFIRMED_RUN,p_gain_5pct_5m,0.6001317486867971,0.0069464517324437924,-0.06362871348279919,0.0069464517324437924
2026-04-26T23:16:58.133476+00:00,GWEI,R5_CONFIRMED_RUN,p_gain_5pct_5m,0.7817271766040659,0.06516415142688992,-0.009783954309436238,0.06516415142688992
2026-04-26T23:17:01.307675+00:00,AVNT,R7_STAIRCASE,p_gain_5pct_5m,0.33356109018695734,0.01810848333587467,0.009053599659735623,0.01810848333587467
2026-04-25T00:07:27.302867+00:00,KAT,R7_STAIRCASE,p_gain_10pct,0.1194721574969873,0.04279983301844159,-0.07040014885506007,0.04279983301844159
2026-04-25T00:14:25.284162+00:00,KAT,R7_STAIRCASE,p_gain_10pct,0.04266535666427347,0.04359539884677899,0.026334915150839855,0.04359539884677899
2026-04-25T00:19:26.831827+00:00,KAT,R7_STAIRCASE,p_gain_10pct,0.20527024872601785,0.014648481063478824,0.012063389391979484,0.014648481063478824
2026-04-25T00:30:55.202658+00:00,KAT,R7_STAIRCASE,p_gain_10pct,0.42660311013252167,0.012975968052938658,-0.0012973910186868665,0.012975968052938658
2026-04-25T00:31:29.739494+00:00,KAT,R5_CONFIRMED_RUN,p_gain_10pct,0.37367658218187416,0.11611918452383585,0.03713228838830296,0.11611918452383585
2026-04-25T00:45:15.329606+00:00,KAT,R7_STAIRCASE,p_gain_10pct,0.1760237054618556,0.05004259767204666,0.04368127337274097,0.05004259767204666
2026-04-25T00:45:32.671788+00:00,KAT,R5_CONFIRMED_RUN,p_gain_10pct,0.4946124890510735,0.08923334729786347,0.012149141181399425,0.08923334729786347
2026-04-25T00:59:23.627996+00:00,KAT,R5_CONFIRMED_RUN,p_gain_10pct,0.1634284086783689,0.06426506917907404,-0.011052151101291097,0.06426506917907404
2026-04-25T01:00:49.503906+00:00,KAT,R7_STAIRCASE,p_gain_10pct,0.13319101609413012,0.02970297029702973,-0.0011881188118811892,0.02970297029702973
2026-04-25T01:01:02.719178+00:00,SKR,R7_STAIRCASE,p_gain_10pct,0.13639088246307962,0.006773158246487387,-0.007315163666542057,0.006773158246487387
2026-04-25T01:08:43.943393+00:00,KAT,R7_STAIRCASE,p_gain_10pct,0.16907025066440545,0.0,-0.07008295342275173,0.0
2026-04-25T01:28:24.536116+00:00,SKR,R5_CONFIRMED_RUN,p_gain_10pct,0.5671909204210064,0.007246502485836581,-0.03570644005087287,0.007246502485836581
2026-04-25T01:31:21.364091+00:00,KAT,R7_STAIRCASE,p_gain_10pct,0.3350347703103816,0.012262156448202832,-0.0033826638477801874,0.012262156448202832
2026-04-25T01:38:48.158644+00:00,KAT,R5_CONFIRMED_RUN,p_gain_10pct,0.27009676695486823,0.042763536350665765,-0.030317608567782983,0.042763536350665765
2026-04-25T01:40:17.175501+00:00,KAT,R7_STAIRCASE,p_gain_10pct,0.3771723069344678,0.011428908293626971,-0.008979261768794822,0.011428908293626971
2026-04-25T01:55:32.136937+00:00,KAT,R7_STAIRCASE,p_gain_10pct,0.057273458198704,0.0073207402819046585,-0.0301120554947506,0.0073207402819046585
2026-04-25T02:13:39.139023+00:00,KAT,R7_STAIRCASE,p_gain_10pct,0.04754810877796771,0.013697930268126157,-0.0029064584340544597,0.013697930268126157
2026-04-25T02:37:26.736036+00:00,KAT,R5_CONFIRMED_RUN,p_gain_10pct,0.4442913076735798,0.15248580822681057,0.07177019566507736,0.15248580822681057
2026-04-25T03:23:00.880880+00:00,KAT,R7_STAIRCASE,p_gain_10pct,0.25860474239291226,0.0070632083803487955,-0.007993268464295378,0.0070632083803487955
2026-04-25T03:30:59.623385+00:00,KAT,R5_CONFIRMED_RUN,p_gain_10pct,0.09423124985862155,0.1830025108206148,0.10014962739130118,0.1830025108206148
2026-04-25T03:31:07.835027+00:00,KAT,R7_STAIRCASE,p_gain_10pct,0.36790632534739615,0.00017675905394098912,-0.014330924311175774,0.00017675905394098912
2026-04-25T03:47:01.113930+00:00,KAT,R5_CONFIRMED_RUN,p_gain_10pct,0.0972518004340086,0.15778428832085178,0.07669759087166605,0.15778428832085178
2026-04-25T04:13:50.359425+00:00,AXS,R7_STAIRCASE,p_gain_10pct,0.3386960062206603,0.0,-0.004792968183406798,0.0
2026-04-25T04:14:50.580125+00:00,KAT,R5_CONFIRMED_RUN,p_gain_10pct,0.10217850524759077,0.12739112739112723,0.04843304843304841,0.12739112739112723
2026-04-25T04:15:00.894210+00:00,KAT,R7_STAIRCASE,p_gain_10pct,0.24600220717366647,0.02568300780029542,0.017529724749418607,0.02568300780029542
2026-04-25T04:20:00.418975+00:00,KAT,R7_STAIRCASE,p_gain_10pct,0.24464829032050145,0.014764726629708402,-0.011572069263945162,0.014764726629708402
2026-04-25T04:23:17.835503+00:00,AXS,R5_CONFIRMED_RUN,p_gain_10pct,0.27599386254370706,0.1926576949303178,0.10889243876464305,0.1926576949303178
2026-04-25T04:24:54.181148+00:00,AXS,R7_STAIRCASE,p_gain_10pct,0.5598152030590704,0.03540519276160525,0.009441384736428082,0.03540519276160525
2026-04-25T04:34:40.003397+00:00,KAT,R7_STAIRCASE,p_gain_10pct,0.040471600842549846,0.020690011840524214,0.007685081187729814,0.020690011840524214
2026-04-25T04:46:27.302323+00:00,KAT,R7_STAIRCASE,p_gain_10pct,0.584678970792619,0.014491911491260723,-0.004088526448139618,0.014491911491260723
2026-04-25T05:09:34.154420+00:00,AXS,R7_STAIRCASE,p_gain_10pct,0.35179953913747936,0.0015723270440253234,-0.002358490566037652,0.0015723270440253234
2026-04-25T05:12:59.683956+00:00,AXS,R5_CONFIRMED_RUN,p_gain_10pct,0.729299645900491,0.18135142898176082,0.09838025838437936,0.18135142898176082
2026-04-25T05:21:04.842414+00:00,AXS,R7_STAIRCASE,p_gain_10pct,0.3448765602118805,0.013117887134849404,0.006173438555859612,0.013117887134849404
2026-04-25T05:28:25.619907+00:00,AXS,R5_CONFIRMED_RUN,p_gain_10pct,0.2985787657454846,0.1403515406814373,0.06025996090113539,0.1403515406814373
2026-04-25T05:35:24.784814+00:00,AXS,R7_STAIRCASE,p_gain_10pct,0.40976219663740965,0.047301718252162006,0.04064983719057458,0.047301718252162006
2026-04-25T05:40:27.913727+00:00,AXS,R7_STAIRCASE,p_gain_10pct,0.46528059470635663,0.02504370855910265,0.02504370855910265,0.02504370855910265
2026-04-25T05:45:32.425454+00:00,AXS,R7_STAIRCASE,p_gain_10pct,0.739198146058621,0.007901183867678796,-0.029199473207205062,0.007901183867678796
2026-04-25T05:51:48.804256+00:00,KAT,R7_STAIRCASE,p_gain_10pct,0.2936228024820785,0.021873967833719865,0.01602991736408277,0.021873967833719865
2026-04-25T06:04:45.020718+00:00,AXS,R7_STAIRCASE,p_gain_10pct,0.28661952502957727,0.01471418757558407,-0.008411204820820806,0.01471418757558407
2026-04-25T06:09:48.356713+00:00,SAFE,R5_CONFIRMED_RUN,p_gain_10pct,0.3084121806656188,0.13418980409253156,0.13127264924661453,0.13418980409253156
2026-04-25T06:11:59.504462+00:00,KAT,R7_STAIRCASE,p_gain_10pct,0.10178109813886026,0.00205744500154581,-0.018921590177057968,0.00205744500154581
2026-04-25T06:13:39.818752+00:00,AXS,R5_CONFIRMED_RUN,p_gain_10pct,0.23602349390933924,0.03317109123366224,-0.03939276467238095,0.03317109123366224
2026-04-25T06:14:06.112818+00:00,AXS,R7_STAIRCASE,p_gain_10pct,0.288512433025905,0.035318062345089274,0.029777898800767755,0.035318062345089274
2026-04-25T06:33:04.844399+00:00,AXS,R7_STAIRCASE,p_gain_10pct,0.3733744563732318,0.0013486176668915384,-0.04720161834120018,0.0013486176668915384
2026-04-25T06:39:03.511118+00:00,KAT,R7_STAIRCASE,p_gain_10pct,0.04304657900422994,0.011461379487069046,0.008127349393992622,0.011461379487069046
2026-04-25T06:48:13.603283+00:00,KAT,R7_STAIRCASE,p_gain_10pct,0.10473695637809434,0.02093908860395932,0.02093908860395932,0.02093908860395932
2026-04-25T06:49:23.985134+00:00,KAT,R5_CONFIRMED_RUN,p_gain_10pct,0.08222634393741761,0.02429433374316292,-0.04757892605300562,0.02429433374316292
2026-04-25T06:56:29.885079+00:00,SAFE,R7_STAIRCASE,p_gain_10pct,0.5644581611481316,0.0,-0.019935212223205157,0.0
2026-04-25T06:58:27.659492+00:00,SAPIEN,R7_STAIRCASE,p_gain_10pct,0.3211432769027393,0.03775491775625506,-0.006921002536748211,0.03775491775625506
2026-04-25T07:00:45.717104+00:00,SAPIEN,R5_CONFIRMED_RUN,p_gain_10pct,0.4266124610390337,0.0054928400217346685,-0.028937102743941012,0.0054928400217346685
2026-04-25T07:04:20.059639+00:00,KAT,R7_STAIRCASE,p_gain_10pct,0.46057113147005774,0.00832284783030457,0.0034241133469183893,0.00832284783030457
2026-04-25T07:09:00.987152+00:00,AXS,R7_STAIRCASE,p_gain_10pct,0.23855432077763306,0.016031221153733677,0.0024936382631861598,0.016031221153733677
2026-04-25T07:24:01.205791+00:00,AXS,R7_STAIRCASE,p_gain_10pct,0.28493820180204216,0.010902846657409482,-0.0010563380281689572,0.010902846657409482
2026-04-25T07:25:12.882515+00:00,KAT,R7_STAIRCASE,p_gain_10pct,0.04548112678914213,0.010652021970274594,0.010248245693019298,0.010652021970274594
2026-04-25T07:30:51.589741+00:00,KAT,R7_STAIRCASE,p_gain_10pct,0.03712267198973902,0.008716798692959271,-0.005150085813817373,0.008716798692959271
2026-04-25T07:36:51.684874+00:00,KAT,R7_STAIRCASE,p_gain_10pct,0.4945738885093728,0.010296871114951145,0.0027721198208763287,0.010296871114951145
2026-04-25T07:43:23.127751+00:00,AXS,R7_STAIRCASE,p_gain_10pct,0.4150630105761629,0.01580598628396368,0.012996011218171066,0.01580598628396368
2026-04-25T07:51:03.404362+00:00,AXS,R7_STAIRCASE,p_gain_10pct,0.3863836497674622,0.01577359683197832,0.013030116489420651,0.01577359683197832
2026-04-25T07:55:04.985851+00:00,BIGTIME,R5_CONFIRMED_RUN,p_gain_10pct,0.8321883377174799,0.08236683852597593,-0.028248673543162295,0.08236683852597593
2026-04-25T07:55:15.305313+00:00,AXS,R5_CONFIRMED_RUN,p_gain_10pct,0.49033879699023764,0.2172726136063683,0.136347786221364,0.2172726136063683
2026-04-25T08:03:47.647096+00:00,KAT,R7_STAIRCASE,p_gain_10pct,0.011845258565650064,0.022003361484443262,0.016646085799242538,0.022003361484443262
2026-04-25T08:06:42.666486+00:00,KAT,R5_CONFIRMED_RUN,p_gain_10pct,0.18361391297956223,0.011745646010530297,-0.05913325232887823,0.011745646010530297
2026-04-25T08:11:04.948630+00:00,AXS,R7_STAIRCASE,p_gain_10pct,0.3084366115259228,0.0006811976422371746,-0.014315387063572826,0.0006811976422371746
2026-04-25T08:20:34.156228+00:00,AXS,R5_CONFIRMED_RUN,p_gain_10pct,0.5790971948905488,0.17964280734217053,0.0964756607444428,0.17964280734217053
2026-04-25T08:21:51.649236+00:00,AXS,R7_STAIRCASE,p_gain_10pct,0.3640561394289281,0.010546692796624901,0.010546692796624901,0.010546692796624901
2026-04-25T08:27:06.389473+00:00,AXS,R7_STAIRCASE,p_gain_10pct,0.2526853216785985,0.018416907609794197,0.01453968588031529,0.018416907609794197
2026-04-25T08:32:34.596352+00:00,AXS,R7_STAIRCASE,p_gain_10pct,0.23134238246758698,0.002840904550401868,-0.014209916874573514,0.002840904550401868
2026-04-25T08:55:04.870507+00:00,AXS,R7_STAIRCASE,p_gain_10pct,0.3505945103415964,0.0038885288399221896,-0.0006480881399869576,0.0038885288399221896
2026-04-25T09:08:14.986425+00:00,AXS,R5_CONFIRMED_RUN,p_gain_10pct,0.8359831414678872,0.11229611041405252,0.03387703889585936,0.11229611041405252
2026-04-25T09:10:08.653700+00:00,AXS,R7_STAIRCASE,p_gain_10pct,0.5486688134865386,0.00742419566095287,-0.004952022958960467,0.00742419566095287
2026-04-25T09:21:34.307033+00:00,KAT,R7_STAIRCASE,p_gain_10pct,0.28232662361398153,0.01390946153349537,-0.03231351096359936,0.01390946153349537
2026-04-25T09:30:10.037142+00:00,KAT,R7_STAIRCASE,p_gain_10pct,0.15578464008292855,0.0,-0.028745829002140955,0.0
2026-04-25T09:45:19.483929+00:00,AXS,R5_CONFIRMED_RUN,p_gain_10pct,0.4023317637822431,0.07552310390941641,-0.0003033980582525242,0.07552310390941641
2026-04-25T09:55:33.269984+00:00,AXS,R7_STAIRCASE,p_gain_10pct,0.44993283853990523,0.016918429003021318,0.007250755287009136,0.016918429003021318
2026-04-25T09:58:25.839402+00:00,AXS,R5_CONFIRMED_RUN,p_gain_10pct,0.40067549225690846,0.05913978494623651,-0.015531660692950977,0.05913978494623651
2026-04-25T10:01:27.511551+00:00,KAT,R7_STAIRCASE,p_gain_10pct,0.18401877355583676,0.0011788000747949834,-0.027116408594299535,0.0011788000747949834
2026-04-25T10:06:03.127609+00:00,AXS,R7_STAIRCASE,p_gain_10pct,0.6747566832958591,0.018965853800321675,-0.012068639208825171,0.018965853800321675
2026-04-25T10:13:30.042157+00:00,KAT,R7_STAIRCASE,p_gain_10pct,0.035402674330099,0.012850793650793557,-0.010471428571428687,0.012850793650793557
2026-04-25T10:20:02.307560+00:00,AXS,R7_STAIRCASE,p_gain_10pct,0.29705007996545535,0.011262951656519027,-0.017782701702900305,0.011262951656519027
2026-04-25T10:42:55.311058+00:00,AXS,R7_STAIRCASE,p_gain_10pct,0.3096662596547439,0.04429573152636457,0.030946221884539993,0.04429573152636457
2026-04-25T10:47:42.068161+00:00,AXS,R5_CONFIRMED_RUN,p_gain_10pct,0.8024505570172936,0.05387078840023252,-0.020312295029057736,0.05387078840023252
2026-04-25T10:49:20.263158+00:00,AXS,R7_STAIRCASE,p_gain_10pct,0.6249440729208117,0.004955079627324777,-0.016030061246563698,0.004955079627324777
2026-04-25T10:59:09.879037+00:00,AXS,R5_CONFIRMED_RUN,p_gain_10pct,0.7107170178506961,0.027849130614721496,-0.04450226070229246,0.027849130614721496
2026-04-25T11:13:15.175631+00:00,AXS,R7_STAIRCASE,p_gain_10pct,0.12362013205243418,0.0037324973242740533,-0.0031581147855035407,0.0037324973242740533
2026-04-25T11:40:17.372353+00:00,HYPER,R7_STAIRCASE,p_gain_10pct,0.5747865037875491,0.05275208071818205,0.021947338049032927,0.05275208071818205
2026-04-25T11:52:35.775750+00:00,AXS,R7_STAIRCASE,p_gain_10pct,0.252354042663842,0.001192249417581337,-0.008944896645610378,0.001192249417581337
2026-04-25T12:05:12.661745+00:00,HYPER,R5_CONFIRMED_RUN,p_gain_10pct,0.693945547369725,0.5226480836236935,0.28710801393728236,0.5226480836236935
2026-04-25T12:29:24.277801+00:00,HYPER,R6_LOCAL_BREAKOUT,p_gain_10pct,0.7183438758502941,0.025363975201638134,0.012951674449197315,0.025363975201638134
2026-04-25T12:31:45.834335+00:00,SAPIEN,R7_STAIRCASE,p_gain_10pct,0.12865119146462542,0.004101900741508624,-0.07173371126478112,0.004101900741508624
2026-04-25T12:35:58.196793+00:00,HYPER,R7_STAIRCASE,p_gain_10pct,0.3177106563174197,0.13772447374131946,-0.08825832790798604,0.13772447374131946
2026-04-25T12:50:06.303498+00:00,SAPIEN,R7_STAIRCASE,p_gain_10pct,0.25791346579145147,0.005558556200437659,-0.007436717876168619,0.005558556200437659
2026-04-25T12:50:17.472740+00:00,AXS,R7_STAIRCASE,p_gain_10pct,0.15195348355107824,0.0048150982460830605,-0.005457771767934272,0.0048150982460830605
2026-04-25T12:56:00.298439+00:00,HYPER,R7_STAIRCASE,p_gain_10pct,0.4016877771010999,0.01784579823591126,0.004163475991945331,0.01784579823591126
2026-04-25T13:05:46.761950+00:00,HYPER,R5_CONFIRMED_RUN,p_gain_10pct,0.6780004496200538,0.0196282996628383,-0.0704004824429153,0.0196282996628383
2026-04-25T13:09:59.408258+00:00,AXS,R7_STAIRCASE,p_gain_10pct,0.19462490791546486,0.020143380676540756,0.009747015013594984,0.020143380676540756
2026-04-25T13:17:21.513661+00:00,AXS,R5_CONFIRMED_RUN,p_gain_10pct,0.29512200150387613,0.019230349877246367,-0.01346194436409931,0.019230349877246367
2026-04-25T13:54:38.590506+00:00,ORCA,R7_STAIRCASE,p_gain_10pct,0.5760376936175908,0.17537117768615573,0.11625104366998329,0.20960349315717886
2026-04-25T14:07:39.910138+00:00,AXS,R7_STAIRCASE,p_gain_10pct,0.07146385641581113,0.006302156096819056,-0.0023213956693369786,0.006302156096819056
2026-04-25T14:14:02.592246+00:00,ORCA,R7_STAIRCASE,p_gain_10pct,0.4397527922301009,0.0907754392935729,0.04778123957539626,0.0907754392935729
2026-04-25T14:23:22.060972+00:00,AXS,R5_CONFIRMED_RUN,p_gain_10pct,0.19618090908386898,0.03179883587914678,0.0006501917771348786,0.03179883587914678
2026-04-25T14:58:13.906043+00:00,AXS,R7_STAIRCASE,p_gain_10pct,0.08452403200789267,0.0032129527196782526,-0.005784472865251633,0.0032129527196782526
2026-04-25T15:06:05.309595+00:00,AXS,R5_CONFIRMED_RUN,p_gain_10pct,0.10953372706278512,0.0,-0.030817993909512453,0.0
2026-04-25T15:06:45.970195+00:00,AXS,R7_STAIRCASE,p_gain_10pct,0.07066055781738918,0.005381550572786997,-0.021209145349163405,0.005381550572786997
2026-04-25T15:13:20.411944+00:00,HYPER,R5_CONFIRMED_RUN,p_gain_10pct,0.6867798540140032,0.039822371594163464,-0.03318643321989467,0.039822371594163464
2026-04-25T15:20:39.630421+00:00,HYPER,R7_STAIRCASE,p_gain_10pct,0.5990016485252144,0.005106081627933801,-0.07014250202335548,0.005106081627933801
2026-04-25T15:28:23.187027+00:00,AXS,R7_STAIRCASE,p_gain_10pct,0.048853945510293,0.0016124872610800978,-0.00548199912647418,0.0016124872610800978
2026-04-25T15:28:34.571349+00:00,HYPER,R7_STAIRCASE,p_gain_10pct,0.42322670859309686,0.0031203249108411324,-0.03943285629295601,0.0031203249108411324
2026-04-25T15:33:03.888174+00:00,ORCA,R7_STAIRCASE,p_gain_10pct,0.7002817725440578,0.03345895307298985,-0.012552251054521513,0.03345895307298985
2026-04-25T15:57:04.083579+00:00,GODS,R7_STAIRCASE,p_gain_10pct,0.7801877216499131,0.09381844910763548,0.04404970967323796,0.09381844910763548
2026-04-25T15:58:28.140161+00:00,HYPER,R7_STAIRCASE,p_gain_10pct,0.16848681732867143,0.0037822833221072827,-0.0160024109578647,0.0037822833221072827
2026-04-25T16:01:54.577563+00:00,BLEND,R7_STAIRCASE,p_gain_10pct,0.3056007519876102,0.044979338842975114,0.0322578512396694,0.044979338842975114
2026-04-25T16:12:02.816401+00:00,HYPER,R7_STAIRCASE,p_gain_10pct,0.2219859314371096,0.006586826347305452,-0.02694610778443096,0.006586826347305452
2026-04-25T16:13:02.459749+00:00,AXS,R7_STAIRCASE,p_gain_10pct,0.042223198776385654,0.00698381605583176,0.0029931272207359694,0.00698381605583176
2026-04-25T16:29:43.116747+00:00,BLEND,R7_STAIRCASE,p_gain_10pct,0.39777274953506914,0.058158923491150594,0.04079782548473321,0.058158923491150594
2026-04-25T16:37:37.637432+00:00,BLEND,R7_STAIRCASE,p_gain_10pct,0.4939740308094084,0.010962074383595644,-0.0020302093032619206,0.010962074383595644
2026-04-25T17:16:31.894260+00:00,AXS,R5_CONFIRMED_RUN,p_gain_10pct,0.16641068713312185,0.03574953745535914,0.00885547093498551,0.03574953745535914
2026-04-25T17:17:02.550533+00:00,AXS,R7_STAIRCASE,p_gain_10pct,0.1366400059147303,0.018583959942463313,0.01727975512819624,0.018583959942463313
2026-04-25T17:37:50.828962+00:00,AXS,R7_STAIRCASE,p_gain_10pct,0.053839710363386646,0.009162303664921545,0.0019633507853404897,0.009162303664921545
2026-04-25T18:50:57.446743+00:00,ORCA,R7_STAIRCASE,p_gain_10pct,0.2710440575803769,0.011492100207677103,0.009684480932350636,0.011492100207677103
2026-04-25T19:06:21.870221+00:00,HYPER,R7_STAIRCASE,p_gain_10pct,0.31872948515254224,0.018642305407011284,-0.0022107938972264485,0.018642305407011284
2026-04-25T19:28:17.215097+00:00,HYPER,R5_CONFIRMED_RUN,p_gain_10pct,0.6913192123774916,0.00889601304744203,-0.062266163071945324,0.00889601304744203
2026-04-25T20:00:32.817570+00:00,BAL,R5_CONFIRMED_RUN,p_gain_10pct,0.8468582895356342,0.11469629592893837,0.03021405034274527,0.11469629592893837
2026-04-25T20:13:32.577357+00:00,BAL,R7_STAIRCASE,p_gain_10pct,0.275303503561754,0.05875914470736188,-0.005739347329534739,0.05875914470736188
2026-04-25T20:34:53.273500+00:00,BAL,R7_STAIRCASE,p_gain_10pct,0.6179584457805014,0.005628500055769647,-0.014507759662661712,0.005628500055769647
2026-04-25T20:58:42.743224+00:00,MEZO,R7_STAIRCASE,p_gain_10pct,0.3901707955727179,0.10266244649506495,0.043289917258130695,0.10266244649506495
2026-04-25T20:59:58.376164+00:00,MEZO,R5_CONFIRMED_RUN,p_gain_10pct,0.14015428865619656,0.005514537955369159,-0.06842335819328893,0.005514537955369159
2026-04-25T21:18:01.767812+00:00,BAL,R7_STAIRCASE,p_gain_10pct,0.5974972257022415,0.04128834404253645,0.0149340271235745,0.04128834404253645
2026-04-25T22:05:26.782724+00:00,AXS,R7_STAIRCASE,p_gain_10pct,0.38064825941302755,0.005406320240509022,-0.005404500407238277,0.005406320240509022
2026-04-25T22:17:24.191026+00:00,RAVE,R7_STAIRCASE,p_gain_10pct,0.6262458442132826,0.04261039730952998,0.0413655465412508,0.05984679256262648
2026-04-25T22:22:38.089064+00:00,RAVE,R7_STAIRCASE,p_gain_10pct,0.7855776158729624,0.00831362234163513,-0.07030714528402726,0.00831362234163513
2026-04-25T22:36:30.406107+00:00,MEZO,R7_STAIRCASE,p_gain_10pct,0.059844062648649395,0.025855805402593246,0.0121613764402555,0.025855805402593246
2026-04-25T22:54:04.658432+00:00,AXS,R5_CONFIRMED_RUN,p_gain_10pct,0.4104183681991159,0.007061808166780592,-0.06355533082052423,0.007061808166780592
2026-04-25T22:54:53.744101+00:00,AXS,R7_STAIRCASE,p_gain_10pct,0.2787929225891591,0.009541492989768807,-0.008925729442970765,0.009541492989768807
2026-04-26T00:00:21.720274+00:00,ORCA,R5_CONFIRMED_RUN,p_gain_10pct,0.8156017353165106,0.057366484560922526,-0.01883859339725069,0.057366484560922526
2026-04-26T00:17:15.936767+00:00,HYPER,R7_STAIRCASE,p_gain_10pct,0.3550168701676089,0.017286783717993526,0.005318703909546585,0.017286783717993526
2026-04-26T00:20:35.008642+00:00,AXS,R7_STAIRCASE,p_gain_10pct,0.31287894930160354,0.011171298131266383,0.002872543790542581,0.011171298131266383
2026-04-26T00:23:58.620308+00:00,AXS,R5_CONFIRMED_RUN,p_gain_10pct,0.2514808598396287,0.00667271659638069,-0.06387063664995662,0.00667271659638069
2026-04-26T00:32:09.927602+00:00,AXS,R7_STAIRCASE,p_gain_10pct,0.1530313027859827,0.009934217768614362,0.003973950253914449,0.009934217768614362
2026-04-26T01:08:20.762719+00:00,ORCA,R7_STAIRCASE,p_gain_10pct,0.13784129740133028,0.005065384677914508,-0.00041160644491966547,0.005065384677914508
2026-04-26T01:15:31.124573+00:00,MEZO,R7_STAIRCASE,p_gain_10pct,0.19265554072020694,0.009050063065628944,-0.005674937854683759,0.009050063065628944
2026-04-26T01:19:27.967113+00:00,AXS,R7_STAIRCASE,p_gain_10pct,0.15469346854476065,0.0,-0.010781671159029838,0.0
2026-04-26T02:04:19.529942+00:00,HYPER,R7_STAIRCASE,p_gain_10pct,0.5327300827002812,0.003217353504803011,-0.018218914732479052,0.003217353504803011
2026-04-26T02:15:43.712593+00:00,BASED1,R7_STAIRCASE,p_gain_10pct,0.4876600595049319,0.0018771496458880321,-0.004866974772072541,0.0018771496458880321
2026-04-26T02:18:03.694574+00:00,ORCA,R7_STAIRCASE,p_gain_10pct,0.18207731848592523,0.023941566197519082,-0.01090744006361577,0.023941566197519082
2026-04-26T02:43:31.261324+00:00,BASED1,R5_CONFIRMED_RUN,p_gain_10pct,0.28405928806445,0.018450184501845213,-0.015498154981549717,0.018450184501845213
2026-04-26T02:53:15.663895+00:00,ORCA,R7_STAIRCASE,p_gain_10pct,0.3589353464096469,0.04801028939089802,0.019481120401923402,0.04801028939089802
2026-04-26T03:21:43.861844+00:00,RAVE,R7_STAIRCASE,p_gain_10pct,0.4874464781263547,0.0,-0.03058845017573364,0.0
2026-04-26T03:27:43.340831+00:00,ORCA,R7_STAIRCASE,p_gain_10pct,0.17450607166110244,0.003110750124001971,-0.017282372145492664,0.003110750124001971
2026-04-26T03:41:25.679418+00:00,ORCA,R7_STAIRCASE,p_gain_10pct,0.5227524261637763,0.00805487767260571,-0.0010226664094230564,0.00805487767260571
2026-04-26T03:46:12.328316+00:00,ORCA,R5_CONFIRMED_RUN,p_gain_10pct,0.15514633238356496,0.11401325715189836,0.0352684343463614,0.11401325715189836
2026-04-26T03:59:31.525634+00:00,ORCA,R5_CONFIRMED_RUN,p_gain_10pct,0.2853860594887589,0.06428299232338142,-0.010946611191134159,0.06428299232338142
2026-04-26T04:02:01.565720+00:00,BASED1,R5_CONFIRMED_RUN,p_gain_10pct,0.250552548126195,0.0047362837424689275,-0.04043677615023089,0.0047362837424689275
2026-04-26T04:07:43.274475+00:00,ORCA,R7_STAIRCASE,p_gain_10pct,0.3477808353247369,0.027747999918370736,-0.01633411441888377,0.027747999918370736
2026-04-26T04:15:05.502304+00:00,ORCA,R7_STAIRCASE,p_gain_10pct,0.2090495462070432,0.04514650186996727,0.039531747063298095,0.18024437772839197
2026-04-26T04:20:06.217018+00:00,ORCA,R7_STAIRCASE,p_gain_10pct,0.3735834450144181,0.04260892741269684,0.04205806941755075,0.04260892741269684
2026-04-26T04:25:08.014616+00:00,ORCA,R7_STAIRCASE,p_gain_10pct,0.5634431930687097,0.08798975018738986,0.07013826787848987,0.08798975018738986
2026-04-26T04:35:25.881897+00:00,ORCA,R7_STAIRCASE,p_gain_10pct,0.5483635609614914,0.013637691592045753,-0.004979530747849625,0.013637691592045753
2026-04-26T04:45:47.104308+00:00,ORCA,R7_STAIRCASE,p_gain_10pct,0.3814802934452394,0.014960136573683336,-0.07032262381062371,0.014960136573683336
2026-04-26T04:55:40.911495+00:00,ORCA,R7_STAIRCASE,p_gain_10pct,0.10510678594462522,0.0004221529637973287,-0.043020496358451954,0.0004221529637973287
2026-04-26T05:04:45.433234+00:00,ORCA,R7_STAIRCASE,p_gain_10pct,0.08357338616513385,0.033190272886464145,-0.027251358077393983,0.033190272886464145
2026-04-26T05:52:49.070175+00:00,ORCA,R7_STAIRCASE,p_gain_10pct,0.35588730401663654,0.01873332076826939,-0.060463024898932405,0.01873332076826939
2026-04-26T06:01:11.966648+00:00,ORCA,R7_STAIRCASE,p_gain_10pct,0.7201708321671549,0.030328217076727393,0.010881987368760893,0.030328217076727393
2026-04-26T06:06:33.403046+00:00,ORCA,R7_STAIRCASE,p_gain_10pct,0.44391196498088936,0.026722055725962646,0.012627666365416124,0.026722055725962646
2026-04-26T06:12:14.454978+00:00,ORCA,R7_STAIRCASE,p_gain_10pct,0.48053957864854907,0.052697794596619385,0.042309329518363414,0.052697794596619385
2026-04-26T06:13:57.768134+00:00,ORCA,R5_CONFIRMED_RUN,p_gain_10pct,0.49003608442675894,0.07530332750091806,-0.003326778427388044,0.07530332750091806
2026-04-26T06:24:46.696286+00:00,ORCA,R5_CONFIRMED_RUN,p_gain_10pct,0.6684481959360826,0.06287638232535975,-0.014845019992970276,0.06287638232535975
2026-04-26T07:08:06.437616+00:00,ORCA,R7_STAIRCASE,p_gain_10pct,0.18586684215904845,0.050985127787236184,0.03368830166893866,0.050985127787236184
2026-04-26T07:10:53.224109+00:00,ORCA,R5_CONFIRMED_RUN,p_gain_10pct,0.6137851600747056,0.037287687661973656,-0.03548315274693403,0.037287687661973656
2026-04-26T07:13:41.605082+00:00,ORCA,R7_STAIRCASE,p_gain_10pct,0.5868095532499511,0.02020789994006078,-0.011761198824503327,0.02020789994006078
2026-04-26T07:20:07.386191+00:00,INJ,R7_STAIRCASE,p_gain_10pct,0.5669452531916425,0.06375495022623845,0.03606887344145804,0.06375495022623845
2026-04-26T07:28:47.157294+00:00,INJ,R7_STAIRCASE,p_gain_10pct,0.35455158221111027,0.02037865625708557,-0.018422746315386207,0.02037865625708557
2026-04-26T07:30:36.788145+00:00,ORCA,R7_STAIRCASE,p_gain_10pct,0.27534500713908966,0.02416968035098921,0.019806870211048988,0.02416968035098921
2026-04-26T07:40:32.484756+00:00,ORCA,R5_CONFIRMED_RUN,p_gain_10pct,0.5373628145187034,0.09744138291814042,0.020216165604374448,0.09744138291814042
2026-04-26T07:45:23.912403+00:00,INJ,R7_STAIRCASE,p_gain_10pct,0.3243470858526921,0.0058053412351699585,-0.023220408888304234,0.0058053412351699585
2026-04-26T08:04:13.603443+00:00,ORCA,R5_CONFIRMED_RUN,p_gain_10pct,0.5545063220133557,0.095827131499016,0.01871550650879583,0.095827131499016
2026-04-26T08:04:14.305553+00:00,ORCA,R7_STAIRCASE,p_gain_10pct,0.48527874576127905,0.03665672581092383,0.03544540869307222,0.03665672581092383
2026-04-26T08:17:32.707683+00:00,ORCA,R5_CONFIRMED_RUN,p_gain_10pct,0.35071018854634567,0.09020496900349051,0.01342997118634326,0.09020496900349051
2026-04-26T08:22:25.312064+00:00,ORCA,R7_STAIRCASE,p_gain_10pct,0.7593730045246808,0.0,-0.007225415752866837,0.0
2026-04-26T08:28:28.281972+00:00,ORCA,R5_CONFIRMED_RUN,p_gain_10pct,0.3050599911278149,0.06192057762531755,-0.012862561644071069,0.06192057762531755
2026-04-26T08:51:55.035876+00:00,ORCA,R7_STAIRCASE,p_gain_10pct,0.2789863995652619,0.0,-0.032439897245174376,0.0
2026-04-26T10:31:47.433731+00:00,ORCA,R7_STAIRCASE,p_gain_10pct,0.12941953395778272,0.0069694846776438,8.584956313528735e-05,0.0069694846776438
2026-04-26T10:57:34.120319+00:00,GODS,R5_CONFIRMED_RUN,p_gain_10pct,0.6249549890872516,0.002883431302107553,-0.06731840888904006,0.002883431302107553
2026-04-26T12:36:47.649721+00:00,OPG,R5_CONFIRMED_RUN,p_gain_10pct,0.21486762026478834,0.131696638190951,0.05172135052616067,0.131696638190951
2026-04-26T12:44:40.525907+00:00,OPG,R7_STAIRCASE,p_gain_10pct,0.6922209099233689,0.044085220235355216,0.039429321817360474,0.044085220235355216
2026-04-26T12:46:50.364578+00:00,OPG,R5_CONFIRMED_RUN,p_gain_10pct,0.8081057592373248,0.0490909757403275,-0.02504669485087163,0.0490909757403275
2026-04-26T13:31:10.938293+00:00,ORCA,R5_CONFIRMED_RUN,p_gain_10pct,0.3368561599417182,0.0,-0.07024048678024764,0.0
2026-04-26T13:31:38.541211+00:00,OPG,R7_STAIRCASE,p_gain_10pct,0.2721884050999102,0.0043191947474126025,-0.0016393884311541873,0.0043191947474126025
2026-04-26T13:37:16.297381+00:00,OPG,R5_CONFIRMED_RUN,p_gain_10pct,0.35515298025432335,0.0,-0.073127067925709,0.0
2026-04-26T14:06:20.950521+00:00,OPG,R7_STAIRCASE,p_gain_10pct,0.21459479878613674,0.01872965893597134,0.005024775631899958,0.01872965893597134
2026-04-26T14:13:21.289797+00:00,OPG,R5_CONFIRMED_RUN,p_gain_10pct,0.22766160238145028,0.008691408697521386,-0.06474971912740968,0.008691408697521386
2026-04-26T15:03:23.116069+00:00,ORCA,R5_CONFIRMED_RUN,p_gain_10pct,0.4427272180073062,0.006354037996368689,-0.06409074466337716,0.006354037996368689
2026-04-26T15:03:40.832613+00:00,TRAC,R7_STAIRCASE,p_gain_10pct,0.5618351358969729,0.031581727209706756,0.015076419574351574,0.031581727209706756
2026-04-26T15:11:01.342301+00:00,TRAC,R7_STAIRCASE,p_gain_10pct,0.371704594541451,0.03996590279418455,0.039682456104952024,0.03996590279418455
2026-04-26T15:20:48.891705+00:00,OPG,R7_STAIRCASE,p_gain_10pct,0.5821113880046923,0.0,-0.0051884863693268946,0.0
2026-04-26T15:29:01.590154+00:00,OPG,R7_STAIRCASE,p_gain_10pct,0.255483317472413,0.004881920360461756,-0.005702536508959133,0.004881920360461756
2026-04-26T15:32:48.493457+00:00,TRAC,R7_STAIRCASE,p_gain_10pct,0.3062661096376002,0.07537240951580237,0.053512938678231814,0.07537240951580237
2026-04-26T15:52:45.436401+00:00,RAVE,R7_STAIRCASE,p_gain_10pct,0.24574882609679655,0.01418740649474226,0.002794412953923464,0.01418740649474226
2026-04-26T15:56:33.740860+00:00,OPG,R7_STAIRCASE,p_gain_10pct,0.19687458875019373,0.011238943669630963,0.011238943669630963,0.011238943669630963
2026-04-26T16:29:11.407269+00:00,OPG,R7_STAIRCASE,p_gain_10pct,0.24854927554935274,0.014556555102374746,0.010126177132495195,0.014556555102374746
2026-04-26T16:38:11.329404+00:00,OPG,R5_CONFIRMED_RUN,p_gain_10pct,0.19290211187209877,0.03519774276700671,-0.03726609922668367,0.03519774276700671
2026-04-26T16:53:55.623878+00:00,OPG,R7_STAIRCASE,p_gain_10pct,0.31232217103885573,0.015853543053165664,0.015853543053165664,0.015853543053165664
2026-04-26T16:57:58.801953+00:00,OPG,R5_CONFIRMED_RUN,p_gain_10pct,0.3326638192414728,0.010719565178201496,-0.06003080438427266,0.010719565178201496
2026-04-26T17:28:51.177203+00:00,ORCA,R5_CONFIRMED_RUN,p_gain_10pct,0.8202338780417435,0.0015968617726469514,-0.06868479364272673,0.0015968617726469514
2026-04-26T17:29:13.163802+00:00,ORCA,R7_STAIRCASE,p_gain_10pct,0.6670262595405576,0.0,-0.02621466983214571,0.0
2026-04-26T17:42:30.903768+00:00,CHIP,R7_STAIRCASE,p_gain_10pct,0.3693525108623935,0.0016477014123341682,-0.009256311539749484,0.0016477014123341682
2026-04-26T17:47:11.741686+00:00,AVNT,R7_STAIRCASE,p_gain_10pct,0.36530641570285843,0.003294669653498783,-0.007487004408449516,0.003294669653498783
2026-04-26T17:56:05.173243+00:00,AVNT,R7_STAIRCASE,p_gain_10pct,0.45419799413820766,0.047730604678700495,0.028756422816947014,0.047730604678700495
2026-04-26T18:16:17.700545+00:00,OPG,R7_STAIRCASE,p_gain_10pct,0.3686533202300847,0.00031969309462920315,-0.002237851662403978,0.00031969309462920315
2026-04-26T18:24:41.416141+00:00,RAVE,R5_CONFIRMED_RUN,p_gain_10pct,0.3026596678654082,0.03426782986125687,-0.011314092625856254,0.03426782986125687
2026-04-26T19:22:20.280698+00:00,ORCA,R7_STAIRCASE,p_gain_10pct,0.3075548455696539,0.0006639108047485909,-0.008966644571454574,0.0006639108047485909
2026-04-26T19:54:20.832554+00:00,RAVE,R5_CONFIRMED_RUN,p_gain_10pct,0.5009594347510401,0.011449825998956165,-0.04241124747806202,0.011449825998956165
2026-04-26T20:29:02.321550+00:00,ORCA,R7_STAIRCASE,p_gain_10pct,0.24825690923732294,0.00013933384125763837,-0.005507626011045597,0.00013933384125763837
2026-04-26T20:33:42.267441+00:00,CTX,R7_STAIRCASE,p_gain_10pct,0.5598543279483823,0.03356912912093546,0.024592463285306287,0.03356912912093546
2026-04-26T20:50:13.715931+00:00,CTX,R7_STAIRCASE,p_gain_10pct,0.5348494178565762,0.00479710808826761,0.0046013175371981685,0.00479710808826761
2026-04-26T20:50:26.090875+00:00,TRAC,R5_CONFIRMED_RUN,p_gain_10pct,0.3961840053759321,0.03705720443151672,-0.03595162276046193,0.03705720443151672
2026-04-26T20:58:59.470145+00:00,CTX,R7_STAIRCASE,p_gain_10pct,0.4543296236494014,0.006244055769992096,-0.07141449264894484,0.006244055769992096
2026-04-26T21:08:11.810947+00:00,AVNT,R7_STAIRCASE,p_gain_10pct,0.39799374153282796,0.009629155277673274,-0.004960861417090623,0.009629155277673274
2026-04-26T21:27:21.540427+00:00,AVNT,R5_CONFIRMED_RUN,p_gain_10pct,0.503153987576047,0.0069464517324437924,-0.06362871348279919,0.0069464517324437924
2026-04-26T23:16:58.133476+00:00,GWEI,R5_CONFIRMED_RUN,p_gain_10pct,0.3941505389274832,0.06516415142688992,-0.009783954309436238,0.06516415142688992
2026-04-26T23:17:01.307675+00:00,AVNT,R7_STAIRCASE,p_gain_10pct,0.1629551287574793,0.01810848333587467,0.009053599659735623,0.01810848333587467
