tree
version=v4
num_class=1
num_tree_per_iteration=1
label_index=0
max_feature_idx=11
objective=binary sigmoid:1
feature_names=Column_0 Column_1 Column_2 Column_3 Column_4 Column_5 Column_6 Column_7 Column_8 Column_9 Column_10 Column_11
feature_infos=[-0.44102000000000002:3.2280000000000002] [-0.20379:0.46565000000000001] [-310039.40999999997:302894.02000000002] [0:7727.0820000000003] [0:30] [56.82:64.310000000000002] [3.9600000000000002e-06:27.726509910000001] [0:7.583333333333333] [-306548.56:294510.96000000002] [0:388.56599999999997] [0:23] [1:273]
tree_sizes=876 884 883 867 870 864 884 882 861 866 880 861 884 885 881 882 889 884 881 851 883 883 870 881 877 879 888 895 865 877 886 889 873 886 884 885 887 886 882 765 888 880 887 895 879 884 889 885 867 885 881 886 886 870 670 880 884 882 886 778 884 876 673 887 859 885 886 881 784 575 881 886 885 880 575 679 884 869 869 672 866 876 865 681 885 573 883 574 892 889 673 680 784 883 891 887 887 778 871 678 579 892 579 887 887 759 678 886 781 887 679 891 890 880 886 865 891 888 880 889 885 869 866 676 756 675 885 889 868 859 651 677 789 679 879 889 861 883 869 887 666 879 679 885 888 890 889 576 681 778

Tree=0
num_leaves=7
num_cat=0
split_feature=0 2 6 11 5 8
split_gain=482.017 214 125.463 103.119 93.6977 50.8645
threshold=0.13120500000000004 -318.74499999999995 12.932435640000001 11.500000000000002 56.995000000000012 2839.4550000000004
decision_type=2 2 2 2 2 2
left_child=2 4 5 -3 -2 -1
right_child=1 3 -4 -5 -6 -7
leaf_value=-0.067318666148892134 -0.0023371338683035418 0.012442641921025892 0.038957743583943751 -0.027429090215942985 0.032113879501236113 -0.010745160807663225
leaf_weight=195.39516186714172 159.28802156448364 166.74539566040039 20.415899276733398 260.87097120285034 535.10715818405151 34.145161867141724
leaf_count=732 368 327 25 746 823 87
internal_value=-0.000758768 0.0103922 -0.0508163 -0.0117097 0.0241122 -0.0594141
internal_weight=1371.97 1122.01 249.956 427.616 694.395 229.54
internal_count=3108 2264 844 1073 1191 819
is_linear=0
shrinkage=1


Tree=1
num_leaves=7
num_cat=0
split_feature=1 4 8 3 8 8
split_gain=619.021 165.583 215.545 65.0052 11.3048 8.70786
threshold=0.029725000000000005 10.050000000000002 -26774.254999999997 0.55400000000000016 -861.14999999999998 -30.869999999999997
decision_type=2 2 2 2 2 2
left_child=1 3 -3 -1 -2 -6
right_child=4 2 -4 -5 5 -7
leaf_value=-0.033240044955848008 0.05596449467011446 0.026715148533754771 -0.040979998955614265 0.0073187432444585801 0.008719953354971265 0.041278915880437611
leaf_weight=72.432194843888283 182.56966383755207 86.081461608409882 485.25550805032253 413.45159567892551 24.139594793319702 99.769055113196373
leaf_count=219 178 139 1538 861 47 130
internal_value=-0.00144246 -0.0160195 -0.0305834 0.00099707 0.0483606 0.0358105
internal_weight=1363.7 1057.22 571.337 485.884 306.478 123.909
internal_count=3112 2757 1677 1080 355 177
is_linear=0
shrinkage=0.04


Tree=2
num_leaves=7
num_cat=0
split_feature=1 0 4 0 5 7
split_gain=617.453 334.305 152.637 44.4074 12.2951 28.8675
threshold=0.029725000000000005 0.14275000000000002 10.950000000000001 -0.28516999999999998 57.355000000000011 0.26006441223832533
decision_type=2 2 2 2 2 2
left_child=1 3 -3 -1 5 -2
right_child=4 2 -4 -5 -6 -7
leaf_value=0.010687852803454374 0.047077172298434812 0.01557296932043156 -0.018640706899116757 -0.058200971306605301 0.056944570336410538 0.0037856124980634983
leaf_weight=13.322783082723616 118.36074495315552 426.53179679811001 404.04481999576092 231.84480386972427 183.38218934834003 36.67546334862709
leaf_count=25 134 807 1086 837 168 76
internal_value=0.00154466 -0.0132329 -0.000979429 -0.0540776 0.0485554 0.0375242
internal_weight=1414.16 1075.74 830.577 245.168 338.418 155.036
internal_count=3133 2755 1893 862 378 210
is_linear=0
shrinkage=0.04


Tree=3
num_leaves=7
num_cat=0
split_feature=1 0 2 1 9 5
split_gain=529.244 371.482 122.623 22.6682 14.6911 9.72148
threshold=0.029725000000000005 0.14275000000000002 -318.74499999999995 0.013085000000000001 1.1000000000000003 57.315000000000005
decision_type=2 2 2 2 2 2
left_child=1 3 -3 -1 5 -2
right_child=4 2 -4 -5 -6 -7
leaf_value=-0.036022131121780203 0.034786423262699873 0.011988153054906664 -0.01882271351816401 -0.067369644016849667 0.023005646149282889 0.056410938977596976
leaf_weight=77.35583159327507 91.214499890804291 487.90127319097519 355.0082498639822 157.01979994773865 58.96996483206749 169.5852846801281
leaf_count=247 125 961 961 610 95 150
internal_value=0 -0.0134335 -0.000907615 -0.0577541 0.0450152 0.0494745
internal_weight=1397.05 1077.29 842.91 234.376 319.77 260.8
internal_count=3149 2779 1922 857 370 275
is_linear=0
shrinkage=0.04


Tree=4
num_leaves=7
num_cat=0
split_feature=4 8 9 11 5 8
split_gain=195.797 145.269 139.988 90.1523 59.4376 49.0454
threshold=10.15 -26774.254999999997 0.94850000000000001 50.500000000000007 56.915000000000006 -116.15999999999998
decision_type=2 2 2 2 2 2
left_child=4 3 -3 -2 -1 -6
right_child=1 2 -4 -5 5 -7
leaf_value=-0.022774150015452809 -0.033870916398132153 0.016167204644951576 -0.034779016483526513 0.052506544057979609 0.025799027283047136 0.0028659917471949626
leaf_weight=66.529039025306702 24.245817169547081 101.88212645053864 472.43480987846851 66.046310245990753 358.28134329617023 270.21244382858276
leaf_count=189 76 190 1466 66 575 588
internal_value=-0.00254299 -0.018087 -0.0255778 0.0282137 0.0122153 0.0161065
internal_weight=1359.63 664.609 574.317 90.2921 695.023 628.494
internal_count=3150 1798 1656 142 1352 1163
is_linear=0
shrinkage=0.04


Tree=5
num_leaves=7
num_cat=0
split_feature=0 4 2 9 2 0
split_gain=383.703 220.902 165.058 65.2969 49.0197 31.5232
threshold=0.12644500000000003 10.950000000000001 -37744.384999999987 0.89450000000000018 86.845000000000013 -0.28516999999999998
decision_type=2 2 2 2 2 2
left_child=3 4 -3 -1 -2 -5
right_child=1 2 -4 5 -6 -7
leaf_value=0 0.03086554350950018 0.040124407614808642 -0.02085266106276738 0.0033533507317703567 0.0052555628002728194 -0.059216129197928201
leaf_weight=40.463847026228905 502.13445819914341 82.996779829263687 416.02613589167595 11.026560589671133 168.45932225883007 186.52364578843117
leaf_count=92 743 106 1153 23 356 706
internal_value=8.94845e-05 0.00958482 -0.0104317 -0.0459289 0.0245858 -0.0553242
internal_weight=1407.63 1169.62 499.023 238.014 670.594 197.55
internal_count=3179 2358 1259 821 1099 729
is_linear=0
shrinkage=0.04


Tree=6
num_leaves=7
num_cat=0
split_feature=1 2 11 1 7 5
split_gain=520.442 123.473 77.8944 34.4544 16.1322 26.9691
threshold=0.029725000000000005 -318.74499999999995 135.50000000000003 0.013085000000000001 0.19460028050490888 57.355000000000011
decision_type=2 2 2 2 2 2
left_child=1 2 -1 -3 -2 -6
right_child=4 3 -4 -5 5 -7
leaf_value=-0.0056190530117079963 0.051620499568935684 -0.012148887108001848 0.038210949624102528 -0.034839575024566749 0.0036541745238317246 0.043416342434491349
leaf_weight=475.26404124498367 206.9253706485033 182.1492949873209 73.052488446235657 328.14325428009033 46.310030907392502 88.360208958387375
leaf_count=1139 198 477 95 1040 94 96
internal_value=0.000949412 -0.0128541 0.000192716 -0.0269753 0.0437854 0.030582
internal_weight=1400.2 1058.61 548.317 510.293 341.596 134.67
internal_count=3139 2751 1234 1517 388 190
is_linear=0
shrinkage=0.04


Tree=7
num_leaves=7
num_cat=0
split_feature=4 11 9 2 2 11
split_gain=228.438 116.325 88.9801 74.592 44.1174 14.1777
threshold=10.050000000000002 170.50000000000003 0.94850000000000001 86.845000000000013 536.72500000000014 96.500000000000014
decision_type=2 2 2 2 2 2
left_child=3 2 -2 5 -5 -1
right_child=1 -3 -4 4 -6 -7
leaf_value=0.026573883259363711 0.013622226659660364 0.040750862827328808 -0.027278536579810022 -0.036979694404981889 0.0063044402205799741 -8.2172475722258365e-05
leaf_weight=486.3045226931572 97.739903926849365 51.106657385826111 516.11687251925468 45.183046296238899 180.13141384720802 27.763807311654091
leaf_count=759 188 64 1548 147 384 62
internal_value=0.00125607 -0.015669 -0.0206132 0.0165867 -0.00227253 0.0249845
internal_weight=1404.35 664.963 613.857 739.383 225.314 514.068
internal_count=3152 1800 1736 1352 531 821
is_linear=0
shrinkage=0.04


Tree=8
num_leaves=7
num_cat=0
split_feature=1 0 2 0 9 1
split_gain=386.031 292.571 78.1495 47.4893 14.3501 12.331
threshold=0.029725000000000005 0.12644500000000003 -33474.87999999999 -0.28516999999999998 1.2320000000000002 0.036800000000000006
decision_type=2 2 2 2 2 2
left_child=1 3 -3 -1 -2 -6
right_child=4 2 -4 -5 5 -7
leaf_value=0.015327410833491911 0.044038434365894615 0.030779150750021023 -0.0041558860839658648 -0.057015587670880094 0.037129313495610744 0
leaf_weight=13.025010436773298 271.36867286264896 115.76031495630741 783.42908425629139 195.28220517933369 21.902061194181442 26.03982812166214
leaf_count=24 296 168 1874 751 25 56
internal_value=0.00159144 -0.00953356 0.000311154 -0.052009 0.0402455 0.0162707
internal_weight=1426.81 1107.5 899.189 208.307 319.311 47.9419
internal_count=3194 2817 2042 775 377 81
is_linear=0
shrinkage=0.04


Tree=9
num_leaves=7
num_cat=0
split_feature=1 0 1 8 11 11
split_gain=416.15 223.685 136.712 47.1458 9.37856 18.8309
threshold=0.029725000000000005 0.69803000000000004 0.010425000000000002 88.660000000000011 8.5000000000000018 16.500000000000004
decision_type=2 2 2 2 2 2
left_child=1 2 -1 -3 -2 -6
right_child=4 3 -4 -5 5 -7
leaf_value=-0.00020482495376965672 0.047099015743499589 0.022083057234149377 -0.038389384629918692 -0.009953807900265628 0 0.037306213476184874
leaf_weight=225.47718775272369 171.56484659016132 250.48858150839806 473.07217290997505 98.349958494305611 31.113163739442825 103.1937410980463
leaf_count=527 170 433 1554 254 63 124
internal_value=-0.00108588 -0.0131386 -0.0262142 0.0128175 0.0397432 0.0292067
internal_weight=1353.26 1047.39 698.549 348.839 305.872 134.307
internal_count=3125 2768 2081 687 357 187
is_linear=0
shrinkage=0.04


Tree=10
num_leaves=7
num_cat=0
split_feature=1 2 4 11 5 11
split_gain=371.315 104.319 148.768 53.6952 5.23201 13.286
threshold=0.029725000000000005 -33474.87999999999 10.950000000000001 55.500000000000007 57.355000000000011 10.500000000000002
decision_type=2 2 2 2 2 2
left_child=1 3 -3 -1 5 -2
right_child=4 2 -4 -5 -6 -7
leaf_value=-0.019547779839768395 0.037984492701963538 0.00064474582604176652 -0.030531233546702806 0.041936900543679281 0.04462381660517907 0.0089580630775060351
leaf_weight=27.599703952670097 106.59414128959179 494.45760630071163 473.7329462915659 83.433105915784836 173.86087992787361 45.283631861209869
leaf_count=76 125 1120 1505 96 174 84
internal_value=0.000963504 -0.010285 -0.0145586 0.0258703 0.0383112 0.0300788
internal_weight=1404.96 1079.22 968.191 111.033 325.739 151.878
internal_count=3180 2797 2625 172 383 209
is_linear=0
shrinkage=0.04


Tree=11
num_leaves=7
num_cat=0
split_feature=1 4 8 3 7 11
split_gain=387.923 80.9114 99.4807 39.0845 14.5856 13.9262
threshold=0.029725000000000005 2.6500000000000008 -10712.784999999998 0.84300000000000008 0.19460028050490888 16.500000000000004
decision_type=2 2 2 2 2 2
left_child=1 3 -3 -1 -2 -6
right_child=4 2 -4 -5 5 -7
leaf_value=-0.026145758687375772 0.04647999076849442 0.010085482706030824 -0.022640991824216864 0.031209210971791582 0 0.033158273670944496
leaf_weight=20.860040038824081 182.79591682553291 179.64614045619965 759.82843501865864 89.5173709243536 30.127790972590446 93.810742527246475
leaf_count=63 176 359 2232 133 60 118
internal_value=-0.000805625 -0.0124334 -0.0162899 0.0193855 0.038556 0.0256812
internal_weight=1356.59 1049.85 939.475 110.377 306.734 123.939
internal_count=3141 2787 2591 196 354 178
is_linear=0
shrinkage=0.04


Tree=12
num_leaves=7
num_cat=0
split_feature=1 2 4 4 2 11
split_gain=337.323 142.225 61.101 54.1398 6.82999 5.46775
threshold=0.03135000000000001 -318.74499999999995 8.4500000000000011 10.050000000000002 -7896.1649999999991 7.5000000000000009
decision_type=2 2 2 2 2 2
left_child=1 2 -1 -3 -2 -6
right_child=4 3 -4 -5 5 -7
leaf_value=0.017715920605088861 0.047285173164856469 -0.011157951635919426 -0.0087864960323709804 -0.038731095960190351 0.038506450417639219 0.019867373367114947
leaf_weight=236.05274261534214 111.11960835754871 211.70737086236477 330.31524705886841 279.74464412033558 90.051462486386299 82.840206816792488
leaf_count=419 99 558 848 967 99 129
internal_value=-0.000937894 -0.0113976 0.00214199 -0.0271086 0.0375475 0.0303624
internal_weight=1341.83 1057.82 566.368 491.452 284.011 172.892
internal_count=3119 2792 1267 1525 327 228
is_linear=0
shrinkage=0.04


Tree=13
num_leaves=7
num_cat=0
split_feature=1 0 4 0 5 7
split_gain=293.617 250.829 111.833 42.759 12.3082 23.2202
threshold=0.031095000000000001 0.12644500000000003 10.050000000000002 -0.28516999999999998 57.355000000000011 0.19460028050490888
decision_type=2 2 2 2 2 2
left_child=1 3 -3 -1 5 -2
right_child=4 2 -4 -5 -6 -7
leaf_value=0.01374069791912955 0.037364638131834778 0.014668060522492489 -0.013622469654732201 -0.053412416418465392 0.045576606874401925 0.00030977438093536438
leaf_weight=13.677941352128981 89.763737067580223 448.34148135781288 441.51277084648609 189.67560784518719 151.64632785320282 44.693414777517319
leaf_count=27 100 845 1209 748 140 90
internal_value=0.000830607 -0.00856325 0.000542574 -0.0484162 0.0368127 0.025819
internal_weight=1379.31 1093.21 889.854 203.354 286.103 134.457
internal_count=3159 2829 2054 775 330 190
is_linear=0
shrinkage=0.04


Tree=14
num_leaves=7
num_cat=0
split_feature=1 4 2 1 7 7
split_gain=311.992 69.157 138.438 62.1013 13.6998 13.9918
threshold=0.029725000000000005 8.4500000000000011 -17109.329999999998 0.0043100000000000005 0.19460028050490888 0.36860613810741694
decision_type=2 2 2 2 2 2
left_child=1 3 -3 -1 -2 -6
right_child=4 2 -4 -5 5 -7
leaf_value=-0.043065300061763533 0.042527190074129279 0.017666697837813931 -0.027830614955941281 0.0082796489125512088 -0.001377129467977817 0.029257065097050165
leaf_weight=39.989797964692116 187.09118098020554 131.0799523293972 516.64581030607224 351.332744166255 24.53737810254097 100.37304542958736
leaf_count=133 186 241 1658 732 52 131
internal_value=2.5221e-05 -0.0104567 -0.0184742 0.00263694 0.035032 0.0226821
internal_weight=1351.05 1039.05 647.726 391.323 312.002 124.91
internal_count=3133 2764 1899 865 369 183
is_linear=0
shrinkage=0.04


Tree=15
num_leaves=7
num_cat=0
split_feature=1 2 1 7 9 1
split_gain=267.86 69.327 52.1771 38.4842 16.9837 14.1756
threshold=0.029725000000000005 -318.74499999999995 0.0095850000000000015 1.2071078431372551 1.1055000000000004 0.035420000000000007
decision_type=2 2 2 2 2 2
left_child=1 2 -1 -3 -2 -6
right_child=4 3 -4 -5 5 -7
leaf_value=0.024406827401437469 0.037028775814233569 -0.015975198745923246 -0.0061831660416759061 -0.050608231536901895 0.034006902755854572 -0.0059652124976173025
leaf_weight=110.42985956370831 253.12070971727371 446.18250949680805 429.83215241134167 60.350293278694153 20.413205519318581 30.985672488808632
leaf_count=184 282 1310 1064 227 22 67
internal_value=-0.000169238 -0.00984108 0 -0.0204416 0.0326643 0.00909077
internal_weight=1351.31 1046.79 540.262 506.533 304.52 51.3989
internal_count=3156 2785 1248 1537 371 89
is_linear=0
shrinkage=0.04


Tree=16
num_leaves=7
num_cat=0
split_feature=1 0 4 2 5 6
split_gain=235.107 179.635 80.7057 40.609 18.3369 24.7844
threshold=0.031095000000000001 0.14275000000000002 8.7500000000000018 1630.3950000000002 57.355000000000011 0.089979665000000014
decision_type=2 2 2 2 2 2
left_child=1 3 -3 -1 5 -2
right_child=4 2 -4 -5 -6 -7
leaf_value=-0.050284716438730302 0.030751310326505729 0.014321593957819767 -0.011067717081382692 -0.010662377086121002 0.041444554790836377 -0.0060019859479424655
leaf_weight=169.80911266803741 84.238472878932953 344.48567013442516 472.43252155184746 63.529816329479218 156.88509212434292 38.705937266349792
leaf_count=677 104 643 1278 188 153 84
internal_value=-0.000476082 -0.00922468 -0.000254797 -0.0400192 0.0319078 0.0186293
internal_weight=1330.09 1050.26 816.918 233.339 279.83 122.944
internal_count=3127 2786 1921 865 341 188
is_linear=0
shrinkage=0.04


Tree=17
num_leaves=7
num_cat=0
split_feature=0 2 5 7 8 0
split_gain=234.333 93.8998 54.3316 53.6774 44.7716 35.2077
threshold=0.12644500000000003 -2438.2049999999995 56.945000000000007 0.29361054766734285 14383.465000000002 -0.23380999999999999
decision_type=2 2 2 2 2 2
left_child=4 2 -2 -3 5 -1
right_child=1 3 -4 -5 -6 -7
leaf_value=0.0034972755649297174 -0.0035318705104430575 0.0093360836720641095 0.027202047517184639 -0.014434155786213706 0.029450327854244854 -0.045683057105905388
leaf_weight=22.750174313783646 111.10560211539268 306.97052648663521 425.22919850051403 294.80003616213799 13.11230657994747 193.37078280746937
leaf_count=52 272 650 622 806 19 760
internal_value=0.0010436 0.00854531 0.0206972 -0.00218541 -0.035607 -0.0401547
internal_weight=1367.34 1138.11 536.335 601.771 229.233 216.121
internal_count=3181 2350 894 1456 831 812
is_linear=0
shrinkage=0.04


Tree=18
num_leaves=7
num_cat=0
split_feature=1 11 4 8 11 5
split_gain=186.791 68.8965 107.545 10.6442 6.86432 15.1371
threshold=0.029725000000000005 170.50000000000003 10.050000000000002 -26774.254999999997 7.5000000000000009 57.355000000000011
decision_type=2 2 2 2 2 2
left_child=1 2 -1 -3 -2 -6
right_child=4 3 -4 -5 5 -7
leaf_value=0.0032256710986353909 0.035554573456176908 0.050130588016667213 -0.023003110667754172 0.011618513885792705 0.0013866838020422318 0.030531992180653281
leaf_weight=485.16742125153542 152.51699157059193 30.063903957605362 503.45127639174461 30.987658500671387 51.795940652489662 84.433970838785172
leaf_count=1077 168 24 1605 62 101 101
internal_value=0.000345061 -0.00744041 -0.01007 0.0328406 0.0287789 0.0202098
internal_weight=1338.42 1049.67 988.619 61.0516 288.747 136.23
internal_count=3138 2768 2682 86 370 202
is_linear=0
shrinkage=0.04


Tree=19
num_leaves=7
num_cat=0
split_feature=0 4 0 8 0 2
split_gain=215.265 106.846 129.948 58.2305 25.0855 23.3215
threshold=0.12644500000000003 10.15 0.65945500000000001 14383.465000000002 -0.23380999999999999 3403.1100000000001
decision_type=2 2 2 2 2 2
left_child=3 5 -3 4 -1 -2
right_child=1 2 -4 -5 -6 -7
leaf_value=0 0.022220817413859114 -0.023311508327040209 0.017206204416884058 0.037369527378767316 -0.044274593734213469 -0.001520787287113316
leaf_weight=19.46871155500412 577.49807943403721 276.48746521770954 228.78789749741554 14.304319545626639 186.61632445454597 67.417907789349556
leaf_count=46 917 847 445 17 743 154
internal_value=0.00182001 0.00882698 -0.00481194 -0.0341395 -0.0397989 0.0196182
internal_weight=1370.58 1150.19 505.275 220.389 206.085 644.916
internal_count=3169 2363 1292 806 789 1071
is_linear=0
shrinkage=0.04


Tree=20
num_leaves=7
num_cat=0
split_feature=9 6 2 7 10 10
split_gain=108.551 85.4731 99.0435 43.8033 40.438 28.3351
threshold=0.96150000000000013 0.020938225000000001 -33474.87999999999 0.14907407407407411 7.5000000000000009 9.5000000000000018
decision_type=2 2 2 2 2 2
left_child=3 4 -3 -1 -2 -5
right_child=1 2 -4 5 -6 -7
leaf_value=0.033694031666459727 -0.0022629331667427663 0.02305153694500111 -0.015761620754446364 0.019722806034273118 0.046561773903090319 -0.012201769256092026
leaf_weight=174.77281981706619 40.518002092838287 118.57242414355278 766.83694930374622 93.315010845661163 64.477295637130737 78.923668220639229
leaf_count=245 96 185 2210 154 70 194
internal_value=0.00038002 -0.00630756 -0.0104334 0.019623 0.0272824 0.00466296
internal_weight=1337.42 990.405 885.409 347.011 104.995 172.239
internal_count=3154 2561 2395 593 166 348
is_linear=0
shrinkage=0.04


Tree=21
num_leaves=7
num_cat=0
split_feature=1 4 2 3 9 4
split_gain=177.894 83.8563 111.294 51.6866 9.08341 15.6784
threshold=0.029725000000000005 8.3500000000000032 -37744.384999999987 0.64850000000000019 1.2320000000000002 4.0500000000000007
decision_type=2 2 2 2 2 2
left_child=1 3 -3 -1 -2 -6
right_child=4 2 -4 -5 5 -7
leaf_value=-0.02198550164607338 0.030875788672750468 0.026143303693814492 -0.022958194345154365 0.013970963152907627 0.035496624005648562 -0.0081758458452539408
leaf_weight=76.657903581857681 245.29674087464809 81.863952025771141 560.77427078783512 319.42236702144146 19.218812346458435 28.228064298629761
leaf_count=222 297 123 1814 618 19 63
internal_value=0.000131226 -0.00757799 -0.0165175 0.00673544 0.0276224 0.00861644
internal_weight=1331.46 1038.72 642.638 396.08 292.744 47.4469
internal_count=3156 2777 1937 840 379 82
is_linear=0
shrinkage=0.04


Tree=22
num_leaves=7
num_cat=0
split_feature=0 4 0 6 2 3
split_gain=204.321 79.2843 104.026 61.1701 43.6614 29.0105
threshold=0.12644500000000003 10.15 0.65945500000000001 12.932435640000001 3403.1100000000001 0.98250000000000004
decision_type=2 2 2 2 2 2
left_child=3 4 -3 5 -2 -1
right_child=1 2 -4 -5 -6 -7
leaf_value=-0.056409801187863068 0.020743144538807327 -0.020548541417619821 0.015509555314624862 0.031971745305328744 -0.01471834062124131 -0.023028319209732213
leaf_weight=103.7818937599659 555.23453067243099 277.78816114366055 232.38591574132442 17.364067554473877 57.584637463092804 94.70585672557354
leaf_count=461 895 850 458 24 150 326
internal_value=0.000621091 0.00754475 -0.00397134 -0.0347714 0.0172438 -0.0412699
internal_weight=1338.85 1122.99 510.174 215.852 612.819 198.488
internal_count=3164 2353 1308 811 1045 787
is_linear=0
shrinkage=0.04


Tree=23
num_leaves=7
num_cat=0
split_feature=0 4 8 2 1 0
split_gain=230.612 83.6193 82.4623 61.7032 56.5838 26.9044
threshold=0.13933000000000004 10.950000000000001 -2629.8449999999998 2027.0550000000003 0.035905000000000006 -0.28516999999999998
decision_type=2 2 2 2 2 2
left_child=4 3 -3 -2 5 -1
right_child=1 2 -4 -5 -6 -7
leaf_value=0.01171102043835601 0.021303818962700668 0.014526308785628789 -0.020115567202508067 -0.016561062994468745 0.024633592435180245 -0.046329669497851
leaf_weight=10.55954624712467 536.62072041630745 180.17452582716942 270.52090729773045 75.033340573310852 18.951910823583603 202.80003210902214
leaf_count=22 848 347 839 199 24 852
internal_value=-0.00100395 0.00684299 -0.00608707 0.0164896 -0.0369812 -0.0430036
internal_weight=1294.66 1062.35 450.695 611.654 232.311 213.36
internal_count=3131 2233 1186 1047 898 874
is_linear=0
shrinkage=0.04


Tree=24
num_leaves=7
num_cat=0
split_feature=0 1 0 8 0 8
split_gain=175.957 78.5521 57.5717 41.228 20.7281 20.3138
threshold=0.13933000000000004 0.031515000000000008 0.69803000000000004 2839.4550000000004 -0.25124999999999992 -940.92499999999984
decision_type=2 2 2 2 2 2
left_child=3 2 -2 4 -1 -3
right_child=1 5 -4 -5 -6 -7
leaf_value=0.0070520125433203695 -0.0076516605195364471 0.037258627844444815 0.013452396989632201 0.0032200443684004361 -0.042123071916471765 0.011255615335719655
leaf_weight=11.282838329672812 489.5573560744524 139.63043883442879 353.82454170286655 41.506013959646225 182.91049546003342 92.468413665890694
leaf_count=26 1271 143 695 101 762 152
internal_value=0 0.0069103 0.00111839 -0.0311117 -0.0388154 0.0274254
internal_weight=1311.18 1075.48 843.382 235.699 194.193 232.099
internal_count=3150 2261 1966 889 788 295
is_linear=0
shrinkage=0.04


Tree=25
num_leaves=7
num_cat=0
split_feature=2 6 4 8 9 7
split_gain=81.0271 52.8361 51.5248 58.6471 49.3958 33.9853
threshold=-418.86499999999995 0.024802950000000001 22.450000000000003 -5019.9499999999989 0.94850000000000001 0.23721227621483379
decision_type=2 2 2 2 2 2
left_child=2 -2 5 -4 -3 -1
right_child=1 4 3 -5 -6 -7
leaf_value=0.02453744677667323 0.021291431923777613 0.0082407957305927967 0.0032145597868795108 -0.061922234240379667 -0.021168540469392368 0.0054496932644208882
leaf_weight=282.326764985919 71.795739933848381 112.37692928314209 67.429407119750977 29.386549308896065 402.51260936260223 346.28883916139603
leaf_count=475 129 241 155 126 1310 703
internal_value=0.000962785 -0.0100039 0.0099451 -0.0166 -0.014588 0.0142
internal_weight=1312.12 586.685 725.432 96.816 514.89 628.616
internal_count=3139 1680 1459 281 1551 1178
is_linear=0
shrinkage=0.04


Tree=26
num_leaves=7
num_cat=0
split_feature=9 2 6 7 11 9
split_gain=95.8338 81.1052 70.1894 50.1853 35.0732 41.5082
threshold=0.96150000000000013 -16104.669999999998 0.029722430000000005 0.68373015873015885 7.5000000000000009 0.78400000000000014
decision_type=2 2 2 2 2 2
left_child=4 3 -3 -2 -1 -6
right_child=1 2 -4 -5 5 -7
leaf_value=0.030643949587554297 -0.010955555711085776 0.016741378092532285 -0.017404081994168753 0.031870649312896779 -0.015955542594107714 0.023851722204505786
leaf_weight=171.36695232987404 63.213845521211624 108.54450576007366 667.17429372668266 120.99055577814579 78.825375258922577 83.307519495487213
leaf_count=248 163 200 2038 163 199 127
internal_value=-0.000287624 -0.00676807 -0.0124926 0.0167844 0.0180559 0.00405232
internal_weight=1293.42 959.923 775.719 184.204 333.5 162.133
internal_count=3138 2564 2238 326 574 326
is_linear=0
shrinkage=0.04


Tree=27
num_leaves=7
num_cat=0
split_feature=1 2 1 1 7 11
split_gain=161.75 56.2852 64.6194 39.3308 13.3001 13.2632
threshold=0.029725000000000005 -62.694999999999993 0.0095850000000000015 0.013085000000000001 0.19460028050490888 16.500000000000004
decision_type=2 2 2 2 2 2
left_child=1 2 -1 -3 -2 -6
right_child=4 3 -4 -5 5 -7
leaf_value=0.026242698961813186 0.033660083123356159 -0.0034908594181639364 -0.0064191276532886881 -0.029482365590476532 -0.0056778743796637677 0.022164673111223738
leaf_weight=119.75141467154026 170.20354025065899 165.56317004561424 472.49083931744099 238.17108753323555 31.567994639277458 94.262469321489334
leaf_count=194 191 454 1234 857 67 130
internal_value=4.86348e-05 -0.00761189 0.000116566 -0.0190907 0.0259682 0.0145742
internal_weight=1292.01 995.977 592.242 403.734 296.034 125.83
internal_count=3127 2739 1428 1311 388 197
is_linear=0
shrinkage=0.04


Tree=28
num_leaves=7
num_cat=0
split_feature=0 11 0 8 10 0
split_gain=154.427 77.4718 78.5492 47.1996 27.7799 16.2104
threshold=0.12040000000000002 4.5000000000000009 0.45268500000000006 14383.465000000002 11.500000000000002 -0.28516999999999998
decision_type=2 2 2 2 2 2
left_child=3 4 -3 5 -2 -1
right_child=1 2 -4 -5 -6 -7
leaf_value=0 0.012161666894660136 -0.013908583232171623 0.010386823487049486 0.030813431541905478 0.042279284745549733 -0.042285987958188685
leaf_weight=12.465519949793814 115.18040229380131 359.32574391365051 515.82106447219849 14.224279105663298 102.6259149312973 164.1522361189127
leaf_count=30 219 1006 1029 19 121 713
internal_value=-1.39486e-05 0.00573687 0.000311221 -0.0330817 0.026972 -0.0389629
internal_weight=1283.8 1092.95 875.147 190.842 217.806 176.618
internal_count=3137 2375 2035 762 340 743
is_linear=0
shrinkage=0.04


Tree=29
num_leaves=7
num_cat=0
split_feature=0 4 0 6 6 3
split_gain=146.284 72.983 117.255 45.4236 33.0631 32.1666
threshold=0.12040000000000002 10.050000000000002 0.65945500000000001 12.932435640000001 15.262474180000002 1.0255000000000003
decision_type=2 2 2 2 2 2
left_child=3 4 -3 5 -2 -1
right_child=1 2 -4 -5 -6 -7
leaf_value=-0.055101092229462093 0.017927440559063666 -0.0226816224444365 0.016093240023845681 0.027050095603512285 -0.01639018018135472 -0.017910843156933594
leaf_weight=88.034345164895058 589.05622904002666 272.82015500962734 224.86450205743313 16.192293375730515 44.64283187687397 82.505599409341812
leaf_count=430 994 888 434 27 113 298
internal_value=0.000838415 0.00632554 -0.00500792 -0.0316981 0.01534 -0.0379886
internal_weight=1318.12 1131.38 497.685 186.732 633.699 170.54
internal_count=3184 2429 1322 755 1107 728
is_linear=0
shrinkage=0.04


Tree=30
num_leaves=7
num_cat=0
split_feature=1 2 1 7 5 6
split_gain=147.932 60.6836 53.9477 45.298 7.07029 30.8414
threshold=0.030015000000000003 -33474.87999999999 0.010130000000000002 0.74596774193548399 57.355000000000011 0.033053405000000001
decision_type=2 2 2 2 2 2
left_child=1 3 -3 -1 5 -2
right_child=4 2 -4 -5 -6 -7
leaf_value=-0.025872559587316827 0.040505376506723513 0.0041743424791927681 -0.016808791253653872 0.033110280570721316 0.032847463459497982 3.0697858838679334e-05
leaf_weight=23.641086116433144 52.179104834794998 276.3196670114994 625.19381129741669 91.798069596290588 148.51450930535793 76.927646040916443
leaf_count=70 48 652 1967 113 166 147
internal_value=0.000279737 -0.00673072 -0.0102938 0.0201149 0.0261103 0.0173673
internal_weight=1294.57 1016.95 901.513 115.439 277.621 129.107
internal_count=3163 2802 2619 183 361 195
is_linear=0
shrinkage=0.04


Tree=31
num_leaves=7
num_cat=0
split_feature=0 6 9 0 7 6
split_gain=134.143 67.942 61.6261 68.4747 46.3453 35.9553
threshold=0.12644500000000003 12.932435640000001 0.96150000000000013 0.69803000000000004 0.13284313725490199 0.017127565000000001
decision_type=2 2 2 2 2 2
left_child=1 5 4 -4 -2 -1
right_child=2 -3 3 -5 -6 -7
leaf_value=0.0088933162818653141 0.039441975203211188 0.037936102163131424 -0.010618881245245165 0.013274671911757237 0.0065720036313426733 -0.044197039360368152
leaf_weight=19.870807483792305 124.88828110694885 18.448620617389679 447.45080192387104 332.58653798699379 167.28839874267578 160.63146179914474
leaf_count=55 143 23 1219 637 321 738
internal_value=-8.75251e-05 -0.0301446 0.00546088 -0.000321133 0.0210666 -0.0378808
internal_weight=1271.16 198.951 1072.21 780.037 292.177 180.502
internal_count=3136 816 2320 1856 464 793
is_linear=0
shrinkage=0.04


Tree=32
num_leaves=7
num_cat=0
split_feature=0 4 0 2 3 1
split_gain=121.102 72.352 102.32 37.1703 26.1703 24.9956
threshold=0.12644500000000003 10.15 0.69803000000000004 1630.3950000000002 1.3685000000000003 0.029000000000000001
decision_type=2 2 2 2 2 2
left_child=3 5 -3 4 -1 -2
right_child=1 2 -4 -5 -6 -7
leaf_value=-0.053698304132812236 0.0082490484352880228 -0.023657876456856623 0.013008925719333883 -0.0025242053112753955 -0.012597591431516267 0.026370111506762255
leaf_weight=89.1154705286026 415.61464489996433 260.59248088300228 222.53495913743973 63.679418489336967 43.994494050741196 186.30990491807461
leaf_count=454 824 871 448 191 172 236
internal_value=-0.000404022 0.00478289 -0.00661975 -0.0291663 -0.0410937 0.0140592
internal_weight=1281.84 1085.05 483.127 196.789 133.11 601.925
internal_count=3196 2379 1319 817 626 1060
is_linear=0
shrinkage=0.04


Tree=33
num_leaves=7
num_cat=0
split_feature=1 0 4 0 5 10
split_gain=124.995 84.9161 38.7441 35.5862 11.7944 24.1835
threshold=0.029725000000000005 0.12644500000000003 8.4500000000000011 -0.28516999999999998 57.355000000000011 12.500000000000002
decision_type=2 2 2 2 2 2
left_child=1 3 -3 -1 5 -2
right_child=4 2 -4 -5 -6 -7
leaf_value=0.0249589318909475 -0.00060291776203789092 0.0081953766431013073 -0.0094287422397948649 -0.039272794619026795 0.031076687482694924 0.034800623677760746
leaf_weight=12.24482351541519 75.997829139232635 326.64573861658573 498.48320817947388 152.6811239272356 145.39582847058773 45.489737346768379
leaf_count=22 150 636 1405 733 167 48
internal_value=-0.0011109 -0.00772616 -0.00235217 -0.0337828 0.0230071 0.0123547
internal_weight=1256.94 990.055 825.129 164.926 266.883 121.488
internal_count=3161 2796 2041 755 365 198
is_linear=0
shrinkage=0.04


Tree=34
num_leaves=7
num_cat=0
split_feature=9 5 2 6 2 11
split_gain=66.667 60.7385 58.7342 67.2644 39.4602 28.5249
threshold=0.96150000000000013 57.055000000000007 -33474.87999999999 0.029722430000000005 -2004.2149999999999 50.500000000000007
decision_type=2 2 2 2 2 2
left_child=1 -1 5 -4 -3 -2
right_child=2 4 3 -5 -6 -7
leaf_value=0.057868462903153561 -0.0094885601828597239 0.023259874190942886 0.019238253789244219 -0.012831779719296157 -0.0065109068834946658 0.033142202874169684
leaf_weight=47.740323334932327 30.085868343710899 146.88221673667431 119.39601691067219 700.70518925786018 129.28766706585884 88.883545145392418
leaf_count=41 75 216 213 2164 314 107
internal_value=0.00119583 0.0168346 -0.00413771 -0.00803005 0.00908862 0.0217215
internal_weight=1262.98 323.91 939.071 820.101 276.17 118.969
internal_count=3130 571 2559 2377 530 182
is_linear=0
shrinkage=0.04


Tree=35
num_leaves=7
num_cat=0
split_feature=0 1 1 0 5 8
split_gain=114.693 54.8142 53.9751 58.5671 23.3562 10.8001
threshold=0.14275000000000002 0.029725000000000005 0.029725000000000005 0.69803000000000004 57.055000000000007 -940.92499999999984
decision_type=2 2 2 2 2 2
left_child=1 4 3 -2 -1 -4
right_child=2 -3 5 -5 -6 -7
leaf_value=-0.011271877786782611 -0.0083964408300351897 0.019012759134559791 0.030605558750476242 0.013384941441136168 -0.043860444940684785 0.011463283942526719
leaf_weight=61.014183878898621 449.47565652430058 34.001518324017525 134.61941902339458 348.01358966529369 127.29617063701153 104.1665204167366
leaf_count=261 1228 50 155 676 597 169
internal_value=0.00047253 -0.0253967 0.00613754 0.0010183 -0.0339513 0.0227519
internal_weight=1258.59 222.312 1036.28 797.489 188.31 238.786
internal_count=3136 908 2228 1904 858 324
is_linear=0
shrinkage=0.04


Tree=36
num_leaves=7
num_cat=0
split_feature=1 0 1 2 7 9
split_gain=85.8578 74.1021 145.576 74.0713 22.0496 23.7749
threshold=0.023320000000000004 0.69803000000000004 0.010130000000000002 353.00000000000006 0.19460028050490888 0.85350000000000004
decision_type=2 2 2 2 2 2
left_child=1 2 -1 -3 -2 -6
right_child=4 3 -4 -5 5 -7
leaf_value=0.010575830861246483 0.02774033734733259 0.019441935891362658 -0.028931835658245503 -0.025326782366541824 -0.025258327319023166 0.014892581352386799
leaf_weight=230.79371629655361 167.53368671238422 250.38581699132919 404.39707285165787 74.143853306770325 28.815844729542732 91.273315668106079
leaf_count=539 221 419 1514 235 75 146
internal_value=-0.000675388 -0.00648571 -0.0144632 0.00887635 0.0183468 0.00434702
internal_weight=1247.34 959.72 635.191 324.53 287.623 120.089
internal_count=3149 2707 2053 654 442 221
is_linear=0
shrinkage=0.04


Tree=37
num_leaves=7
num_cat=0
split_feature=0 11 0 10 6 6
split_gain=101.691 50.548 69.5397 64.1861 35.0276 30.7021
threshold=0.14275000000000002 8.5000000000000018 0.44353500000000007 5.5000000000000009 12.932435640000001 0.028009700000000002
decision_type=2 2 2 2 2 2
left_child=4 3 -3 -2 5 -1
right_child=1 2 -4 -5 -6 -7
leaf_value=0.009313387540268005 -0.0053052593895856412 -0.017582760824409561 0.0079708374113132471 0.032854781982892808 0.023226059162121792 -0.036737271216844405
leaf_weight=22.795028448104858 108.52527944743633 265.78723774850368 464.12703680992126 181.41509480774403 17.955392897129059 173.89090701937675
leaf_count=64 245 795 947 254 30 817
internal_value=-0.000938668 0.00427329 -0.00124744 0.0183589 -0.0258831 -0.0309575
internal_weight=1234.5 1019.85 729.914 289.94 214.641 196.686
internal_count=3152 2241 1742 499 911 881
is_linear=0
shrinkage=0.04


Tree=38
num_leaves=7
num_cat=0
split_feature=0 4 2 2 5 5
split_gain=96.2886 52.1061 49.1912 48.2709 40.6873 16.0713
threshold=0.13933000000000004 22.450000000000003 1630.3950000000002 4585.3550000000005 56.875000000000007 57.425000000000004
decision_type=2 2 2 2 2 2
left_child=2 3 5 -2 -3 -1
right_child=1 4 -4 -5 -6 -7
leaf_value=-0.040931981237664353 0.011230608786261595 0.021197159750367504 0.0029089293461576145 -0.023607737812897357 -0.030390633322991363 0.0050343347702371723
leaf_weight=134.89471107721329 852.02041497826576 28.662492573261261 67.142694979906082 65.572504907846451 100.66868533194065 9.5628685206174833
leaf_count=674 1690 58 202 197 339 22
internal_value=0.000144144 0.00519173 -0.0242698 0.00860809 -0.0181999 -0.0373157
internal_weight=1258.52 1046.92 211.6 917.593 129.331 144.458
internal_count=3182 2284 898 1887 397 696
is_linear=0
shrinkage=0.04


Tree=39
num_leaves=6
num_cat=0
split_feature=1 3 3 9 6
split_gain=98.0334 34.0521 36.9255 14.4755 6.23073
threshold=0.030520000000000002 0.080000000000000016 0.17950000000000002 1.2320000000000002 0.061423575000000001
decision_type=2 2 2 2 2
left_child=1 -1 -3 4 -2
right_child=3 2 -4 -5 -6
leaf_value=-0.052121459642050588 0.014393764881777849 0.026436756381858426 -0.0071308378388142577 0 0.031911951401743126
leaf_weight=23.826140061020851 78.912362843751907 52.968365758657455 882.30182738602161 40.805342152714729 129.22736637294292
leaf_count=96 119 102 2561 79 147
internal_value=-0.000573446 -0.00644964 -0.00509205 0.0216176 0.0258512
internal_weight=1208.04 959.096 935.27 248.945 208.14
internal_count=3104 2759 2663 345 266
is_linear=0
shrinkage=0.04


Tree=40
num_leaves=7
num_cat=0
split_feature=1 2 1 7 9 1
split_gain=86.8611 43.8737 38.7937 30.8541 7.19408 7.58511
threshold=0.029725000000000005 -318.74499999999995 0.017130000000000003 1.2071078431372551 1.2320000000000002 0.037550000000000007
decision_type=2 2 2 2 2 2
left_child=1 2 -1 -3 -2 -6
right_child=4 3 -4 -5 5 -7
leaf_value=0.007425033567112431 0.024763661899122564 -0.0091274138667779212 -0.027450495900530891 -0.041852481442967875 0.022186003866019498 -0.0072284129350201334
leaf_weight=472.39311634004116 215.49883832037449 410.53052380681038 54.60989248752594 52.795149356126785 22.340210989117622 26.071128949522972
leaf_count=1078 281 1333 168 213 30 56
internal_value=0.0011725 -0.00420247 0.00356976 -0.0131922 0.0215229 0.00510009
internal_weight=1254.24 990.329 527.003 463.326 263.91 48.4113
internal_count=3159 2792 1246 1546 367 86
is_linear=0
shrinkage=0.04


Tree=41
num_leaves=7
num_cat=0
split_feature=0 4 5 4 4 3
split_gain=75.9335 59.508 61.304 36.8953 53.0083 19.233
threshold=0.12040000000000002 8.3500000000000032 57.285000000000004 13.950000000000001 17.950000000000003 0.16650000000000004
decision_type=2 2 2 2 2 2
left_child=3 5 -3 -1 -5 -2
right_child=1 2 -4 4 -6 -7
leaf_value=-0.045048006310858604 -0.016290387490278849 -0.01371041015939718 0.013267008587129189 0.022571982018793103 -0.038088268817125258 0.016265989978724062
leaf_weight=78.396160811185837 27.01922008395195 401.82688069343567 198.09755280613899 45.049053430557251 42.205810308456421 449.21500688791275
leaf_count=392 70 1198 393 141 222 764
internal_value=-0.000207934 0.00362172 -0.00465496 -0.025311 -0.0060695 0.0141912
internal_weight=1241.81 1076.16 599.924 165.651 87.2549 476.234
internal_count=3180 2425 1591 755 363 834
is_linear=0
shrinkage=0.04


Tree=42
num_leaves=7
num_cat=0
split_feature=0 2 6 6 6 9
split_gain=63.9242 69.5754 49.4776 69.5294 30.6921 27.0362
threshold=0.14275000000000002 1630.3950000000002 15.010012340000001 0.17594848000000005 0.017127565000000001 0.90650000000000019
decision_type=2 2 2 2 2 2
left_child=1 4 3 -2 -1 -3
right_child=2 5 -4 -5 -6 -7
leaf_value=0.0073400080762317799 0.0018835538542529395 0.037845348388078411 -0.031193677745285708 0.031436105463081641 -0.042775519387799062 -0.0081635545319666391
leaf_weight=19.368714660406113 813.90075798332691 32.245437756180763 56.129462718963623 150.78429818153381 125.15199321508408 44.485138595104218
leaf_count=59 1868 44 170 205 660 168
internal_value=0.000129306 -0.0191963 0.0044255 0.00664098 -0.0355045 0.0106254
internal_weight=1242.07 221.251 1020.81 964.685 144.521 76.7306
internal_count=3174 931 2243 2073 719 212
is_linear=0
shrinkage=0.04


Tree=43
num_leaves=7
num_cat=0
split_feature=1 1 1 5 7 11
split_gain=90.4843 58.5475 45.6209 37.5321 14.0181 16.2421
threshold=0.029725000000000005 0.0097500000000000017 0.0055800000000000008 57.385000000000012 0.19460028050490888 16.500000000000004
decision_type=2 2 2 2 2 2
left_child=1 2 -1 -3 -2 -6
right_child=4 3 -4 -5 5 -7
leaf_value=-0.0064854266121077741 0.027863575173286029 -0.0097543173246419385 0.025961345551383189 -0.044402098718312834 -0.017642371531049895 0.016469880520011172
leaf_weight=137.72715654969215 152.03838033974171 633.25702510774136 130.82391746342182 54.610663935542107 25.787500023841858 89.502788871526718
leaf_count=395 188 1988 225 176 62 133
internal_value=-0.000700936 -0.00651911 0.00910031 -0.0127418 0.0197115 0.00798704
internal_weight=1223.75 956.419 268.551 687.868 267.329 115.29
internal_count=3167 2784 620 2164 383 195
is_linear=0
shrinkage=0.04


Tree=44
num_leaves=7
num_cat=0
split_feature=4 9 5 2 3 2
split_gain=70.9867 51.6431 52.8639 52.1727 35.2291 31.5899
threshold=22.450000000000003 0.96150000000000013 57.085000000000008 4585.3550000000005 1.1330000000000002 9295.0350000000017
decision_type=2 2 2 2 2 2
left_child=1 2 -1 -3 5 -2
right_child=4 3 -4 -5 -6 -7
leaf_value=0.05480117192515932 -0.019224447620406874 0.0013561275618564793 0.010145361757004421 -0.041347130270280349 -0.052675237015244972 0.043011359506982635
leaf_weight=50.683408871293068 91.132139250636101 731.87998524308205 269.98678144812584 46.698664575815201 48.219663754105568 12.6692478954792
leaf_count=45 311 1935 505 175 206 19
internal_value=0.000657001 0.00427533 0.0177473 -0.00120208 -0.0247031 -0.0102028
internal_weight=1251.27 1099.25 320.67 778.579 152.021 103.801
internal_count=3196 2660 550 2110 536 330
is_linear=0
shrinkage=0.04


Tree=45
num_leaves=7
num_cat=0
split_feature=0 1 0 4 4 7
split_gain=85.1522 39.6541 39.0289 25.8178 59.2369 13.7725
threshold=0.11494500000000001 0.029725000000000005 0.69803000000000004 15.450000000000001 17.950000000000003 0.19460028050490888
decision_type=2 2 2 2 2 2
left_child=3 2 -2 -1 -5 -3
right_child=1 5 -4 4 -6 -7
leaf_value=-0.041114735427293859 -0.0056843008087352912 0.028179048328015013 0.011769723502386182 0.033786576723760751 -0.038075327998016557 0.007208991927933138
leaf_weight=83.826841577887535 507.14481735229492 137.20568610727787 339.28195558488369 29.604572609066963 40.657636061310768 100.27901750802994
leaf_count=431 1418 167 674 83 224 171
internal_value=0.00136898 0.00539885 0.00122894 -0.0261719 -0.00659256 0.0197925
internal_weight=1238 1083.91 846.427 154.089 70.2622 237.485
internal_count=3168 2430 2092 738 307 338
is_linear=0
shrinkage=0.04


Tree=46
num_leaves=7
num_cat=0
split_feature=1 1 11 7 8 8
split_gain=62.4131 36.6334 46.2876 30.4311 9.15726 21.4084
threshold=0.029725000000000005 0.010130000000000002 170.50000000000003 0.021286231884057972 -940.92499999999984 -30.869999999999997
decision_type=2 2 2 2 2 2
left_child=1 3 -3 -1 -2 -6
right_child=4 2 -4 -5 5 -7
leaf_value=0.053174389709459605 0.024721721074200655 -0.012220944534482386 0.024795829498114461 0.0037360496962765863 -0.025140471388387067 0.017096031436533477
leaf_weight=20.254948407411575 147.13458886742592 640.03397671878338 55.89468489587307 255.49102574586868 21.313917711377144 88.615515932440758
leaf_count=22 192 2062 89 623 55 132
internal_value=0.000442486 -0.00413416 -0.00907072 0.00801233 0.0179489 0.00788928
internal_weight=1228.74 971.675 695.929 275.746 257.064 109.929
internal_count=3175 2796 2151 645 379 187
is_linear=0
shrinkage=0.04


Tree=47
num_leaves=7
num_cat=0
split_feature=0 6 11 4 5 5
split_gain=81.5734 50.4223 46.2094 42.1403 19.7646 17.1492
threshold=0.11494500000000001 12.932435640000001 6.5000000000000009 10.050000000000002 57.205000000000005 57.055000000000007
decision_type=2 2 2 2 2 2
left_child=1 5 4 -4 -2 -1
right_child=2 -3 3 -5 -6 -7
leaf_value=-0.010167902079543396 0.035987695898308511 0.034810337013793775 0.0081119616741594982 -0.010340859014334673 0.011105114246011695 -0.045281711107006094
leaf_weight=39.605675384402275 76.359186723828316 15.801924303174017 422.57901084423065 368.35471181571484 204.8301250487566 91.446338027715683
leaf_count=201 111 22 818 1124 391 491
internal_value=0.000570412 -0.0271055 0.00447921 -0.000385426 0.0183511 -0.0355835
internal_weight=1218.98 146.854 1072.12 790.934 281.189 131.052
internal_count=3158 714 2444 1942 502 692
is_linear=0
shrinkage=0.04


Tree=48
num_leaves=7
num_cat=0
split_feature=0 11 0 2 3 5
split_gain=61.6121 46.0434 53.1173 27.9279 24.8594 19.5666
threshold=0.12644500000000003 4.5000000000000009 0.69803000000000004 1630.3950000000002 0.51000000000000012 57.055000000000007
decision_type=2 2 2 2 2 2
left_child=3 4 -3 5 -2 -1
right_child=1 2 -4 -5 -6 -7
leaf_value=-0.0051625179767394317 -0.0080582130377551651 -0.0082935776980098182 0.011843885956205785 0 0.027741005617286978 -0.044126049905138402
leaf_weight=35.746408149600029 32.766280487179756 465.39925898611546 377.06986072659492 62.741798713803291 174.94872711598873 75.0203547924757
leaf_count=181 80 1264 732 202 264 426
internal_value=0.00118641 0.00490582 0.00063146 -0.0206694 0.0216893 -0.0325758
internal_weight=1223.69 1050.18 842.469 173.509 207.715 110.767
internal_count=3149 2340 1996 809 344 607
is_linear=0
shrinkage=0.04


Tree=49
num_leaves=7
num_cat=0
split_feature=1 3 5 3 7 11
split_gain=54.1886 31.0604 60.3468 60.045 10.7764 20.8527
threshold=0.031515000000000008 0.85400000000000009 57.055000000000007 0.7855000000000002 0.19460028050490888 16.500000000000004
decision_type=2 2 2 2 2 2
left_child=1 3 -3 -1 -2 -6
right_child=4 2 -4 -5 5 -7
leaf_value=-0.005876680678862275 0.026329653719991037 0.013292119867030543 -0.018659617822794572 0.024127457699899341 -0.021828525231401913 0.018535865221987444
leaf_weight=331.5941037684679 123.64550438523293 121.85511153936386 373.37038110941648 153.59949946403503 25.225545793771744 71.013356849551201
leaf_count=951 157 334 1243 289 63 101
internal_value=0.000418445 -0.00354653 -0.0106148 0.00351769 0.0183306 0.00691246
internal_weight=1200.3 980.419 495.225 485.194 219.884 96.2389
internal_count=3138 2817 1577 1240 321 164
is_linear=0
shrinkage=0.04


Tree=50
num_leaves=7
num_cat=0
split_feature=0 11 6 6 3 3
split_gain=56.2092 54.3137 45.6563 39.3427 30.758 26.0932
threshold=0.11494500000000001 4.5000000000000009 15.010012340000001 12.932435640000001 0.55400000000000016 0.98250000000000004
decision_type=2 2 2 2 2 2
left_child=3 4 -3 5 -2 -1
right_child=1 2 -4 -5 -6 -7
leaf_value=-0.048373965128718992 -0.008886552284956285 0.0011023865949325844 -0.039018276791358407 0.031470629811250324 0.028746048876998359 -0.01063900575824258
leaf_weight=65.102685324847698 38.662286326289177 799.26502421498299 45.983531758189201 15.90860068798065 172.31660039722919 66.588395014405251
leaf_count=409 97 1920 152 23 259 291
internal_value=7.33892e-05 0.00338362 -0.0010728 -0.0228085 0.0214555 -0.0303366
internal_weight=1203.83 1056.23 845.249 147.6 210.979 131.691
internal_count=3151 2428 2072 723 356 700
is_linear=0
shrinkage=0.04


Tree=51
num_leaves=7
num_cat=0
split_feature=1 4 2 1 9 2
split_gain=47.4861 38.0049 56.0765 42.506 15.9264 10.2804
threshold=0.031515000000000008 8.4500000000000011 -17109.329999999998 0.0055800000000000008 1.2320000000000002 -2438.2049999999995
decision_type=2 2 2 2 2 2
left_child=1 3 -3 -1 5 -2
right_child=4 2 -4 -5 -6 -7
leaf_value=-0.027812657352339683 0.030317146563699528 0.012906019053920897 -0.016624185965064445 0.011050959053517715 -0.00564693714741405 0.0090825592193480072
leaf_weight=48.83415661752224 105.84211899340153 128.36147846281528 452.1042672097683 350.89897906780243 34.853614792227745 78.782635688781738
leaf_count=152 124 257 1665 737 74 129
internal_value=0.000344886 -0.00336045 -0.00993477 0.00598915 0.0171352 0.0218791
internal_weight=1199.68 980.199 580.466 399.733 219.478 184.625
internal_count=3138 2811 1922 889 327 253
is_linear=0
shrinkage=0.04


Tree=52
num_leaves=7
num_cat=0
split_feature=1 0 10 5 5 5
split_gain=65.9589 54.1189 28.9246 26.7247 8.29369 10.0429
threshold=0.029725000000000005 0.12644500000000003 20.500000000000004 57.055000000000007 57.07500000000001 57.315000000000005
decision_type=2 2 2 2 2 2
left_child=1 3 -3 -1 -2 -6
right_child=4 2 -4 -5 5 -7
leaf_value=-0.0005846412931035036 0.040994377456613579 -0.0036123401722333889 0.017609930023856975 -0.039854786729874837 0.0033788261122426437 0.02193436203217667
leaf_weight=45.598563000559807 26.450519159436226 682.93245303630829 118.70409293472767 90.963243424892426 87.95991525053978 138.93745784461498
leaf_count=227 22 1766 235 529 160 189
internal_value=0.000402303 -0.00442617 -0.000334254 -0.0275174 0.018491 0.0151829
internal_weight=1191.55 938.198 801.637 136.562 253.348 226.897
internal_count=3128 2757 2001 756 371 349
is_linear=0
shrinkage=0.04


Tree=53
num_leaves=7
num_cat=0
split_feature=0 4 8 0 2 4
split_gain=54.386 59.1918 53.975 34.2679 27.0886 22.9101
threshold=0.12257500000000002 10.15 -7079.8049999999994 0.28811500000000007 3616.3400000000006 13.950000000000001
decision_type=2 2 2 2 2 2
left_child=4 3 -3 -2 5 -1
right_child=1 2 -4 -5 -6 -7
leaf_value=-0.048976018699113624 0.028520425775487981 0.013968829334672077 -0.015229682402107519 0.0070041491884947939 0.008521032782352252 -0.011317732325094402
leaf_weight=53.160784758627415 170.78634774684906 145.83795361220837 309.84408396482468 434.01490654051304 35.165030792355537 65.132760137319565
leaf_count=329 258 275 1030 824 96 335
internal_value=0.00177067 0.00506144 -0.0056899 0.0132858 -0.0202283 -0.0294392
internal_weight=1213.94 1060.48 455.682 604.801 153.459 118.294
internal_count=3147 2387 1305 1082 760 664
is_linear=0
shrinkage=0.04


Tree=54
num_leaves=5
num_cat=0
split_feature=3 3 9 4
split_gain=41.6302 32.6213 58.7649 38.7235
threshold=0.05050000000000001 0.37400000000000005 0.89450000000000018 14.450000000000001
decision_type=2 2 2 2
left_child=-1 3 -3 -2
right_child=1 2 -4 -5
leaf_value=-0.058219315678045891 -0.0016220226906925744 0.015154367803596568 -0.0082890006105734697 0.035083902857717016
leaf_weight=18.013772755861282 90.189236089587212 218.12131667137146 749.5478398874402 83.90935905277729
leaf_count=75 221 404 2276 147
internal_value=-0.00102813 0 -0.00290179 0.0158122
internal_weight=1159.78 1141.77 967.669 174.099
internal_count=3123 3048 2680 368
is_linear=0
shrinkage=0.04


Tree=55
num_leaves=7
num_cat=0
split_feature=0 6 6 4 4 6
split_gain=95.7153 28.322 39.2479 24.5365 33.882 18.8157
threshold=0.12257500000000002 15.010012340000001 0.16220795000000002 15.450000000000001 17.950000000000003 16.114876360000004
decision_type=2 2 2 2 2 2
left_child=3 2 -2 -1 -5 -3
right_child=1 5 -4 4 -6 -7
leaf_value=-0.045346079277519574 0.0040215785005496465 -0.051323036967255473 0.025377387589160125 0.023763518258735523 -0.03360005905348027 -0.0021361790383031894
leaf_weight=72.378244645893574 841.05836351215839 18.674284517765045 166.77508457005024 25.359748020768166 36.938060477375984 41.311686158180237
leaf_count=430 1959 71 262 85 226 99
internal_value=0.00193358 0.00601962 0.00767799 -0.0294925 -0.00899187 -0.0199011
internal_weight=1202.5 1067.82 1007.83 134.676 62.2978 59.986
internal_count=3132 2391 2221 741 311 170
is_linear=0
shrinkage=0.04


Tree=56
num_leaves=7
num_cat=0
split_feature=0 7 6 9 8 6
split_gain=52.334 52.5419 44.8518 33.2023 28.6302 27.8697
threshold=0.12257500000000002 0.25403225806451618 12.932435640000001 0.87950000000000006 3204.3600000000001 15.010012340000001
decision_type=2 2 2 2 2 2
left_child=2 4 3 -1 -2 -3
right_child=1 5 -4 -5 -6 -7
leaf_value=0.0062128446255757374 0.015691480413453921 -0.0026287299210193326 0.033717540897176594 -0.040649951413086763 -0.022989606928197195 -0.038960169717088988
leaf_weight=26.951375558972359 429.93943059444427 553.61067733168602 17.113558813929558 105.58291405439377 29.607061475515366 34.693139106035233
leaf_count=80 853 1353 24 675 90 118
internal_value=-0.00032338 0.00278231 -0.0223472 -0.0305749 0.0129372 -0.00503151
internal_weight=1197.5 1047.85 149.648 132.534 459.546 588.304
internal_count=3193 2414 779 755 943 1471
is_linear=0
shrinkage=0.04


Tree=57
num_leaves=7
num_cat=0
split_feature=4 1 9 8 5 0
split_gain=43.712 56.3178 45.2728 56.9305 27.1868 24.315
threshold=8.3500000000000032 -1.0000000180025095e-35 0.91550000000000009 -26774.254999999997 57.045000000000009 0.12494500000000001
decision_type=2 2 2 2 2 2
left_child=1 -1 4 -4 -2 -3
right_child=2 5 3 -5 -6 -7
leaf_value=-0.053662426791899684 0.056767258819413517 -0.014548621468279151 0.019685765512309911 -0.015762374186395468 0.0064969659183791474 0.015792174555659125
leaf_weight=18.825872346758842 20.035474419593811 42.346358068287373 81.943024352192879 473.12346479296684 108.2841983884573 447.8605242818594
leaf_count=74 14 202 137 1714 234 755
internal_value=0.00123269 0.0101393 -0.0052951 -0.0103338 0.0157106 0.0129602
internal_weight=1192.42 509.033 683.386 555.066 128.32 490.207
internal_count=3130 1031 2099 1851 248 957
is_linear=0
shrinkage=0.04


Tree=58
num_leaves=7
num_cat=0
split_feature=1 3 11 11 9 5
split_gain=48.0968 35.3422 34.2931 8.74736 13.3196 4.09852
threshold=0.029725000000000005 0.05050000000000001 170.50000000000003 11.500000000000002 0.85350000000000004 57.235000000000007
decision_type=2 2 2 2 2 2
left_child=1 -1 -3 5 -5 -2
right_child=3 2 -4 4 -6 -7
leaf_value=-0.060698366040798625 0.034019019041966352 -0.0050963772056821493 0.026850319685944306 -0.021225412130433417 0.013751027919209607 0.015564602985908782
leaf_weight=15.560948073863981 43.653708532452583 868.73156629502773 54.769219860434532 20.205169081687927 67.366787418723106 105.52548776566982
leaf_count=68 46 2642 83 51 104 162
internal_value=-9.33841e-05 -0.00422844 -0.00306137 0.0158711 0.00449416 0.0218726
internal_weight=1175.81 939.062 923.501 236.751 87.572 149.179
internal_count=3156 2793 2725 363 155 208
is_linear=0
shrinkage=0.04


Tree=59
num_leaves=6
num_cat=0
split_feature=3 0 9 3 5
split_gain=41.742 38.1538 62.0019 44.827 5.88808
threshold=0.067000000000000018 0.69803000000000004 0.94850000000000001 0.89300000000000013 57.395000000000003
decision_type=2 2 2 2 2
left_child=4 2 -2 -3 -1
right_child=1 3 -4 -5 -6
leaf_value=-0.060488312251946147 0.01511255032332713 0.0222508051028961 -0.010634276814262099 -0.0052431319737931753 -0.0089348228110170229
leaf_weight=17.69761593639851 202.70429654419422 246.14740346372128 543.25858102738857 146.0766629576683 10.285617068409918
leaf_count=81 383 409 1888 340 26
internal_value=0.000427183 0.00171925 -0.0035093 0.0118336 -0.0460673
internal_weight=1166.17 1138.19 745.963 392.224 27.9832
internal_count=3127 3020 2271 749 107
is_linear=0
shrinkage=0.04


Tree=60
num_leaves=7
num_cat=0
split_feature=0 11 1 5 5 5
split_gain=47.0505 56.1102 55.398 45.2228 42.4706 68.4755
threshold=0.69803000000000004 8.5000000000000018 0.009955000000000002 57.07500000000001 56.875000000000007 56.915000000000006
decision_type=2 2 2 2 2 2
left_child=1 3 -3 -1 -2 -6
right_child=4 2 -4 -5 5 -7
leaf_value=0.029563399120148218 0.042683069738108086 0.010684099169601943 -0.023922642421222457 -0.0026535978945842016 -0.065228340845255806 0.0098690975199038876
leaf_weight=91.186560273170471 56.361894950270653 91.273380734026432 319.41423096507788 262.41294534504414 18.478282198309898 328.74991692602634
leaf_count=244 72 205 1129 799 77 626
internal_value=-5.10876e-05 -0.00594982 -0.0160231 0.00554912 0.0108965 0.00529293
internal_weight=1167.88 764.287 410.688 353.6 403.59 347.228
internal_count=3152 2377 1334 1043 775 703
is_linear=0
shrinkage=0.04


Tree=61
num_leaves=7
num_cat=0
split_feature=0 7 2 5 2 9
split_gain=73.8743 27.1979 44.3857 42.5898 25.3906 21.8136
threshold=0.12644500000000003 0.25403225806451618 -15530.194999999998 57.215000000000011 3616.3400000000006 1.0960000000000003
decision_type=2 2 2 2 2 2
left_child=4 3 -3 -2 5 -1
right_child=1 2 -4 -5 -6 -7
leaf_value=-0.041207164077227458 0.029336639379567795 0.018764394615025371 -0.0062138439400625757 0.0029519130865267008 0.0045141614954742467 0.0020814656392815758
leaf_weight=95.248403295874596 161.00068437308073 149.57231841981411 455.06617124378681 266.13649968802929 31.779021322727203 18.544345647096634
leaf_count=624 259 239 1212 608 98 77
internal_value=0.00163255 0.00547259 0 0.0131739 -0.0247479 -0.0335476
internal_weight=1177.35 1031.78 604.638 427.137 145.572 113.793
internal_count=3117 2318 1451 867 799 701
is_linear=0
shrinkage=0.04


Tree=62
num_leaves=5
num_cat=0
split_feature=3 9 0 5
split_gain=44.0835 33.99 71.7682 40.3933
threshold=0.05050000000000001 0.94850000000000001 0.69803000000000004 57.085000000000008
decision_type=2 2 2 2
left_child=-1 3 -3 -2
right_child=1 2 -4 -5
leaf_value=-0.057033452640049095 0.04768635953491393 -0.011003882995808135 0.012833615307540598 0.0066130420284355529
leaf_weight=18.759279891848564 45.065873265266418 550.0149278268218 315.24852056801319 254.28393217921257
leaf_count=79 41 1924 606 516
internal_value=0.000634721 0.00172838 -0.00221716 0.0133374
internal_weight=1183.37 1164.61 865.263 299.35
internal_count=3166 3087 2530 557
is_linear=0
shrinkage=0.04


Tree=63
num_leaves=7
num_cat=0
split_feature=0 3 3 9 8 5
split_gain=42.6691 31.4271 29.0742 20.0974 13.9678 11.5309
threshold=0.12040000000000002 0.067000000000000018 0.37400000000000005 0.89850000000000019 5588.3000000000011 57.395000000000003
decision_type=2 2 2 2 2 2
left_child=3 5 -3 4 -1 -2
right_child=1 2 -4 -5 -6 -7
leaf_value=-0.019981306937015459 -0.059452869067919231 0.01798554379243842 -0.00040699534839324205 -0.031156681389531565 0.029262949584226455 -0.00018809813881892192
leaf_weight=15.745435178279878 16.076967306435112 161.39741931855679 820.68959818780422 102.08321457356215 16.144848585128784 11.390967130661009
leaf_count=69 69 312 1988 659 21 26
internal_value=-0.00148384 0.00127202 0.00256477 -0.0225521 0.00284432 -0.0392714
internal_weight=1143.53 1009.55 982.087 133.973 31.8903 27.4679
internal_count=3144 2395 2300 749 90 95
is_linear=0
shrinkage=0.04


Tree=64
num_leaves=7
num_cat=0
split_feature=0 4 3 3 6 3
split_gain=38.3147 38.9771 51.9774 29.5716 26.694 25.6336
threshold=0.13120500000000004 10.15 0.37400000000000005 0.98250000000000004 12.932435640000001 5.1455000000000011
decision_type=2 2 2 2 2 2
left_child=3 -2 -3 4 -1 -5
right_child=1 2 -4 5 -6 -7
leaf_value=-0.042933033331963001 0.010850684674822973 0.019686913694662272 -0.012674980712361313 0.010307447610326068 0.02761688954661223 -0.045849736443675432
leaf_weight=68.484640769660473 571.52938862890005 100.76922382414341 333.8575901389122 67.045260190963745 6.9588161259889594 14.020417653024195
leaf_count=487 1042 204 1046 273 9 79
internal_value=0.00101991 0.00395713 -0.00493277 -0.0171697 -0.0348474 0
internal_weight=1162.67 1006.16 434.627 156.509 75.4435 81.0657
internal_count=3140 2292 1250 848 496 352
is_linear=0
shrinkage=0.04


Tree=65
num_leaves=7
num_cat=0
split_feature=1 0 1 5 5 7
split_gain=39.8536 45.3914 116.04 46.912 6.02635 9.93492
threshold=0.03135000000000001 0.69803000000000004 0.010130000000000002 56.845000000000006 57.345000000000006 0.26006441223832533
decision_type=2 2 2 2 2 2
left_child=1 2 -1 -3 5 -2
right_child=4 3 -4 -5 -6 -7
leaf_value=0.014421194441313264 0.016159715756360063 0.052964667425222565 -0.021876921621306736 0.0038711625294768283 0.023694254298874246 -0.0093999108044944563
leaf_weight=214.51003206521273 78.031568519771099 33.435591474175453 393.75341448187828 308.92491011321545 108.42766742408276 29.164676055312157
leaf_count=509 118 33 1609 659 144 65
internal_value=0.00113143 -0.00232522 -0.00893964 0.00917781 0.0166197 0.00842833
internal_weight=1166.25 950.624 608.263 342.361 215.624 107.196
internal_count=3137 2810 2118 692 327 183
is_linear=0
shrinkage=0.04


Tree=66
num_leaves=7
num_cat=0
split_feature=4 3 2 10 5 4
split_gain=32.755 44.3977 31.4196 44.9067 38.4076 30.18
threshold=8.3500000000000032 0.24250000000000002 -3067.5099999999998 2.5000000000000004 58.105000000000011 0.75000000000000011
decision_type=2 2 2 2 2 2
left_child=1 -1 3 -2 -4 -3
right_child=2 5 4 -5 -6 -7
leaf_value=-0.036384690063776835 0.029448057214487098 -0.033796753222180377 -0.018849378609345963 -0.0067928194215123331 0.026250802802206923 0.012402827163497799
leaf_weight=33.326028667390347 72.402318216860294 21.165534287691116 344.65169870853424 199.98426920175552 29.950935408473015 423.85673222690821
leaf_count=115 127 70 1366 562 42 838
internal_value=-0.00147506 0.00635701 -0.00739068 0.00269314 -0.0149108 0.00988521
internal_weight=1125.34 478.348 646.989 272.387 374.603 445.022
internal_count=3120 1023 2097 689 1408 908
is_linear=0
shrinkage=0.04


Tree=67
num_leaves=7
num_cat=0
split_feature=4 4 6 3 2 9
split_gain=36.8318 31.3452 32.263 29.6272 21.288 11.0444
threshold=22.450000000000003 21.250000000000004 0.020938225000000001 1.2155000000000002 4158.0500000000002 0.99550000000000016
decision_type=2 2 2 2 2 2
left_child=1 2 -1 4 -2 -5
right_child=3 -3 -4 5 -6 -7
leaf_value=0.021920313653682921 -0.012048592441647486 0.03299529874854356 0.00018901534623585174 -0.00047118954560558215 0.036862095759068833 -0.056153819163988733
leaf_weight=124.55437958240509 89.838163755834103 58.336891569197178 860.87547449022532 10.538643971085547 14.472200661897658 30.728834129869938
leaf_count=211 315 104 2338 26 30 156
internal_value=0.00216979 0.00486537 0.00305562 -0.016419 -0.00394431 -0.044462
internal_weight=1189.34 1043.77 985.43 145.578 104.31 41.2675
internal_count=3180 2653 2549 527 345 182
is_linear=0
shrinkage=0.04


Tree=68
num_leaves=6
num_cat=0
split_feature=4 3 3 8 8
split_gain=42.2139 33.8054 35.3406 31.6639 38.1537
threshold=22.450000000000003 28.019000000000002 0.13350000000000004 8709.0850000000009 -7079.8049999999994
decision_type=2 2 2 2 2
left_child=1 2 -1 4 -2
right_child=3 -3 -4 -5 -6
leaf_value=-0.033006533219488501 -0.00051043234621746237 -0.051730678206539711 0.0057673158182676518 0.025718569253545591 -0.046002078552639179
leaf_weight=36.684385426342487 55.304168500006199 15.438202135264872 957.28648533672094 17.955828666687012 71.712066300213337
leaf_count=126 142 64 2431 37 355
internal_value=0.000178711 0.00315756 0.00419256 -0.0197787 -0.0271296
internal_weight=1154.38 1009.41 993.971 144.972 127.016
internal_count=3155 2621 2557 534 497
is_linear=0
shrinkage=0.04


Tree=69
num_leaves=4
num_cat=0
split_feature=3 3 6
split_gain=33.3713 33.0046 28.3387
threshold=28.019000000000002 0.05050000000000001 0.16220795000000002
decision_type=2 2 2
left_child=1 -1 -3
right_child=-2 2 -4
leaf_value=-0.046072558579522832 -0.050166367774723553 -0.00031864812106751332 0.015073552991263776
leaf_weight=20.221800282597542 17.926694087684155 853.85722541064024 241.22115157544613
leaf_count=84 76 2425 513
internal_value=0.000995417 0.00197769 0.00302029
internal_weight=1133.23 1115.3 1095.08
internal_count=3098 3022 2938
is_linear=0
shrinkage=0.04


Tree=70
num_leaves=7
num_cat=0
split_feature=4 0 9 3 0 0
split_gain=43.3545 31.2574 31.6301 28.4019 23.0988 20.1835
threshold=22.450000000000003 1.7255800000000001 0.94850000000000001 1.1330000000000002 1.9308400000000001 0.30025000000000007
decision_type=2 2 2 2 2 2
left_child=1 2 -1 5 -3 -2
right_child=3 4 -4 -5 -6 -7
leaf_value=0.01217089992284172 -0.035682101582602196 0.04032433260620364 -0.0041917642076940301 -0.047448511952185503 0.0038485155437395597 0.0044882640278410468
leaf_weight=266.171665802598 25.537603348493576 57.337862938642502 634.26465599238873 42.468725048005581 63.336563214659691 63.354638740420341
leaf_count=503 150 65 1956 201 134 159
internal_value=0.00038267 0.00324601 0.000572693 -0.02099 0.0222068 -0.00670322
internal_weight=1152.47 1021.11 900.436 131.361 120.674 88.8922
internal_count=3168 2658 2459 510 199 309
is_linear=0
shrinkage=0.04


Tree=71
num_leaves=7
num_cat=0
split_feature=0 7 7 8 8 6
split_gain=32.986 30.7556 36.5438 25.1611 23.1278 18.2617
threshold=0.13933000000000004 0.16954022988505749 0.20710784313725492 3460.7050000000004 -4933.5749999999998 0.012884670000000003
decision_type=2 2 2 2 2 2
left_child=4 3 -3 -2 -1 -6
right_child=1 2 -4 -5 5 -7
leaf_value=-0.046483592614008931 0.017108629903646685 -0.048666405033396698 0.00021104573043220331 -0.023222085963963694 0.042278050149575766 -0.012185944461696144
leaf_weight=31.044287696480751 285.44351693987846 23.326550513505936 644.12528829276562 23.749857395887375 8.2004635855555517 128.56560234725475
leaf_count=188 553 85 1548 72 24 683
internal_value=0.0003208 0.00321221 -0.00151794 0.0136243 -0.0158755 -0.00778151
internal_weight=1144.46 976.645 667.452 309.193 167.81 136.766
internal_count=3153 2258 1633 625 895 707
is_linear=0
shrinkage=0.04


Tree=72
num_leaves=7
num_cat=0
split_feature=6 6 0 9 5 0
split_gain=32.3373 66.8241 62.1098 44.5486 32.1588 30.3929
threshold=0.16220795000000002 0.29717336000000005 0.49964500000000006 1.0960000000000003 57.495000000000012 1.8876250000000001
decision_type=2 2 2 2 2 2
left_child=2 -2 3 -1 -3 -4
right_child=1 4 5 -5 -6 -7
leaf_value=-0.01994777309808405 0.037804900842501862 -0.011953249459856232 0.011505760923827586 0.016893657186543672 0.031138080958224332 -0.014969799381742513
leaf_weight=381.97115907818079 96.716931104660034 138.81334294378757 352.81762571632862 56.916192583739758 32.071812093257904 82.182936921715736
leaf_count=1566 141 412 677 118 37 222
internal_value=-0.00050029 0.0115345 -0.00429486 -0.0149337 -0.00313645 0.00627515
internal_weight=1141.49 267.602 873.888 438.887 170.885 435.001
internal_count=3173 590 2583 1684 449 899
is_linear=0
shrinkage=0.04


Tree=73
num_leaves=7
num_cat=0
split_feature=6 6 5 9 10 5
split_gain=27.26 32.2448 30.2331 27.9965 25.105 10.5368
threshold=0.020938225000000001 0.055892955000000008 56.935000000000009 1.6120000000000003 4.5000000000000009 57.395000000000003
decision_type=2 2 2 2 2 2
left_child=4 3 -3 -2 -1 -6
right_child=1 2 -4 -5 5 -7
leaf_value=-0.013305222268173955 -0.028091464113575628 -0.011045752422728561 0.0059061432771053898 0.027016379493178037 0.040268938086808703 0.011879581829492432
leaf_weight=27.722705714404583 103.27864900976419 220.43486974388361 674.92670878767967 14.07214470207691 52.566405922174454 54.991768501698971
leaf_count=82 321 763 1772 21 79 94
internal_value=0.00130153 -0.000889074 0.00162818 -0.0204709 0.0180572 0.0269662
internal_weight=1147.99 1012.71 895.362 117.351 135.281 107.558
internal_count=3132 2877 2535 342 255 173
is_linear=0
shrinkage=0.04


Tree=74
num_leaves=4
num_cat=0
split_feature=3 3 4
split_gain=30.4112 24.5849 22.5857
threshold=0.05050000000000001 28.019000000000002 22.450000000000003
decision_type=2 2 2
left_child=-1 2 -2
right_child=1 -3 -4
leaf_value=-0.050878622790813031 0.0035235841435114607 -0.040580178075925309 -0.013596888388522715
leaf_weight=16.842936657369137 952.62533124536276 20.913789168000221 138.65986671298742
leaf_count=74 2468 81 505
internal_value=-0.000457439 0.000324287 0.00125417
internal_weight=1129.04 1112.2 1091.29
internal_count=3128 3054 2973
is_linear=0
shrinkage=0.04


Tree=75
num_leaves=5
num_cat=0
split_feature=3 4 3 4
split_gain=37.2435 33.8481 33.2115 25.2564
threshold=0.05050000000000001 22.450000000000003 1.0015000000000003 21.250000000000004
decision_type=2 2 2 2
left_child=-1 3 -3 -2
right_child=1 2 -4 -5
leaf_value=-0.056919322446159659 0.0017897862077064747 -0.0027345699623365807 -0.04565957435875595 0.02938652668002029
leaf_weight=16.155492126941681 936.33065687119961 90.849505096673965 43.798462189733982 55.082849733531475
leaf_count=78 2480 304 210 100
internal_value=-1.88444e-05 0.000826051 -0.0177466 0.00345967
internal_weight=1142.22 1126.06 134.648 991.414
internal_count=3172 3094 514 2580
is_linear=0
shrinkage=0.04


Tree=76
num_leaves=7
num_cat=0
split_feature=7 5 5 5 5 6
split_gain=30.484 48.8724 57.167 35.5291 79.668 42.2499
threshold=0.25403225806451618 57.195000000000007 56.885000000000012 57.225000000000001 56.875000000000007 15.556752810000001
decision_type=2 2 2 2 2 2
left_child=1 2 -1 4 -2 -5
right_child=3 -3 -4 5 -6 -7
leaf_value=-0.029680546286227447 0.016187341537190113 -0.0030626104931748515 0.030128162075865456 0.0064275277522777763 -0.030580361671707933 -0.047144223327302205
leaf_weight=26.928821876645088 77.427236065268517 339.29853641241789 174.97061573714018 292.58572329580784 203.43055037409067 23.470346808433533
leaf_count=153 181 1017 397 623 728 86
internal_value=-0.000768201 0.00601606 0.0215458 -0.00705234 -0.0173813 0.00192632
internal_weight=1138.11 541.198 201.899 596.914 280.858 316.056
internal_count=3185 1567 550 1618 909 709
is_linear=0
shrinkage=0.04


Tree=77
num_leaves=7
num_cat=0
split_feature=2 0 8 7 2 3
split_gain=42.4938 34.7495 34.0823 25.7991 23.3037 15.1753
threshold=96.845000000000013 0.081500000000000017 1631.3700000000001 0.25403225806451618 4585.3550000000005 4.2170000000000014
decision_type=2 2 2 2 2 2
left_child=1 -1 5 -3 -4 -2
right_child=2 3 4 -5 -6 -7
leaf_value=-0.035733555413363337 -0.028645703790677143 0.014937303534848383 0.014413592300585355 0 -0.01430423733167622 0.00039059445168304125
leaf_weight=29.911759234964848 155.25358308851719 329.85079944133759 93.078485585749149 419.13685796409845 83.799242682754993 28.611656792461872
leaf_count=210 671 729 248 973 265 77
internal_value=-0.000393656 0.00478953 -0.0117702 0.00660525 0.000352922 -0.0237413
internal_weight=1139.64 778.899 360.743 748.988 176.878 183.865
internal_count=3173 1912 1261 1702 513 748
is_linear=0
shrinkage=0.04


Tree=78
num_leaves=7
num_cat=0
split_feature=0 10 5 6 3 0
split_gain=31.4946 39.0393 28.5452 28.5192 31.0319 17.9084
threshold=0.12644500000000003 20.500000000000004 56.875000000000007 12.932435640000001 0.98250000000000004 0.48500000000000004
decision_type=2 2 2 2 2 2
left_child=3 2 -2 4 -1 -3
right_child=1 5 -4 -5 -6 -7
leaf_value=-0.045345501878340952 0.020551523244690277 0 -0.0023266552535196969 0.029580449192470045 -0.0036567073496227916 0.031892701650383819
leaf_weight=55.423964165151119 96.470235288143158 40.460269138216972 758.59581359475851 15.537245675921438 66.857889741659164 99.731866091489792
leaf_count=444 211 106 1863 26 333 144
internal_value=0.000968122 0.00352551 0.000203099 -0.0167141 -0.0236214 0.0229392
internal_weight=1133.08 995.258 855.066 137.819 122.282 140.192
internal_count=3127 2324 2074 803 777 250
is_linear=0
shrinkage=0.04


Tree=79
num_leaves=5
num_cat=0
split_feature=3 2 7 7
split_gain=31.0137 30.6882 36.55 24.0781
threshold=0.05050000000000001 -33474.87999999999 1.6769449715370022 1.9756944444444449
decision_type=2 2 2 2
left_child=-1 3 -3 -2
right_child=1 2 -4 -5
leaf_value=-0.046927837469300314 0.00269823863122744 0.0028019537504810465 -0.026906058609972049 0.039760732692445837
leaf_weight=18.104820877313614 61.429252952337265 950.44113598763943 69.070417702198029 59.445146024227142
leaf_count=83 126 2666 240 58
internal_value=0.00209157 0.00302063 0.000662226 0.0219269
internal_weight=1158.49 1140.39 1019.51 120.874
internal_count=3173 3090 2906 184
is_linear=0
shrinkage=0.04


Tree=80
num_leaves=7
num_cat=0
split_feature=0 10 6 2 2 7
split_gain=32.273 31.9487 35.5412 22.6892 24.3213 15.3076
threshold=0.14589500000000002 20.500000000000004 0.16220795000000002 -4887.0949999999984 -216.80999999999997 1.4485294117647061
decision_type=2 2 2 2 2 2
left_child=3 2 -2 -1 -5 -3
right_child=1 5 -4 4 -6 -7
leaf_value=-0.041178244105983433 -0.0026730579906230358 0.03021864221656299 0.016590227659158081 0.021612051602535928 -0.015562458952301695 0
leaf_weight=36.601062014698982 650.49856808781624 102.72949824482203 197.00375258922577 35.255003534257412 103.78697887063026 36.431683167815208
leaf_count=220 1650 151 356 141 574 92
internal_value=0.00190302 0.00478056 0.00173908 -0.0136829 -0.00539661 0.0224496
internal_weight=1162.31 986.664 847.502 175.643 139.042 139.161
internal_count=3184 2249 2006 935 715 243
is_linear=0
shrinkage=0.04


Tree=81
num_leaves=7
num_cat=0
split_feature=0 11 0 0 6 5
split_gain=23.7387 26.9156 31.8659 29.3467 23.8866 21.3719
threshold=0.12644500000000003 4.5000000000000009 0.49964500000000006 0.38882500000000003 12.932435640000001 57.055000000000007
decision_type=2 2 2 2 2 2
left_child=4 3 -3 -2 5 -1
right_child=1 2 -4 -5 -6 -7
leaf_value=0.0017064523995437427 0.028215700844510017 -0.0090704772496270625 0.0068573132802206707 -0.0035160300154298651 0.026560078847788056 -0.031977152881500374
leaf_weight=39.502967014908791 123.34370634704828 347.95449215173721 469.97258502244949 67.046711653470993 16.707357510924339 83.737214416265488
leaf_count=242 191 1033 973 147 27 546
internal_value=0.00102773 0.00324264 0 0.016705 -0.0141879 -0.0206867
internal_weight=1148.27 1008.32 817.927 190.39 139.948 123.24
internal_count=3159 2344 2006 338 815 788
is_linear=0
shrinkage=0.04


Tree=82
num_leaves=7
num_cat=0
split_feature=2 11 3 11 3 8
split_gain=29.707 45.8447 26.4288 26.2888 20.0944 15.3132
threshold=-33474.87999999999 117.50000000000001 0.81250000000000011 170.50000000000003 0.42450000000000004 -42843.509999999987
decision_type=2 2 2 2 2 2
left_child=3 2 -2 5 -3 -1
right_child=1 4 -4 -5 -6 -7
leaf_value=-0.014649052829157832 -0.0091471841445227662 0 0.0053233666089106237 0.046220980353207056 -0.051866895411882344 0.018661880874306015
leaf_weight=31.34782500565052 284.53401082009077 14.428826019167898 673.66803040355444 38.835439920425415 37.282875150442123 56.609546594321728
leaf_count=85 904 37 1840 31 169 86
internal_value=0.00123059 -0.000999513 0.00093298 0.0193544 -0.0369988 0.00583888
internal_weight=1136.71 1009.91 958.202 126.793 51.7117 87.9574
internal_count=3152 2950 2744 202 206 171
is_linear=0
shrinkage=0.04


Tree=83
num_leaves=5
num_cat=0
split_feature=3 4 4 6
split_gain=34.8122 24.2689 32.9304 31.5272
threshold=28.019000000000002 2.6500000000000008 0.75000000000000011 0.020938225000000001
decision_type=2 2 2 2
left_child=1 2 -1 -3
right_child=-2 3 -4 -5
leaf_value=-0.023342885122265341 -0.055185241167268952 0.016767643946424351 0.027490536783769046 -0.0043983281493852793
leaf_weight=22.266855701804161 16.299148745834827 126.58476088941097 98.481327600777149 867.90923818200827
leaf_count=68 78 247 148 2656
internal_value=-0.000427067 0.000398968 0.0172371 -0.00159568
internal_weight=1131.54 1115.24 120.748 994.494
internal_count=3197 3119 216 2903
is_linear=0
shrinkage=0.04


Tree=84
num_leaves=7
num_cat=0
split_feature=6 11 6 6 5 0
split_gain=25.5489 37.1938 34.1958 31.1205 36.5906 35.577
threshold=15.010012340000001 4.5000000000000009 18.958058495000007 0.16220795000000002 57.025000000000013 0.49964500000000006
decision_type=2 2 2 2 2 2
left_child=3 -2 -3 5 -5 -1
right_child=1 2 -4 4 -6 -7
leaf_value=-0.0092036672891535696 0.015122810572834421 -0.070168818650604869 0.0049583200043457941 0.052347477800825243 0.0072773789528110698 0.0067217168666510183
leaf_weight=442.83442271500826 20.670032039284706 27.586591780185699 11.235986411571501 35.615154355764389 155.45826450362802 448.11295171827078
leaf_count=1648 35 121 22 31 376 926
internal_value=0.000471155 -0.0245167 -0.0472882 0.00196155 0.0165478 -0.00110709
internal_weight=1141.51 59.4926 38.8226 1082.02 191.073 890.947
internal_count=3159 178 143 2981 407 2574
is_linear=0
shrinkage=0.04


Tree=85
num_leaves=4
num_cat=0
split_feature=3 1 2
split_gain=31.3572 20.6955 21.9357
threshold=0.05050000000000001 0.086185000000000025 -33474.87999999999
decision_type=2 2 2
left_child=-1 2 -2
right_child=1 -3 -4
leaf_value=-0.052640075180426876 0.017163664334688571 0.029692586531888748 -0.001336826502494828
leaf_weight=15.174666121602057 112.6720237582922 38.963390335440636 941.96008152514696
leaf_count=77 184 46 2803
internal_value=0.000844922 0.00175484 0.000592715
internal_weight=1108.77 1093.6 1054.63
internal_count=3110 3033 2987
is_linear=0
shrinkage=0.04


Tree=86
num_leaves=7
num_cat=0
split_feature=1 4 11 11 7 11
split_gain=28.9811 25.3432 27.7721 27.0855 7.40683 14.0498
threshold=0.030015000000000003 2.4500000000000006 12.500000000000002 170.50000000000003 0.19460028050490888 15.500000000000002
decision_type=2 2 2 2 2 2
left_child=1 2 -1 -3 -2 -6
right_child=4 3 -4 -5 5 -7
leaf_value=-0.017976727592946131 0.019147242920484506 -0.0080956495376603658 0.027769851880612446 0.022081570816077593 -0.021903038490226026 0.012204667707767338
leaf_weight=25.784532159566879 120.63262505084276 755.26820014044642 73.24973052740097 47.637092649936676 22.951125487685204 75.266113594174385
leaf_count=85 180 2530 107 80 58 121
internal_value=-0.00048071 -0.00372184 0.0149474 -0.0061554 0.0124273 0.00315816
internal_weight=1120.79 901.94 99.0343 802.905 218.85 98.2172
internal_count=3161 2802 192 2610 359 179
is_linear=0
shrinkage=0.04


Tree=87
num_leaves=4
num_cat=0
split_feature=3 3 9
split_gain=29.8709 28.9945 24.3097
threshold=28.019000000000002 0.05050000000000001 0.96150000000000013
decision_type=2 2 2
left_child=1 -1 -3
right_child=-2 2 -4
leaf_value=-0.051889132142674169 -0.047683365374379713 0.013428487964213929 -8.7688796291677444e-05
leaf_weight=13.306012704968451 17.21370829641819 280.57889962941408 817.13658849149942
leaf_count=68 76 522 2461
internal_value=0.00156816 0.00248743 0.00331247
internal_weight=1128.24 1111.02 1097.72
internal_count=3127 3051 2983
is_linear=0
shrinkage=0.04


Tree=88
num_leaves=7
num_cat=0
split_feature=1 3 11 3 1 1
split_gain=31.3577 33.6052 39.7052 27.5607 6.51487 12.4764
threshold=0.029725000000000005 1.8080000000000003 170.50000000000003 3.8720000000000003 0.041320000000000003 0.086185000000000025
decision_type=2 2 2 2 2 2
left_child=1 2 -1 -3 -2 -6
right_child=4 3 -4 -5 5 -7
leaf_value=-0.0013540047448454692 0.020343681533718128 -0.036213272949410291 0.039687384899351197 -0.0037061732598694308 -0.0038639776298651759 0.02364356387325791
leaf_weight=676.01561504229903 118.08021146059036 77.258050754666328 37.845776572823524 102.52984775602818 69.186090983450413 37.206389486789703
leaf_count=2143 173 321 44 289 140 50
internal_value=0.000304012 -0.00298583 0.000814876 -0.0183599 0.0136652 0.00527636
internal_weight=1118.12 893.649 713.861 179.788 224.473 106.392
internal_count=3160 2797 2187 610 363 190
is_linear=0
shrinkage=0.04


Tree=89
num_leaves=7
num_cat=0
split_feature=10 11 0 7 10 3
split_gain=23.7443 70.7931 69.8529 33.3565 66.0159 28.0469
threshold=11.500000000000002 25.500000000000004 0.62800500000000015 0.95742753623188415 2.5000000000000004 1.3685000000000003
decision_type=2 2 2 2 2 2
left_child=3 5 -3 4 -1 -2
right_child=1 2 -4 -5 -6 -7
leaf_value=0.0094236246485116526 0.0073491460801017299 -0.045175077156694048 0.0050310945284418075 0.013010647450499688 -0.020184612520065488 0.033572903203979612
leaf_weight=184.40729029476643 150.4858328178525 63.018806967884302 131.51045319437981 130.44658894091845 326.86638261005282 130.83165841549635
leaf_count=455 451 308 276 279 1144 243
internal_value=0.000282669 0.00710407 -0.0111206 -0.0046576 -0.00935448 0.0199782
internal_weight=1117.57 475.847 194.529 641.72 511.274 281.317
internal_count=3156 1278 584 1878 1599 694
is_linear=0
shrinkage=0.04


Tree=90
num_leaves=5
num_cat=0
split_feature=3 1 1 1
split_gain=27.5183 24.5078 30.5334 7.14716
threshold=28.019000000000002 0.031095000000000001 0.015205000000000002 0.039070000000000001
decision_type=2 2 2 2
left_child=1 2 -1 -3
right_child=-2 3 -4 -5
leaf_value=0.00067822858545224843 -0.04727478284164837 0.023080180930066817 -0.022214330062060913 0.0062522738126942479
leaf_weight=769.11548013240099 17.355972893536091 78.932563804090023 103.2583087682724 122.38285019248724
leaf_count=2363 78 110 334 215
internal_value=0 0.000846307 -0.00198456 0.0134058
internal_weight=1091.05 1073.69 872.374 201.315
internal_count=3100 3022 2697 325
is_linear=0
shrinkage=0.04


Tree=91
num_leaves=5
num_cat=0
split_feature=0 0 1 1
split_gain=22.2552 25.6426 68.8248 37.8083
threshold=2.4713650000000005 0.69803000000000004 0.010130000000000002 0.011265000000000002
decision_type=2 2 2 2
left_child=1 2 -1 -3
right_child=-2 3 -4 -5
leaf_value=0.014921561335534317 -0.043161325030179006 -0.023794570759422134 -0.011711238191329727 0.014161654778122213
leaf_weight=220.23015204071999 16.712076857686043 44.834707155823708 504.78373523056507 331.514195330441
leaf_count=529 61 129 1842 612
internal_value=1.96584e-05 0.00082444 -0.00349243 0.00932658
internal_weight=1118.07 1101.36 725.014 376.349
internal_count=3173 3112 2371 741
is_linear=0
shrinkage=0.04


Tree=92
num_leaves=6
num_cat=0
split_feature=11 11 10 8 8
split_gain=20.3859 28.8008 24.9885 16.4201 8.30752
threshold=170.50000000000003 114.50000000000001 11.500000000000002 -35206.939999999995 -26774.254999999997
decision_type=2 2 2 2 2
left_child=1 2 -1 -3 -2
right_child=4 3 -4 -5 -6
leaf_value=-0.0044400870782948746 0.039428804836940362 5.7797039304706898e-05 0.0084479409546326708 -0.040948486871834902 0.0038033253128837265
leaf_weight=611.11146833375096 26.55896945297718 18.396846756339073 392.81347764655948 41.650333553552628 26.15756568312645
leaf_count=1802 24 33 1081 175 61
internal_value=0.000125142 -0.00102549 0.000529953 -0.027499 0.0239989
internal_weight=1116.69 1063.97 1003.92 60.0472 52.7165
internal_count=3176 3091 2883 208 85
is_linear=0
shrinkage=0.04


Tree=93
num_leaves=7
num_cat=0
split_feature=1 0 2 0 6 5
split_gain=22.4262 29.5951 19.2516 13.403 8.32833 18.0892
threshold=0.03135000000000001 0.092030000000000015 -140281.28999999995 -0.28516999999999998 0.033053405000000001 57.495000000000012
decision_type=2 2 2 2 2 2
left_child=1 3 -3 -1 -2 -6
right_child=4 2 -4 -5 5 -7
leaf_value=0.01162144336711967 0.019773336823039701 0.034200271253500468 -0.0047630998691048131 -0.035238580480359903 -0.0074665074703844994 0.023736247888184764
leaf_weight=7.5145868957042685 68.63215234875679 18.433351188898087 782.85136759281158 70.162691198289394 90.52099946886301 41.05395844578743
leaf_count=23 99 18 2241 539 195 53
internal_value=-0.003315 -0.0061204 -0.00368425 -0.0295233 0.00854453 0.00188007
internal_weight=1079.17 878.962 801.285 77.6773 200.207 131.575
internal_count=3168 2821 2259 562 347 248
is_linear=0
shrinkage=0.04


Tree=94
num_leaves=7
num_cat=0
split_feature=4 1 8 1 9 1
split_gain=25.4022 31.5534 32.6139 30.7602 42.1891 34.2349
threshold=8.4500000000000011 -0.0011649999999999998 14383.465000000002 0.0041300000000000009 0.63550000000000006 0.0085100000000000019
decision_type=2 2 2 2 2 2
left_child=3 -2 -3 4 -1 -5
right_child=1 2 -4 5 -6 -7
leaf_value=0.023080112622809009 0.023827543324195448 -0.0097066422391465547 0.0290818424051996 0.035727834505998916 -0.052223336977517056 0.0059078001562153084
leaf_weight=16.532215937972069 55.221452377736568 533.81847874075174 34.289088189601898 74.517893522977829 27.899256438016891 383.33683884888887
leaf_count=24 133 1888 64 96 115 846
internal_value=0.00111244 -0.00419331 -0.00713136 0.00784594 -0.0226939 0.0110694
internal_weight=1125.62 623.329 568.108 502.286 44.4315 457.855
internal_count=3166 2085 1952 1081 139 942
is_linear=0
shrinkage=0.04


Tree=95
num_leaves=7
num_cat=0
split_feature=4 3 3 6 4 3
split_gain=22.9833 34.3405 29.7428 27.3047 23.7939 17.2782
threshold=8.4500000000000011 1.9030000000000002 1.4470000000000003 13.438310170000003 0.75000000000000011 0.76350000000000018
decision_type=2 2 2 2 2 2
left_child=4 2 -2 -3 -1 -6
right_child=1 3 -4 -5 5 -7
leaf_value=-0.035226327950309361 -0.005543668615401647 -0.035850198323932651 0.025405203828781038 0.015002886755044851 -0.0051438589711924462 0.011676578952271754
leaf_weight=19.935244344174862 448.6084371060133 90.665650881826878 53.413446128368378 17.026660308241844 127.21211542934179 344.05810452997684
leaf_count=69 1562 378 122 38 330 693
internal_value=-0.00138127 -0.00661561 -0.00200435 -0.0269538 0.00495418 0.00696457
internal_weight=1100.92 609.714 502.022 107.692 491.205 471.27
internal_count=3192 2100 1684 416 1092 1023
is_linear=0
shrinkage=0.04


Tree=96
num_leaves=7
num_cat=0
split_feature=3 3 1 11 11 5
split_gain=24.3167 38.6297 33.024 31.7244 25.2491 20.9915
threshold=1.8080000000000003 1.4470000000000003 0.031515000000000008 170.50000000000003 26.500000000000004 57.185000000000009
decision_type=2 2 2 2 2 2
left_child=1 3 4 -1 -2 -3
right_child=2 5 -4 -5 -6 -7
leaf_value=-0.0013757849958061794 -0.0091778289533588093 0.050777023701704067 0.011119797478136365 0.037279594900094158 -0.042746504139591461 0.0061431780503281202
leaf_weight=731.82722650840878 125.92634369432926 37.624579727649689 71.554474458098412 33.576486110687256 54.861715108156204 38.553999237716198
leaf_count=2230 407 49 119 38 223 89
internal_value=-4.46907e-05 0.00315066 -0.0109569 0.000308428 -0.0201585 0.0299462
internal_weight=1093.92 841.582 252.343 765.404 180.788 76.1786
internal_count=3155 2406 749 2268 630 138
is_linear=0
shrinkage=0.04


Tree=97
num_leaves=6
num_cat=0
split_feature=3 9 9 6 5
split_gain=22.9836 17.6425 28.1404 25.6572 5.99576
threshold=15.104500000000002 1.8855000000000002 5.5785000000000009 0.16220795000000002 57.315000000000005
decision_type=2 2 2 2 2
left_child=1 3 -3 -1 -2
right_child=4 2 -4 -5 -6
leaf_value=0.0012915907145190991 -0.046499942174173463 -0.053828284894162311 0.012045810487728664 0.016368350338253308 -0.0051626409349941286
leaf_weight=829.61266424879432 15.878367669880388 19.442970782518387 15.931585423648356 234.40578427910805 16.381467536091805
leaf_count=2428 76 90 32 489 43
internal_value=0.00264561 0.00370934 -0.0229632 0.00471256 -0.0293708
internal_weight=1131.65 1099.39 35.3746 1064.02 32.2598
internal_count=3158 3039 122 2917 119
is_linear=0
shrinkage=0.04


Tree=98
num_leaves=7
num_cat=0
split_feature=0 7 2 10 8 7
split_gain=33.7372 22.0762 54.9752 34.0215 16.3566 6.12558
threshold=0.081500000000000017 0.25403225806451618 -15530.194999999998 11.500000000000002 14383.465000000002 0.021286231884057972
decision_type=2 2 2 2 2 2
left_child=4 3 -3 -2 5 -1
right_child=1 2 -4 -5 -6 -7
leaf_value=0 0.00041141034213669779 0.018358904615887552 -0.0092140719005420757 0.022838683579825211 0.022266390459948188 -0.035334126075933524
leaf_weight=12.741919837892054 270.32734318822622 154.85971648991108 433.41457715630531 187.34640312939882 7.7512294352054587 58.806127220392227
leaf_count=80 763 256 1274 384 13 401
internal_value=0.00123866 0.00322945 -0.00178251 0.00982536 -0.0234691 -0.0299824
internal_weight=1125.25 1045.95 588.274 457.674 79.2993 71.548
internal_count=3171 2677 1530 1147 494 481
is_linear=0
shrinkage=0.04


Tree=99
num_leaves=5
num_cat=0
split_feature=0 0 11 5
split_gain=21.6519 28.0007 50.6554 34.4182
threshold=2.4713650000000005 0.69803000000000004 11.500000000000002 56.875000000000007
decision_type=2 2 2 2
left_child=1 2 -1 -3
right_child=-2 3 -4 -5
leaf_value=0.0060924557300996995 -0.042174807346926427 0.040052477249804992 -0.015220205116546478 0.0047782309100274471
leaf_weight=389.25568602234125 16.773786783218384 51.14618644118309 322.0516643114388 323.30591167509556
leaf_count=1202 61 67 1157 667
internal_value=0.000310373 0.00111661 -0.00346053 0.00999602
internal_weight=1102.53 1085.76 711.307 374.452
internal_count=3154 3093 2359 734
is_linear=0
shrinkage=0.04


Tree=100
num_leaves=4
num_cat=0
split_feature=1 1 4
split_gain=17.2036 21.5598 19.2513
threshold=0.086185000000000025 0.064330000000000012 17.950000000000003
decision_type=2 2 2
left_child=1 2 -1
right_child=-2 -3 -4
leaf_value=0.0021278159959723019 0.025538731990346876 -0.046579037356127638 -0.010311551698135066
leaf_weight=768.81427150964737 35.954612210392952 15.013589777052401 264.4570100530982
leaf_count=2080 47 49 992
internal_value=-0.000783067 -0.00180895 -0.00099243
internal_weight=1084.24 1048.28 1033.27
internal_count=3168 3121 3072
is_linear=0
shrinkage=0.04


Tree=101
num_leaves=7
num_cat=0
split_feature=11 10 8 3 3 8
split_gain=22.2523 49.4643 35.8765 25.5732 36.4863 24.9147
threshold=8.5000000000000018 11.500000000000002 184.59500000000003 0.37400000000000005 0.64850000000000019 289.56000000000006
decision_type=2 2 2 2 2 2
left_child=1 2 -1 5 -5 -2
right_child=3 -3 -4 4 -6 -7
leaf_value=0.0050670854018268156 0.020536966319083493 0.023327253067651824 -0.031430970935844987 -0.037385441590618178 -0.0036862002231022916 -0.020686692181451374
leaf_weight=151.52108073234558 109.40145678818226 185.41959604620934 56.847799859941006 56.423223569989204 516.59216547012329 26.188915066421032
leaf_count=432 207 453 251 230 1471 92
internal_value=0.000678331 0.00833841 -0.00471429 -0.00347746 -0.00726209 0.0118083
internal_weight=1102.39 393.788 208.369 708.606 573.015 135.59
internal_count=3136 1136 683 2000 1701 299
is_linear=0
shrinkage=0.04


Tree=102
num_leaves=4
num_cat=0
split_feature=1 3 0
split_gain=23.767 21.1617 21.7323
threshold=-0.014879999999999999 0.05050000000000001 0.69803000000000004
decision_type=2 2 2
left_child=-1 -2 -3
right_child=1 2 -4
leaf_value=-0.045121232032717833 -0.042035231747777735 -0.0022883973068158754 0.0096199643990238833
leaf_weight=16.209165021777153 15.890198413282631 706.68185930326581 368.39010092616081
leaf_count=62 76 2311 720
internal_value=0.000115181 0.000941822 0.0017282
internal_weight=1107.17 1090.96 1075.07
internal_count=3169 3107 3031
is_linear=0
shrinkage=0.04


Tree=103
num_leaves=7
num_cat=0
split_feature=6 6 6 4 10 1
split_gain=22.5688 47.9255 32.0853 41.0214 21.9939 19.1502
threshold=0.16220795000000002 0.29717336000000005 0.020938225000000001 2.6500000000000008 4.5000000000000009 0.044645000000000011
decision_type=2 2 2 2 2 2
left_child=2 -2 4 -4 -1 -3
right_child=1 5 3 -5 -6 -7
leaf_value=-0.012351874340784783 0.032943013468407174 -0.0089032651055140789 0.019758588461399728 -0.0087721951436194896 0.025607791232671501 0.025108554723577373
leaf_weight=27.85915557295084 99.664680287241936 130.23456435650587 88.706631258130074 652.54381807520986 97.324629820883274 30.71582292765379
leaf_count=81 151 402 154 2207 165 40
internal_value=0.00107912 0.0113979 -0.00195165 -0.00520625 0.0164696 -0.00169298
internal_weight=1127.05 260.615 866.434 741.25 125.184 160.95
internal_count=3200 593 2607 2361 246 442
is_linear=0
shrinkage=0.04


Tree=104
num_leaves=7
num_cat=0
split_feature=1 3 3 8 8 6
split_gain=26.8067 26.9754 26.4181 9.57783 16.0548 10.0167
threshold=0.029725000000000005 0.080000000000000016 1.8080000000000003 240.82000000000002 -861.14999999999998 0.10531622500000001
decision_type=2 2 2 2 2 2
left_child=1 -1 -3 4 -2 -5
right_child=3 2 -4 5 -6 -7
leaf_value=-0.049776673619353014 0.012140678821650553 0.00089751961656193025 -0.016506343120288057 0.033844875746017009 -0.018537753221835918 0.001319743984827741
leaf_weight=18.189867835491896 115.21894240379333 660.85847394168377 172.5699880681932 49.021599881350994 32.24189281463623 29.410624384880066
leaf_count=96 194 2062 586 54 78 56
internal_value=-0.000532597 -0.00385602 -0.00264126 0.0115696 0.00473937 0.0229793
internal_weight=1077.51 851.618 833.428 225.893 147.461 78.4322
internal_count=3126 2744 2648 382 272 110
is_linear=0
shrinkage=0.04


Tree=105
num_leaves=6
num_cat=0
split_feature=3 4 3 4 0
split_gain=19.5891 19.4169 17.4202 22.718 0.297569
threshold=15.104500000000002 6.5500000000000007 0.05050000000000001 0.75000000000000011 1.0073950000000003
decision_type=2 2 2 2 2
left_child=2 -2 4 -4 -1
right_child=1 -3 3 -5 -6
leaf_value=-0.0082924783241954039 0 -0.054973815423713907 -0.038942671046436964 0.0044889143706022773 -0.045038201334192784
leaf_weight=8.3995571583509463 17.355774991214275 16.934993829578161 17.322142444550991 1047.4975827969611 9.1284421384334546
leaf_count=37 40 89 61 2903 43
internal_value=0.00185664 -0.0268469 0.00288764 0.00363571 -0.0341788
internal_weight=1116.64 34.2908 1082.35 1064.82 17.528
internal_count=3173 129 3044 2964 80
is_linear=0
shrinkage=0.04


Tree=106
num_leaves=5
num_cat=0
split_feature=3 0 6 10
split_gain=21.526 16.354 44.9291 28.1935
threshold=28.019000000000002 0.69803000000000004 0.10146840500000003 20.500000000000004
decision_type=2 2 2 2
left_child=1 2 -1 -3
right_child=-2 3 -4 -5
leaf_value=-0.0085766262434210146 -0.042270172567973135 0.0033541407348483326 0.012693959171712633 0.031310591226852806
leaf_weight=463.27121873944998 15.490095175802706 309.00470241159201 238.25970961898565 71.927354797720909
leaf_count=1738 73 660 548 95
internal_value=0.00152547 0.00230275 -0.00122327 0.00897774
internal_weight=1097.95 1082.46 701.531 380.932
internal_count=3114 3041 2286 755
is_linear=0
shrinkage=0.04


Tree=107
num_leaves=7
num_cat=0
split_feature=10 11 10 5 6 6
split_gain=20.0752 40.2624 37.7119 68.4176 33.9063 30.771
threshold=2.5000000000000004 13.500000000000002 5.5000000000000009 57.305000000000007 1.2282633650000003 0.019812860000000005
decision_type=2 2 2 2 2 2
left_child=1 4 3 -2 -1 -4
right_child=2 -3 5 -5 -6 -7
leaf_value=-0.020066541616403023 -0.050894037011872575 0.02880280185538707 0.024910756975211407 0.008242521791737116 0.027634688803681366 -0.0012661833355230457
leaf_weight=75.717147208750248 62.659736059606075 108.23065692186356 77.733860559761524 55.934311971068382 31.669088870286942 693.56577286124229
leaf_count=277 307 193 134 106 64 2099
internal_value=0.000756759 0.0116989 -0.00182505 -0.0226651 -0.00501964 0.00132616
internal_weight=1105.51 215.617 889.894 118.594 107.386 771.3
internal_count=3180 534 2646 413 341 2233
is_linear=0
shrinkage=0.04


Tree=108
num_leaves=6
num_cat=0
split_feature=11 4 0 11 8
split_gain=20.377 32.7738 36.4595 27.3562 6.76249
threshold=170.50000000000003 17.750000000000004 0.98992000000000002 122.50000000000001 -16172.869999999997
decision_type=2 2 2 2 2
left_child=1 3 -3 -1 -2
right_child=4 2 -4 -5 -6
leaf_value=0.0029863888108981073 0.035853613094987712 -0.026281805634367578 0.0056442860251895658 -0.037087238425481374 0.0032625281222183112
leaf_weight=755.74854353070259 27.799754962325096 161.00849499553442 81.656765311956406 26.11462713778019 25.342162728309631
leaf_count=2003 28 781 190 96 59
internal_value=-0.00110599 -0.00244683 -0.0152534 0.00145464 0.0224445
internal_weight=1077.67 1024.53 242.665 781.863 53.1419
internal_count=3157 3070 971 2099 87
is_linear=0
shrinkage=0.04


Tree=109
num_leaves=7
num_cat=0
split_feature=1 1 5 6 5 5
split_gain=22.087 23.3839 36.4117 20.7027 10.5966 16.6444
threshold=0.023320000000000004 0.017130000000000003 57.165000000000006 0.16220795000000002 57.07500000000001 57.355000000000011
decision_type=2 2 2 2 2 2
left_child=1 3 -3 -1 -2 -6
right_child=4 2 -4 -5 5 -7
leaf_value=-0.004260263522385465 0.034141873439841978 0.020259371774680034 -0.050784761323020684 0.012448731995527214 -0.0046004054401719121 0.016467619651217683
leaf_weight=648.29960197210312 26.781557969748974 13.552727937698362 35.020352475345135 142.12495373934507 99.780040577054024 130.90607769042253
leaf_count=2177 29 23 154 357 228 206
internal_value=0.000147312 -0.00292659 -0.0293631 -0.00113105 0.0104178 0.00704991
internal_weight=1096.47 838.998 48.5731 790.425 257.468 230.686
internal_count=3174 2711 177 2534 463 434
is_linear=0
shrinkage=0.04


Tree=110
num_leaves=5
num_cat=0
split_feature=3 3 3 3
split_gain=21.6924 18.526 29.3311 18.9882
threshold=28.019000000000002 4.2170000000000014 2.6505000000000005 6.3500000000000005
decision_type=2 2 2 2
left_child=1 2 -1 -3
right_child=-2 3 -4 -5
leaf_value=0.00072747168021261436 -0.041661450777956945 0.028320657437906099 -0.033067465113911919 -0.0004429029313773348
leaf_weight=878.84702736511827 17.203102774918079 74.046943925321102 40.979059860110283 60.63517552614212
leaf_count=2613 83 122 149 151
internal_value=0.000359046 0.00119785 -0.000759815 0.0149687
internal_weight=1071.71 1054.51 919.826 134.682
internal_count=3118 3035 2762 273
is_linear=0
shrinkage=0.04


Tree=111
num_leaves=7
num_cat=0
split_feature=3 3 5 5 8 8
split_gain=17.4741 35.6333 43.3544 38.1396 26.8857 29.9097
threshold=0.64850000000000019 0.84450000000000014 56.985000000000007 57.065000000000005 -1668.7149999999999 -3623.7149999999997
decision_type=2 2 2 2 2 2
left_child=4 2 -2 -3 5 -1
right_child=1 3 -4 -5 -6 -7
leaf_value=-0.0088622070129944462 -0.015906027666530043 0.013014057744507142 0.028904512925589168 -0.0086203292515841211 -0.022220177667401097 0.033917676725925751
leaf_weight=85.440530180931091 42.194227531552315 178.87186116352677 135.41094033420086 454.87642212212086 134.26355997845531 34.71312315762043
leaf_count=240 164 506 211 1444 523 53
internal_value=-0.000817778 0.00197244 0.0177547 -0.00236658 -0.00997395 0.00319522
internal_weight=1065.77 811.353 177.605 633.748 254.417 120.154
internal_count=3141 2325 375 1950 816 293
is_linear=0
shrinkage=0.04


Tree=112
num_leaves=7
num_cat=0
split_feature=0 11 3 10 8 6
split_gain=22.7094 36.175 39.7027 27.4005 16.1262 8.40706
threshold=0.081500000000000017 4.5000000000000009 0.52050000000000007 1.0000000180025095e-35 2839.4550000000004 12.932435640000001
decision_type=2 2 2 2 2 2
left_child=4 2 -2 -3 5 -1
right_child=1 3 -4 -5 -6 -7
leaf_value=-0.035486576947890133 -0.02127893765171383 0.023691132402937853 0.025029771387510467 -0.0031203259074322216 0.0072421367377679081 0.0038955244867743327
leaf_weight=51.346608832478523 31.909660309553146 64.182018600404263 180.44489132985473 744.37782479822636 21.35127666592598 5.7009992301464072
leaf_count=413 109 128 363 2078 69 14
internal_value=0.00126213 0.00293668 0.0175643 -0.000840179 -0.0190796 -0.0301975
internal_weight=1099.31 1020.91 212.355 808.56 78.3989 57.0476
internal_count=3174 2678 472 2206 496 427
is_linear=0
shrinkage=0.04


Tree=113
num_leaves=7
num_cat=0
split_feature=0 6 6 10 4 10
split_gain=22.1851 25.8592 20.4344 21.878 19.029 5.47042
threshold=0.081500000000000017 0.21348148000000003 0.020938225000000001 4.5000000000000009 8.4500000000000011 8.5000000000000018
decision_type=2 2 2 2 2 2
left_child=1 -1 3 -2 -4 -3
right_child=2 5 4 -5 -6 -7
leaf_value=-0.040693764337407783 -0.012902737452102778 0.022319439423840765 0.006084631756638933 0.026247072579682357 -0.0056325323942620874 -0.0088723317916695448
leaf_weight=42.401924844831228 25.704002104699612 15.330286696553232 387.35345302522182 92.617498353123665 509.93372208997607 12.691940873861311
leaf_count=368 72 40 805 145 1684 62
internal_value=0 -0.0214077 0.00150506 0.0170042 -0.000483061 0.00587733
internal_weight=1086.03 70.4242 1015.61 118.322 897.287 28.0222
internal_count=3176 470 2706 217 2489 102
is_linear=0
shrinkage=0.04


Tree=114
num_leaves=7
num_cat=0
split_feature=0 1 11 5 3 5
split_gain=15.6194 55.0492 45.7652 31.7119 30.0782 22.1426
threshold=0.69803000000000004 0.010130000000000002 18.500000000000004 57.055000000000007 5.6565000000000012 56.875000000000007
decision_type=2 2 2 2 2 2
left_child=1 3 -3 -1 5 -2
right_child=4 2 -4 -5 -6 -7
leaf_value=0.059404406975183656 0.033542988511852355 -0.0015629424942663415 -0.027624365411026669 0.007793627052457547 -0.037659616929936086 0.0052000159272122762
leaf_weight=20.375543966889381 51.962945967912674 321.62279766052961 166.0930858142674 186.27165827900171 20.425209522247314 318.99613014608622
leaf_count=18 72 1152 688 490 75 665
internal_value=0.000259247 -0.00326373 -0.0106782 0.0137865 0.00669762 0.00954331
internal_weight=1085.75 694.363 487.716 206.647 391.384 370.959
internal_count=3160 2348 1840 508 812 737
is_linear=0
shrinkage=0.04


Tree=115
num_leaves=7
num_cat=0
split_feature=1 3 3 7 8 9
split_gain=19.5916 26.7577 22.3338 8.06225 12.5973 7.29745
threshold=0.029725000000000005 7.331500000000001 0.067000000000000018 0.19460028050490888 1117.2900000000002 0.32800000000000007
decision_type=2 2 2 2 2 2
left_child=1 2 -1 -2 -5 -3
right_child=3 5 -4 4 -6 -7
leaf_value=-0.045724425627214786 0.018650582104164985 0 0.00068351165277180149 -0.006532576380125628 0.022686597684156772 -0.043200886594203
leaf_weight=14.921877086162565 117.19080671668053 10.736579567193983 808.71465853601694 69.361850365996361 32.2422935962677 28.763189595192671
leaf_count=83 182 29 2532 146 46 136
internal_value=0.000790005 -0.00184633 -0.000169094 0.0114751 0.0022264 -0.0331983
internal_weight=1081.93 863.136 823.637 218.795 101.604 39.4998
internal_count=3154 2780 2615 374 192 165
is_linear=0
shrinkage=0.04


Tree=116
num_leaves=7
num_cat=0
split_feature=0 0 7 10 10 1
split_gain=17.5856 20.82 20.1111 30.3124 27.1911 17.322
threshold=0.092030000000000015 -0.28516999999999998 0.078703703703703706 11.500000000000002 1.0000000180025095e-35 0.034040000000000008
decision_type=2 2 2 2 2 2
left_child=1 -1 3 -2 -4 -3
right_child=2 5 4 -5 -6 -7
leaf_value=0.026124924636366131 0.00052431354295845846 -0.033290603286361617 0.022924593053535981 0.03401322590060684 -0.0027382823908389236 0.012999173730302592
leaf_weight=12.408383056521414 115.32698916643858 62.946786716580391 70.554627321660519 72.470248378813267 725.21822340786457 12.206955909729002
leaf_count=29 347 523 140 120 1940 21
internal_value=0.000769173 -0.0160896 0.0023808 0.0140913 -0.00031092 -0.024593
internal_weight=1071.13 87.5621 983.57 187.797 795.773 75.1537
internal_count=3120 573 2547 467 2080 544
is_linear=0
shrinkage=0.04


Tree=117
num_leaves=7
num_cat=0
split_feature=3 3 3 3 1 3
split_gain=20.8367 32.4581 31.6217 37.3945 25.8788 22.0783
threshold=1.8080000000000003 1.4470000000000003 3.9195000000000007 2.6505000000000005 0.010130000000000002 6.3500000000000005
decision_type=2 2 2 2 2 2
left_child=1 4 3 -2 -1 -4
right_child=2 -3 5 -5 -6 -7
leaf_value=0.01276841784011009 -0.010699412377797826 0.025881385234676726 0.016358158047950957 -0.06680306241742541 -0.004996416102935837 -0.015038007755473646
leaf_weight=168.62319038063288 66.861806005239487 78.937827743589878 69.148652754724026 28.155079238116741 558.46195456758142 70.019883561879396
leaf_count=420 226 148 131 139 1825 226
internal_value=-0.00114885 0.00182305 -0.0116451 -0.0291829 -0.000743004 5.84648e-06
internal_weight=1040.21 806.023 234.185 95.0169 727.085 139.169
internal_count=3115 2393 722 365 2245 357
is_linear=0
shrinkage=0.04


Tree=118
num_leaves=7
num_cat=0
split_feature=4 3 8 0 5 0
split_gain=27.7855 28.4386 25.6187 21.4451 24.7504 16.5848
threshold=22.450000000000003 0.17950000000000002 8709.0850000000009 1.7255800000000001 56.845000000000006 1.9308400000000001
decision_type=2 2 2 2 2 2
left_child=3 -2 -3 4 -1 -5
right_child=1 2 -4 5 -6 -7
leaf_value=-0.048569140079693617 0.026550987256458033 -0.033128046488168687 0.020257806817070508 0.034773426450542232 0.0015336212780255381 0.0029305013591710617
leaf_weight=14.049723401665686 16.945819549262524 92.531976111233234 13.62471556663513 54.025436744093895 819.19436644390225 61.357984855771065
leaf_count=77 39 447 34 67 2343 139
internal_value=0.00042994 -0.0172027 -0.0252887 0.00283365 0.000478758 0.0188601
internal_weight=1071.73 123.103 106.157 948.628 833.244 115.383
internal_count=3146 520 481 2626 2420 206
is_linear=0
shrinkage=0.04


Tree=119
num_leaves=7
num_cat=0
split_feature=4 4 8 7 1 0
split_gain=14.9686 39.9312 34.5082 35.3443 30.8031 23.7921
threshold=17.950000000000003 15.750000000000002 -26774.254999999997 0.1408730158730159 0.0041300000000000009 0.98992000000000002
decision_type=2 2 2 2 2 2
left_child=1 4 -2 -4 -1 -3
right_child=2 5 3 -5 -6 -7
leaf_value=-0.027099972198928467 0.019467753859984695 0.039392643586853092 0.0036263682140772776 -0.029522179165240421 0.0014451071911711767 -0.010520731565662047
leaf_weight=64.409691266715527 49.561476044356823 63.595391698181629 78.108280405402184 127.79575956240296 649.27112807333469 15.962527617812155
leaf_count=233 85 159 319 590 1715 45
internal_value=-0.000800523 0.00183147 -0.0092345 -0.0166488 -0.00108784 0.0283847
internal_weight=1048.7 793.239 255.466 205.904 713.681 79.5579
internal_count=3146 2152 994 909 1948 204
is_linear=0
shrinkage=0.04


Tree=120
num_leaves=7
num_cat=0
split_feature=6 11 6 0 9 5
split_gain=17.4318 27.6719 25.7112 30.7186 21.4632 13.6688
threshold=15.010012340000001 6.5000000000000009 0.17594848000000005 0.65257500000000013 1.0175000000000003 57.315000000000005
decision_type=2 2 2 2 2 2
left_child=2 -2 3 -1 -4 -3
right_child=1 5 4 -5 -6 -7
leaf_value=-0.0080372403299302404 0.010301516274404812 -0.0036017245297535988 0.023060123644450644 0.0074096985154495807 -0.0096599764216862265 -0.062859108561140631
leaf_weight=476.95450171083212 22.314273402094841 13.182186856865881 134.57303138077259 356.64055848121643 36.760180167853832 20.538080945611
leaf_count=1838 42 39 262 741 138 94
internal_value=0.000190019 -0.021038 0.00149257 -0.00133085 0.0155479 -0.0434321
internal_weight=1060.96 56.0345 1004.93 833.595 171.333 33.7203
internal_count=3154 175 2979 2579 400 133
is_linear=0
shrinkage=0.04


Tree=121
num_leaves=7
num_cat=0
split_feature=6 5 9 1 5 10
split_gain=16.1577 39.4781 32.9067 42.6891 17.9317 16.828
threshold=0.16220795000000002 57.055000000000007 1.3995000000000002 0.0055800000000000008 57.375000000000007 4.5000000000000009
decision_type=2 2 2 2 2 2
left_child=2 -2 3 -1 -4 -3
right_child=1 5 4 -5 -6 -7
leaf_value=-0.041445025945046433 0.045443958260503091 0.015198242923992362 0.040005433187152696 -0.0016975507317246868 0 -0.0076329366862258278
leaf_weight=44.557283908128738 39.806776195764542 90.027266293764114 41.817668564617634 705.35500703006983 26.002942651510239 112.12222737446427
leaf_count=190 43 188 59 2230 55 351
internal_value=0.000864671 0.00995027 -0.00174376 -0.00426957 0.0243613 0.00219234
internal_weight=1059.69 241.956 817.733 749.912 67.8206 202.149
internal_count=3116 582 2534 2420 114 539
is_linear=0
shrinkage=0.04


Tree=122
num_leaves=7
num_cat=0
split_feature=6 6 4 6 5 11
split_gain=25.6985 27.8433 30.6162 16.9898 16.9246 12.3753
threshold=15.010012340000001 0.16220795000000002 3.0500000000000003 0.21890971500000003 57.305000000000007 6.5000000000000009
decision_type=2 2 2 2 2 2
left_child=1 2 -1 -3 -2 -6
right_child=4 3 -4 -5 5 -7
leaf_value=0.018131111375994071 0 0.034370695664641272 -0.0042923682488848333 0.0068191741170850239 -0.00097054349067724659 -0.060777021017670241
leaf_weight=109.54618978500366 20.614707112312317 54.889156743884087 742.37172216176987 129.32820305228233 11.088368684053419 21.026658177375793
leaf_count=203 55 80 2408 332 27 98
internal_value=0.000213127 0.00169362 -0.00127959 0.015739 -0.0264155 -0.0437401
internal_weight=1088.87 1036.14 851.918 184.217 52.7297 32.115
internal_count=3203 3023 2611 412 180 125
is_linear=0
shrinkage=0.04


Tree=123
num_leaves=5
num_cat=0
split_feature=3 5 7 5
split_gain=16.6383 12.9771 30.8528 27.5277
threshold=28.019000000000002 56.865000000000002 0.94281045751633996 56.915000000000006
decision_type=2 2 2 2
left_child=1 2 -1 -3
right_child=-2 3 -4 -5
leaf_value=-0.021946429501264887 -0.037309152072828436 -0.02146048294052608 0.033522192645837327 0.0028185581829690744
leaf_weight=18.943279705941677 15.322637680917977 79.237863179296255 54.91519683599472 897.94633477926254
leaf_count=113 80 359 102 2488
internal_value=0.00134331 0.00205257 0.0180374 0.000728308
internal_weight=1066.37 1051.04 73.8585 977.184
internal_count=3142 3062 215 2847
is_linear=0
shrinkage=0.04


Tree=124
num_leaves=6
num_cat=0
split_feature=3 0 0 8 5
split_gain=13.6158 14.3029 25.3604 18.1935 7.81099
threshold=15.104500000000002 1.7255800000000001 1.8876250000000001 17659.830000000005 57.315000000000005
decision_type=2 2 2 2 2
left_child=1 3 -3 -1 -2
right_child=4 2 -4 -5 -6
leaf_value=-0.00026231639055242678 -0.041919429640610989 0.035536490473755213 0.00071779093158550367 0.030819513844412671 0
leaf_weight=880.09851982817054 15.233682170510294 53.978916510939598 95.756908029317856 29.065127119421959 15.640328064560888
leaf_count=2701 85 63 225 52 40
internal_value=0.00185096 0.002701 0.0140999 0.000709009 -0.0232602
internal_weight=1089.77 1058.9 149.736 909.164 30.874
internal_count=3166 3041 288 2753 125
is_linear=0
shrinkage=0.04


Tree=125
num_leaves=5
num_cat=0
split_feature=0 0 9 0
split_gain=14.443 29.2664 20.276 17.0234
threshold=2.5526250000000004 1.7255800000000001 1.8335000000000001 1.8876250000000001
decision_type=2 2 2 2
left_child=1 2 -1 -3
right_child=-2 3 -4 -5
leaf_value=-1.6056146347902316e-05 -0.034834630404652504 0.0347627545395362 -0.030414169690505186 0.0046663488763586079
leaf_weight=878.37701503187418 16.065232291817665 57.729445606470108 34.811040922999382 76.826076924800873
leaf_count=2708 58 73 134 172
internal_value=0.000489001 0.00117217 -0.00132619 0.0184847
internal_weight=1063.81 1047.74 913.188 134.556
internal_count=3145 3087 2842 245
is_linear=0
shrinkage=0.04


Tree=126
num_leaves=7
num_cat=0
split_feature=0 2 8 2 5 2
split_gain=22.1999 18.5803 27.3035 19.5641 14.2839 18.3076
threshold=0.092030000000000015 96.845000000000013 2128.1950000000002 66.065000000000012 57.275000000000013 1630.3950000000002
decision_type=2 2 2 2 2 2
left_child=4 3 -3 -2 5 -1
right_child=1 2 -4 -5 -6 -7
leaf_value=-0.025479651077994034 0.0054417234915162252 -0.016243178658828059 0.0078341614111240819 0.040407361225792658 -0.04632417832640167 0.016215207564788347
leaf_weight=35.46930318698287 684.90361857041717 158.41493664309382 135.57787624001503 25.647902056574821 20.032791972160339 26.761900920420885
leaf_count=323 1616 577 350 38 153 104
internal_value=0.00166999 0.00338512 -0.00489147 0.00692598 -0.0179077 -0.00635711
internal_weight=1086.81 1004.54 293.993 710.552 82.264 62.2312
internal_count=3161 2581 927 1654 580 427
is_linear=0
shrinkage=0.04


Tree=127
num_leaves=7
num_cat=0
split_feature=6 3 2 6 6 3
split_gain=23.3798 18.3764 25.9177 20.9059 10.6516 16.1627
threshold=0.020143480000000002 6.3500000000000005 -3324.4799999999996 0.055892955000000008 0.017704665000000005 0.89300000000000013
decision_type=2 2 2 2 2 2
left_child=4 3 -3 -2 5 -1
right_child=1 2 -4 -5 -6 -7
leaf_value=-0.014723763977386489 -0.015560593835402257 0.0018076948110542163 -0.04778424607946663 0.0027068089715561574 0.035433615010510837 0.021384012108826865
leaf_weight=27.52949595451355 112.81073884293437 29.767934687435627 29.460486769676208 778.3816638700664 37.412744268774986 50.863789930939674
leaf_count=101 332 67 151 2381 43 87
internal_value=0.000910034 -0.00109203 -0.0223081 0.000275216 0.0177596 0.00765803
internal_weight=1066.23 950.421 59.2284 891.192 115.806 78.3933
internal_count=3162 2931 218 2713 231 188
is_linear=0
shrinkage=0.04


Tree=128
num_leaves=7
num_cat=0
split_feature=10 0 4 5 7 7
split_gain=14.8784 36.0252 21.2604 24.2353 21.4538 14.3182
threshold=20.500000000000004 0.15654500000000002 2.6500000000000008 57.135000000000012 0.23993558776167476 1.0885620915032681
decision_type=2 2 2 2 2 2
left_child=2 -2 3 -1 -4 -3
right_child=1 5 4 -5 -6 -7
leaf_value=0.03552056339960729 -0.039334669682724713 0.029556508069571219 0.0026454806381540634 -0.00023277770883947918 -0.010257222498265326 0
leaf_weight=47.323383629322052 16.287117891013622 82.267700783908367 385.28161992877722 67.547613479197025 422.3620336279273 45.613023281097412
leaf_count=61 144 123 1257 154 1310 114
internal_value=0.000163311 0.0120885 -0.00163591 0.0141678 -0.00401193 0.0197587
internal_weight=1066.68 144.168 922.515 114.871 807.644 127.881
internal_count=3163 381 2782 215 2567 237
is_linear=0
shrinkage=0.04


Tree=129
num_leaves=7
num_cat=0
split_feature=1 1 3 10 7 5
split_gain=21.8238 43.897 19.2761 14.8572 9.02757 12.0763
threshold=0.029000000000000001 0.017130000000000003 0.067000000000000018 1.5000000000000002 0.19460028050490888 57.355000000000011
decision_type=2 2 2 2 2 2
left_child=1 2 -1 -3 -2 -6
right_child=4 3 -4 -5 5 -7
leaf_value=-0.044497276235653999 0.019008028732606694 0 0.00093260273876916828 -0.042783212586996432 -0.016178734843625527 0.012594950977409963
leaf_weight=13.239737339317797 117.75228903442621 13.26532696187496 764.88674722984433 52.587150536477566 33.856887094676495 62.014234393835068
leaf_count=75 185 34 2464 215 87 97
internal_value=0.000175958 -0.00264303 0 -0.0334995 0.0116054 0.00149316
internal_weight=1057.6 843.979 778.126 65.8525 213.623 95.8711
internal_count=3157 2788 2539 249 369 184
is_linear=0
shrinkage=0.04


Tree=130
num_leaves=5
num_cat=0
split_feature=7 7 5 4
split_gain=18.3129 29.1061 20.8052 1.59792
threshold=0.015686274509803925 0.021286231884057972 56.875000000000007 18.550000000000004
decision_type=2 2 2 2
left_child=3 -2 -3 -1
right_child=1 2 -4 -5
leaf_value=-0.029662856334730901 0.035612827289364456 0.017596276953974331 -0.0019480721507390631 0
leaf_weight=32.333961121737957 36.035677220672369 94.535979766398668 893.39679948985577 7.3494509682059279
leaf_count=176 60 260 2612 49
internal_value=0.000145736 0.0012758 0 -0.0257568
internal_weight=1063.65 1023.97 987.933 39.6834
internal_count=3157 2932 2872 225
is_linear=0
shrinkage=0.04


Tree=131
num_leaves=5
num_cat=0
split_feature=4 10 0 4
split_gain=42.0016 19.5832 36.7423 25.47
threshold=0.75000000000000011 20.500000000000004 0.48500000000000004 2.6500000000000008
decision_type=2 2 2 2
left_child=-1 3 -3 -2
right_child=1 2 -4 -5
leaf_value=-0.057297602850046675 0.020633864083496458 -0.010678695945978185 0.029903464737738514 -0.0016610803991172047
leaf_weight=16.885244652628899 88.801158249378204 49.722269311547279 101.08173288404942 825.79199435561895
leaf_count=71 146 223 146 2570
internal_value=0.00164777 0.00276254 0.0160348 0.000456636
internal_weight=1082.28 1065.4 150.804 914.593
internal_count=3156 3085 369 2716
is_linear=0
shrinkage=0.04


Tree=132
num_leaves=6
num_cat=0
split_feature=2 8 11 9 2
split_gain=14.6428 23.4193 22.4221 21.7224 19.9917
threshold=-318.74499999999995 -341.04499999999996 112.50000000000001 1.8335000000000001 -503.16999999999996
decision_type=2 2 2 2 2
left_child=3 -2 -3 4 -1
right_child=1 2 -4 -5 -6
leaf_value=0.0029142772257857775 -0.041650472906002531 -0.00098032791543788936 -0.0389818412601287 -0.039434663136005327 0.036849853844229695
leaf_weight=555.8802244476974 26.316589914262295 400.05892020836473 24.934359014034271 16.034686498343945 28.001138687133789
leaf_count=1398 117 1413 124 58 45
internal_value=-0.000648803 -0.00614039 -0.00356938 0.00335622 0.00479851
internal_weight=1051.23 451.31 424.993 599.916 583.881
internal_count=3155 1654 1537 1501 1443
is_linear=0
shrinkage=0.04


Tree=133
num_leaves=5
num_cat=0
split_feature=11 4 8 4
split_gain=19.7727 27.8624 18.2748 15.7152
threshold=181.00000000000003 22.450000000000003 -35206.939999999995 21.250000000000004
decision_type=2 2 2 2
left_child=1 3 -3 -1
right_child=-2 2 -4 -5
leaf_value=0.00046479525164901331 0.027460145464337244 0.012013454779578697 -0.026130814495462701 0.024283974852786522
leaf_weight=880.05465384572744 39.959121897816658 20.744078606367111 97.465234484523535 45.212667770683765
leaf_count=2513 61 38 487 108
internal_value=0.000500091 -0.000506359 -0.018683 0.00176485
internal_weight=1083.44 1043.48 118.209 925.267
internal_count=3207 3146 525 2621
is_linear=0
shrinkage=0.04


Tree=134
num_leaves=7
num_cat=0
split_feature=6 6 6 6 4 6
split_gain=18.0697 29.2233 22.8813 20.1724 19.6633 1.66422
threshold=13.81377473 16.767285140000002 0.16220795000000002 0.21742642500000001 2.4500000000000006 18.958058495000007
decision_type=2 2 2 2 2 2
left_child=2 -2 4 -4 -1 -3
right_child=1 5 3 -5 -6 -7
leaf_value=0.017089773265892207 -0.053852778467277922 -0.0057735535631192048 0.036362464144306182 0.0047293507447784865 -0.0038340568764367766 0.010221589734967389
leaf_weight=76.719784714281559 23.833986856043339 17.333788394927979 46.751979067921638 120.74676562100649 745.55022299662232 17.326335594058037
leaf_count=135 108 50 67 330 2447 32
internal_value=-0.000297928 -0.0215775 0.00091998 0.0143556 -0.00174803 0.000161516
internal_weight=1048.26 58.4941 989.769 167.499 822.27 34.6601
internal_count=3169 190 2979 397 2582 82
is_linear=0
shrinkage=0.04


Tree=135
num_leaves=7
num_cat=0
split_feature=1 1 5 2 5 4
split_gain=21.0701 19.6892 39.6272 21.6285 6.12357 8.74478
threshold=0.03135000000000001 0.017130000000000003 57.155000000000008 96.845000000000013 57.355000000000011 15.450000000000001
decision_type=2 2 2 2 2 2
left_child=1 3 -3 -1 5 -2
right_child=4 2 -4 -5 -6 -7
leaf_value=0.0039641540195673661 -0.0058060317369682205 0.025841310898097082 -0.03475470272888953 -0.010177586210881575 0.018624807685197583 0.018183455061096688
leaf_weight=500.26271886751056 56.309250570833683 19.508671700954437 70.706767227500677 260.44344633072615 98.675582215189934 37.075419396162033
leaf_count=1448 124 31 260 1083 151 57
internal_value=-0.000233535 -0.00301444 -0.0205073 -0.000786665 0.0115791 0.00306109
internal_weight=1042.98 850.922 90.2154 760.706 192.06 93.3847
internal_count=3154 2822 291 2531 332 181
is_linear=0
shrinkage=0.04


Tree=136
num_leaves=7
num_cat=0
split_feature=0 6 7 10 7 4
split_gain=18.4039 37.1523 18.4211 26.6079 23.9333 8.8331
threshold=0.092030000000000015 0.21348148000000003 2.8106617647058827 20.500000000000004 3.1029411764705888 1.8500000000000003
decision_type=2 2 2 2 2 2
left_child=1 5 3 -2 -4 -1
right_child=2 -3 4 -5 -6 -7
leaf_value=0 0.0011409864041967606 0.015163201885250017 -0.066488073952418902 0.020684829288970325 0.0051081996743452384 -0.04331494367764524
leaf_weight=5.0575333908200255 831.10028617829084 31.626292426139116 11.873980894684793 128.92485971748829 11.649090200662611 45.292021699249744
leaf_count=17 2234 113 54 265 29 457
internal_value=0.00132994 -0.0165076 0.0029283 0.0038863 -0.0302758 -0.0377485
internal_weight=1065.52 81.9758 983.548 960.025 23.5231 50.3496
internal_count=3169 587 2582 2499 83 474
is_linear=0
shrinkage=0.04


Tree=137
num_leaves=7
num_cat=0
split_feature=7 5 5 5 10 0
split_gain=21.1648 48.1084 95.9543 30.3361 75.8078 20.055
threshold=0.35355392156862753 56.875000000000007 57.105000000000011 57.215000000000011 11.500000000000002 1.5330200000000003
decision_type=2 2 2 2 2 2
left_child=3 -2 -3 4 -1 -5
right_child=1 2 -4 5 -6 -7
leaf_value=-0.0060643088475046203 0.021738632705408236 -0.051515167100112648 -0.0023068406257049541 -0.0054770329205854401 0.039449027919373929 0.031155579345410103
leaf_weight=114.49264378100634 77.32634012401104 77.732805017381907 330.4774197563529 312.92673306539655 111.74292954057455 23.52264167368412
leaf_count=455 167 372 861 1043 262 28
internal_value=-0.000284764 -0.006461 -0.0120778 0.004907 0.016214 -0.00251054
internal_weight=1048.22 485.537 408.21 562.685 226.236 336.449
internal_count=3188 1400 1233 1788 717 1071
is_linear=0
shrinkage=0.04


Tree=138
num_leaves=7
num_cat=0
split_feature=7 5 5 5 10 1
split_gain=15.3782 47.3082 66.5033 36.7663 62.2682 22.0037
threshold=0.35355392156862753 57.295000000000009 56.875000000000007 57.065000000000005 11.500000000000002 0.0055800000000000008
decision_type=2 2 2 2 2 2
left_child=3 2 -2 4 -1 -3
right_child=1 5 -4 -5 -6 -7
leaf_value=0 0.017523621938607722 -0.021913897797361238 -0.025662581754890716 -0.00011970093993996955 0.049128295049518662 0.015603496741705058
leaf_weight=88.646040894091129 73.998187500983477 25.429784670472145 211.51309002935886 405.62916785478592 72.516852930188179 187.22239055484533
leaf_count=345 168 83 795 1292 138 345
internal_value=0.00158681 -0.00343107 -0.0141474 0.00613433 0.0221739 0.0105819
internal_weight=1064.96 498.163 285.511 566.792 161.163 212.652
internal_count=3166 1391 963 1775 483 428
is_linear=0
shrinkage=0.04


Tree=139
num_leaves=7
num_cat=0
split_feature=10 8 6 5 6 2
split_gain=9.36971 24.5437 14.878 30.3597 25.7183 10.8213
threshold=1.0000000180025095e-35 88.660000000000011 15.010012340000001 57.315000000000005 0.16220795000000002 2663.8700000000003
decision_type=2 2 2 2 2 2
left_child=1 -1 4 -4 -2 -3
right_child=2 5 3 -5 -6 -7
leaf_value=0.026248892800642711 -0.0029746036546588984 -0.048201931619988328 0.0093160369658264516 -0.052001752737871033 0.014221203875674094 0.0025724620309116098
leaf_weight=60.028277028352022 738.57005901262164 10.069935239851477 20.82278061658144 24.299679428339005 169.18931931629777 8.745393291115759
leaf_count=110 2364 60 51 110 393 30
internal_value=0.000145712 0.0132852 -0.000883246 -0.0228131 0.000166655 -0.022779
internal_weight=1031.73 78.8436 952.882 45.1225 907.759 18.8153
internal_count=3118 200 2918 161 2757 90
is_linear=0
shrinkage=0.04


Tree=140
num_leaves=5
num_cat=0
split_feature=3 3 7 7
split_gain=16.2561 16.8465 39.5354 32.0673
threshold=0.033000000000000008 0.85400000000000009 1.4275210084033616 0.92752100840336149
decision_type=2 2 2 2
left_child=-1 3 -3 -2
right_child=1 2 -4 -5
leaf_value=-0.043589249701566767 -0.0012480637470019501 0 -0.033112266703531401 0.019934710420608605
leaf_weight=11.310818918049334 302.60739643126726 493.67780964821577 62.945764619857073 175.67726380378008
leaf_count=70 906 1575 248 360
internal_value=0.000223253 0.000862397 -0.00377275 0.00641656
internal_weight=1046.22 1034.91 556.624 478.285
internal_count=3159 3089 1823 1266
is_linear=0
shrinkage=0.04


Tree=141
num_leaves=7
num_cat=0
split_feature=0 2 2 10 6 11
split_gain=12.1117 28.3246 17.8953 15.7229 20.6847 12.3694
threshold=0.14275000000000002 -4887.0949999999984 -695.75499999999988 1.0000000180025095e-35 15.010012340000001 8.5000000000000018
decision_type=2 2 2 2 2 2
left_child=1 -1 -3 5 -5 -2
right_child=3 2 -4 4 -6 -7
leaf_value=-0.044466527195577435 -0.00352801052269 0.027453708723633802 -0.0097128125907489354 0.001638959549045766 -0.026303420375548742 0.028863088170457196
leaf_weight=29.274378467351198 21.512751050293446 24.558901313692331 89.961179129779339 784.63519595563412 42.782460883259773 54.961291305720806
leaf_count=222 52 113 564 1959 154 97
internal_value=0 -0.0106638 -0.000721432 0.00175789 3.77751e-05 0.0188741
internal_weight=1047.69 143.794 114.52 903.892 827.418 76.474
internal_count=3161 899 677 2262 2113 149
is_linear=0
shrinkage=0.04


Tree=142
num_leaves=5
num_cat=0
split_feature=3 1 1 1
split_gain=14.681 15.622 29.5165 26.5074
threshold=28.019000000000002 0.010130000000000002 0.0055800000000000008 0.012430000000000002
decision_type=2 2 2 2
left_child=1 2 -1 -3
right_child=-2 3 -4 -5
leaf_value=-0.002801174021838253 -0.03617238725101754 -0.045413934617230263 0.023850416108469833 0.00024852712452747613
leaf_weight=125.36449379473925 14.399697773158548 18.808754853904247 128.35717483609915 787.46094680950046
leaf_count=396 77 77 233 2418
internal_value=0.00116155 0.00181122 0.01045 -0.000827453
internal_weight=1074.39 1059.99 253.722 806.27
internal_count=3201 3124 629 2495
is_linear=0
shrinkage=0.04


Tree=143
num_leaves=7
num_cat=0
split_feature=2 0 5 5 4 8
split_gain=16.7521 19.2882 32.6971 24.8783 14.3234 22.0405
threshold=96.845000000000013 0.81386500000000017 56.915000000000006 56.855000000000011 22.450000000000003 -5019.9499999999989
decision_type=2 2 2 2 2 2
left_child=4 2 -2 -3 -1 -6
right_child=1 3 -4 -5 5 -7
leaf_value=0.0048485647759473503 -0.045401942078203444 0.017554469823679749 0.0013842283588130669 -0.039141751835936413 0.0014517642077059496 -0.039757138360707801
leaf_weight=624.95526444911957 24.245199684053659 12.433461368083952 240.9065301194787 54.261522024869919 53.555702894926071 28.63939443230629
leaf_count=1569 184 24 848 209 159 175
internal_value=-0.000712582 -0.00815988 -0.00290226 -0.0272044 0.00268258 -0.0125599
internal_weight=1039 331.847 265.152 66.695 707.15 82.1951
internal_count=3168 1265 1032 233 1903 334
is_linear=0
shrinkage=0.04


Tree=144
num_leaves=7
num_cat=0
split_feature=0 0 11 0 4 3
split_gain=21.0231 30.6398 22.4028 26.6774 22.3451 18.3304
threshold=1.7255800000000001 1.8512550000000003 11.500000000000002 0.18445000000000003 15.750000000000002 0.87150000000000005
decision_type=2 2 2 2 2 2
left_child=2 -2 4 -4 -1 -3
right_child=1 5 3 -5 -6 -7
leaf_value=-0.0024810962784095007 0.04129404798510989 0.012379302469297655 -0.036584449857332987 -0.0055098638036765839 0.01717558499156948 -0.023644800378075086
leaf_weight=285.85843519493937 41.765296176075935 69.98781194537878 49.198003921657801 435.5395166426897 131.25102183967829 30.750252120196819
leaf_count=856 45 143 303 1258 467 104
internal_value=-0.000750554 0.0133148 -0.00308611 -0.00896548 0.0035658 0.000358054
internal_weight=1044.35 142.503 901.847 484.738 417.109 100.738
internal_count=3176 292 2884 1561 1323 247
is_linear=0
shrinkage=0.04


Tree=145
num_leaves=7
num_cat=0
split_feature=0 1 1 1 5 8
split_gain=14.8607 32.273 52.6742 30.8371 27.4279 20.0267
threshold=0.73354500000000011 0.010130000000000002 0.029000000000000001 0.0055800000000000008 56.875000000000007 3013.1850000000004
decision_type=2 2 2 2 2 2
left_child=1 3 -3 -1 -2 -6
right_child=4 2 -4 -5 5 -7
leaf_value=-0.0063893433699496382 0.0313887480397557 -0.018128750495517851 0.0092905264535219322 0.024412610159167587 0.0052686941019347167 -0.025336233409368098
leaf_weight=93.182091616094112 56.551585346460342 340.92248580977321 160.7306435406208 105.80784396082163 267.01498056948185 36.912361957132816
leaf_count=327 82 1635 294 200 565 125
internal_value=-0.000236903 -0.003702 -0.00918271 0.00967073 0.00626057 0.00114885
internal_weight=1061.12 700.643 501.653 198.99 360.479 303.927
internal_count=3228 2456 1929 527 772 690
is_linear=0
shrinkage=0.04


Tree=146
num_leaves=7
num_cat=0
split_feature=6 6 6 10 2 4
split_gain=22.8637 27.0615 28.117 19.1989 18.7845 5.57716
threshold=0.020938225000000001 0.054121440000000014 0.035915190000000007 4.5000000000000009 4585.3550000000005 16.250000000000004
decision_type=2 2 2 2 2 2
left_child=3 2 -2 -1 -3 -5
right_child=1 4 -4 5 -6 -7
leaf_value=-0.01265489561142422 -0.0017505299362182644 0.0029501054491813256 -0.045279535549407925 0.016545524895327159 -0.017766826532437729 0.043202160193839899
leaf_weight=23.287550423294306 61.395206075161695 729.18217948451638 41.684929594397545 71.087473317980766 75.027079917490482 25.011609621345997
leaf_count=74 166 2260 158 124 272 43
internal_value=0.000579141 -0.00151819 -0.0206415 0.0169394 0.000878851 0.0250383
internal_weight=1026.68 907.289 103.08 119.387 804.209 96.0991
internal_count=3097 2856 324 241 2532 167
is_linear=0
shrinkage=0.04


Tree=147
num_leaves=4
num_cat=0
split_feature=2 4 4
split_gain=15.6956 15.5534 25.8022
threshold=-140281.28999999995 0.75000000000000011 2.6500000000000008
decision_type=2 2 2
left_child=-1 -2 -3
right_child=1 2 -4
leaf_value=0.033797186029286802 -0.035144353781630264 0.021150348303941652 -0.00043539548797625916
leaf_weight=21.825717777013779 16.741752125322819 95.255896009504795 930.99502043612301
leaf_count=28 65 160 2905
internal_value=0.00160979 0.000796281 0.00152762
internal_weight=1064.82 1042.99 1026.25
internal_count=3158 3130 3065
is_linear=0
shrinkage=0.04


Tree=148
num_leaves=5
num_cat=0
split_feature=6 6 11 6
split_gain=14.3984 18.3831 24.318 17.4276
threshold=20.483395975000004 15.010012340000001 6.5000000000000009 0.16220795000000002
decision_type=2 2 2 2
left_child=1 3 -3 -1
right_child=-2 2 -4 -5
leaf_value=-0.0021894100651455159 0.038349853286492423 0.0086083351625125554 -0.048793160362419097 0.011709421440392989
leaf_weight=798.06034172326326 13.20686002075672 15.814945712685583 26.416827104985714 173.78399782441556
leaf_count=2545 12 30 122 418
internal_value=-0.000178124 -0.000833128 -0.0260715 0.000232757
internal_weight=1027.28 1014.08 42.2318 971.844
internal_count=3127 3115 152 2963
is_linear=0
shrinkage=0.04


Tree=149
num_leaves=6
num_cat=0
split_feature=11 11 11 3 5
split_gain=19.5171 25.3994 24.7534 19.4663 4.27801
threshold=170.50000000000003 114.50000000000001 108.50000000000001 0.42450000000000004 57.285000000000004
decision_type=2 2 2 2 2
left_child=1 2 -1 -3 -2
right_child=4 3 -4 -5 -6
leaf_value=7.580229471606796e-05 0.0075212987196206903 0.0022498572697893897 0.050654830781249438 -0.044426880624820746 0.036943838788024402
leaf_weight=927.93210251629353 24.98445588350296 18.306038595736027 13.806756578385828 33.930433355271816 25.041643366217613
leaf_count=2851 53 46 29 159 31
internal_value=0.000729032 -0.000441187 0.00100788 -0.0271144 0.0246411
internal_weight=1044 993.975 941.739 52.2365 50.0261
internal_count=3169 3085 2880 205 84
is_linear=0
shrinkage=0.04


end of trees

feature_importances:
Column_0=113
Column_1=93
Column_3=90
Column_5=85
Column_6=80
Column_4=77
Column_2=64
Column_11=57
Column_8=51
Column_7=49
Column_9=40
Column_10=34

parameters:
[boosting: gbdt]
[objective: binary]
[metric: binary_logloss]
[tree_learner: serial]
[device_type: cpu]
[data_sample_strategy: bagging]
[data: ]
[valid: ]
[num_iterations: 150]
[learning_rate: 0.04]
[num_leaves: 7]
[num_threads: 10]
[seed: 42]
[deterministic: 0]
[force_col_wise: 0]
[force_row_wise: 0]
[histogram_pool_size: -1]
[max_depth: 3]
[min_data_in_leaf: 40]
[min_sum_hessian_in_leaf: 0.001]
[bagging_fraction: 0.8]
[pos_bagging_fraction: 1]
[neg_bagging_fraction: 1]
[bagging_freq: 1]
[bagging_seed: 400]
[bagging_by_query: 0]
[feature_fraction: 0.7]
[feature_fraction_bynode: 1]
[feature_fraction_seed: 30056]
[extra_trees: 0]
[extra_seed: 12879]
[early_stopping_round: 0]
[early_stopping_min_delta: 0]
[first_metric_only: 0]
[max_delta_step: 0]
[lambda_l1: 2]
[lambda_l2: 2]
[linear_lambda: 0]
[min_gain_to_split: 0]
[drop_rate: 0.1]
[max_drop: 50]
[skip_drop: 0.5]
[xgboost_dart_mode: 0]
[uniform_drop: 0]
[drop_seed: 17869]
[top_rate: 0.2]
[other_rate: 0.1]
[min_data_per_group: 100]
[max_cat_threshold: 32]
[cat_l2: 10]
[cat_smooth: 10]
[max_cat_to_onehot: 4]
[top_k: 20]
[monotone_constraints: ]
[monotone_constraints_method: basic]
[monotone_penalty: 0]
[feature_contri: ]
[forcedsplits_filename: ]
[refit_decay_rate: 0.9]
[cegb_tradeoff: 1]
[cegb_penalty_split: 0]
[cegb_penalty_feature_lazy: ]
[cegb_penalty_feature_coupled: ]
[path_smooth: 0]
[interaction_constraints: ]
[verbosity: -1]
[saved_feature_importance_type: 0]
[use_quantized_grad: 0]
[num_grad_quant_bins: 4]
[quant_train_renew_leaf: 0]
[stochastic_rounding: 1]
[linear_tree: 0]
[max_bin: 255]
[max_bin_by_feature: ]
[min_data_in_bin: 3]
[bin_construct_sample_cnt: 200000]
[data_random_seed: 175]
[is_enable_sparse: 1]
[enable_bundle: 1]
[use_missing: 1]
[zero_as_missing: 0]
[feature_pre_filter: 1]
[pre_partition: 0]
[two_round: 0]
[header: 0]
[label_column: ]
[weight_column: ]
[group_column: ]
[ignore_column: ]
[categorical_feature: ]
[forcedbins_filename: ]
[precise_float_parser: 0]
[parser_config_file: ]
[objective_seed: 16083]
[num_class: 1]
[is_unbalance: 0]
[scale_pos_weight: 1]
[sigmoid: 1]
[boost_from_average: 1]
[reg_sqrt: 0]
[alpha: 0.9]
[fair_c: 1]
[poisson_max_delta_step: 0.7]
[tweedie_variance_power: 1.5]
[lambdarank_truncation_level: 30]
[lambdarank_norm: 1]
[label_gain: ]
[lambdarank_position_bias_regularization: 0]
[eval_at: ]
[multi_error_top_k: 1]
[auc_mu_weights: ]
[num_machines: 1]
[local_listen_port: 12400]
[time_out: 120]
[machine_list_filename: ]
[machines: ]
[gpu_platform_id: -1]
[gpu_device_id: -1]
[gpu_use_dp: 0]
[num_gpu: 1]

end of parameters

pandas_categorical:null
