tree
version=v4
num_class=1
num_tree_per_iteration=1
label_index=0
max_feature_idx=24
objective=binary sigmoid:1
feature_names=f_ask_depth_trend f_ask_depth_usd f_avg_trade_size_60s f_bid_depth_usd f_book_imbalance_10 f_btc_dom_pct f_btc_rel_ret_5m f_btc_ret_1h f_candle_close_str_1m f_cg_trending f_cvd_30s f_cvd_60s f_fear_greed f_first_signal_today f_higher_lows_3m f_large_trade_pct_60s f_market_breadth_5m f_rank_60s f_ret_24h f_secs_since_onset f_signals_1h f_signals_24h f_spread_bps f_utc_hour f_vwap_300s
feature_infos=[0:388.56599999999997] [0.65000000000000002:633762.76000000001] [0.089999999999999997:2122.6300000000001] [7.4400000000000004:558945.81000000006] [0:7727.0820000000003] [56.82:64.310000000000002] [-0.20379:0.46565000000000001] none [0:1] [0:1] [-306548.56:294510.96000000002] [-310039.40999999997:302894.02000000002] [12:46] [0:1] [0:1] [0:0.97599999999999998] [0:68] [1:53] [-0.44102000000000002:3.2280000000000002] [-1:259] [1:22] [1:273] [0:30] [0:23] [3.9600000000000002e-06:27.726509910000001]
tree_sizes=1395 1393 1399 1401 1396 1398 1518 1721 1718 1411 1519 1416 1415 1522 1412 1407 1406 1710 1718 1400 1405 1493 1406 1400 1398 1399 1717 1510 1704 1700 1700 1394 1700 1590 1693 1602 1505 1590 1398 1608 1402 1602 1498 1503 1613 1499 1609 1172 1499 1609 1151 1609 1047 1405 965 1571 946 1398 948 955 1610 1200 1708 1724 972 1199 1499 1619 945 1187 1090 1176 1082 1250 1176 1080 1096 1172 1082 1348 1189 1716 789 1284 1502 1079 1700 1275 786 1277 1068 1507 980 777 1281 1586 1609 1052 782 1606 1191 1397 1086 778 884 1278 984 1692 1279 1379 1159 1560 890 1590 1502 1405 1583 1624 1398 1584 894 1185 1383 1196 1490 1374 782 1292 983 1733 688 1300 1517 1279 1592 1290 1094 1366 1616 1497 857 1504 1283 1600 1613 1365 783 1276 1265 1408 1397 1571 1608 1503 1397 987 862 773 1509 1590 1500 1401 1086 675 863 1590 1596 1616 1386 854 989 1276 1502 1291 1605 1627 1406 1280 1189 1699 1394 784 1725 1511 1401 1399 1190 1397 1287 1403 984 1704 1694 1395 1371 1393 985 1290 1380 1399 1095 757 990 1171 1394 1515 1622 1396 1395 1504 1494 1387 1410 1636 986 1075 1378 869 986 1603 1188 988 886 992 1505 1413 1614 990 1207 1307 994 997 1408 1204 1636 1621 1371 1104 1000 1106 1204 877 1403 1631 1283 857 1001 1395 1296 1620 1608 1206 1174 986 892 1305 1100 873 1486 1634 1704 1418 1618 1257 1169 1488 989 766 1077 1308 1195 1281 1287 1704 1723 1501 1682 1206 1090 1002 1181 1310 1517 1086 1310 1387 1104 1000 1004 1394 1301 1097 1278 1726 1500 1404 1614 999 1098 1191

Tree=0
num_leaves=12
num_cat=0
split_feature=6 18 22 11 16 4 24 22 0 22 5
split_gain=813.177 470.166 205.71 308.694 62.678 58.1853 27.7333 22.291 13.0324 19.8821 12.4784
threshold=0.029725000000000005 0.12644500000000003 10.050000000000002 -16804.339999999997 11.500000000000002 0.16650000000000004 0.012884670000000003 23.150000000000002 1.1055000000000004 4.0500000000000007 57.355000000000011
decision_type=2 2 2 2 2 2 2 2 2 2 2
left_child=1 4 5 -4 6 -3 -1 8 10 -10 -2
right_child=7 2 3 -5 -6 -7 -8 -9 9 -11 -12
leaf_value=-0.012736395915524935 0.045252425877206882 -0.048300128824352369 0.030528250756603852 -0.03740532708240344 0.0079713081651889093 0.017567276838974667 -0.071374998025811084 0.0056688398729216639 0.060679321507911478 0.017039883493104896 0.062888000395427496
leaf_weight=14.812212228775023 131.30760788917542 21.79147481918335 143.01613306999207 418.39055752754211 18.103687047958374 503.40208625793457 231.37442445755005 18.603687047958374 29.519586324691772 43.019586324691772 180.65899276733398
leaf_count=38 164 73 225 1284 37 937 883 39 26 80 156
internal_value=4.07785e-08 -0.01488 -0.00321216 -0.0200522 -0.0626789 0.0147529 -0.067961 0.0498224 0.0518966 0.0353665 0.0556134
internal_weight=1754 1350.89 1086.6 561.407 264.29 525.194 246.187 403.109 384.506 72.5392 311.967
internal_count=3942 3477 2519 1509 958 1010 921 465 426 106 320
is_linear=0
shrinkage=1


Tree=1
num_leaves=12
num_cat=0
split_feature=6 18 22 11 6 12 16 22 0 3 5
split_gain=750.367 436.32 169.453 219.853 80.4378 69.5021 57.1861 20.5387 11.9591 18.9641 11.4955
threshold=0.029725000000000005 0.14275000000000002 8.3500000000000032 -16804.339999999997 -0.0052349999999999992 24.500000000000004 11.500000000000002 23.150000000000002 1.1055000000000004 9421.3900000000012 57.355000000000011
decision_type=2 2 2 2 2 2 2 2 2 2 2
left_child=1 5 4 -4 -3 6 -1 8 10 -10 -2
right_child=7 2 3 -5 -6 -7 -8 -9 9 -11 -12
leaf_value=-0.064555429680691848 0.043471628698853022 -0.075980324411251784 0.027602989628871248 -0.027890738591750158 0.021372336969749821 0.043999106920372864 0.0076611024895964046 0.0054480241071055129 0.0055010283671862907 0.049172842757292896 0.060439767115290206
leaf_weight=275.67732557654381 131.24040326476097 13.497820571064947 148.25358194112778 488.69817736744881 396.05274417996407 10.08105021715164 18.10339879989624 18.6035375893116 25.889010459184647 46.619883865118027 180.48047906160355
leaf_count=1026 164 54 239 1410 699 12 37 39 54 52 156
internal_value=0 -0.0142923 -0.0020118 -0.0149314 0.0180263 -0.0564482 -0.0600319 0.0478801 0.0498729 0.0339984 0.053441
internal_weight=1753.2 1350.36 1046.5 636.952 409.551 303.862 293.781 402.833 384.23 72.5089 311.721
internal_count=3942 3477 2402 1649 753 1075 1063 465 426 106 320
is_linear=0
shrinkage=0.04


Tree=2
num_leaves=12
num_cat=0
split_feature=6 18 11 22 18 12 16 22 21 2 18
split_gain=693.149 403.452 158.37 101.931 65.2508 64.4156 53.0533 18.9785 11.2177 39.5597 14.5562
threshold=0.029725000000000005 0.14275000000000002 -318.74499999999995 10.050000000000002 0.70837500000000009 24.500000000000004 11.500000000000002 23.150000000000002 8.5000000000000018 84.235000000000014 0.12040000000000002
decision_type=2 2 2 2 2 2 2 2 2 2 2
left_child=1 5 4 -4 -3 6 -1 8 10 -10 -2
right_child=7 2 3 -5 -6 -7 -8 -9 9 -11 -12
leaf_value=-0.062167632400734398 0.011694516868180767 -0.0014093328743044347 0.0023567732763684021 -0.035716186454432648 0.025170069670795932 0.042344520552905711 0.0073632237225257349 0.0052359275292029918 -0.019752164933723056 0.045769080222967461 0.057411142631779523
leaf_weight=274.84960316121578 13.30536402761936 295.56875261664391 193.9698057025671 264.17338868975639 292.29193046689034 10.07558089494705 18.102580785751343 18.603112280368805 15.520537838339804 158.90111768245697 195.72933983802795
leaf_count=1026 25 673 422 817 490 12 37 39 41 184 176
internal_value=0 -0.0137348 -0.0019326 -0.0195682 0.0117825 -0.0543378 -0.0577977 0.0460713 0.0479909 0.0397847 0.0546315
internal_weight=1751.09 1349.03 1046 458.143 587.861 303.028 292.952 402.059 383.456 174.422 209.035
internal_count=3942 3477 2402 1239 1163 1075 1063 465 426 225 201
is_linear=0
shrinkage=0.04


Tree=3
num_leaves=12
num_cat=0
split_feature=6 18 22 11 6 16 24 22 0 22 5
split_gain=640.731 375.078 171.712 202.076 73.6712 50.3306 24.9941 17.5725 11.0335 18.0799 10.8532
threshold=0.029725000000000005 0.12644500000000003 8.4500000000000011 -16804.339999999997 -0.0052349999999999992 11.500000000000002 0.012884670000000003 23.150000000000002 1.1055000000000004 4.0500000000000007 57.355000000000011
decision_type=2 2 2 2 2 2 2 2 2 2 2
left_child=1 5 4 -4 -3 6 -1 8 10 -10 -2
right_child=7 2 3 -5 -6 -7 -8 -9 9 -11 -12
leaf_value=-0.0085082722213306594 0.039989520263956503 -0.073307176680989183 0.025029257466975055 -0.027820826898999874 0.019819407435464446 0.0070771148278437066 -0.064151855642324174 0.0050321507061309575 0.055153852456777321 0.013543742286190206 0.056460698554271257
leaf_weight=14.747483536601065 130.68340165913105 13.483373537659643 149.31500749289989 505.18884886801243 417.19868426024914 18.101294279098511 229.12892952561378 18.602442681789398 29.35284087061882 42.922989696264267 179.31810550391674
leaf_count=38 164 54 244 1479 742 37 883 39 26 80 156
internal_value=0 -0.0132041 -0.00280511 -0.0157235 0.0167759 -0.056116 -0.0608932 0.0443703 0.0462233 0.0309802 0.0496571
internal_weight=1748.04 1347.16 1085.19 654.504 430.682 261.978 243.876 400.88 382.277 72.2758 310.002
internal_count=3942 3477 2519 1723 796 958 921 465 426 106 320
is_linear=0
shrinkage=0.04


Tree=4
num_leaves=12
num_cat=0
split_feature=6 18 22 11 11 12 16 22 21 2 10
split_gain=593.088 349.449 139.025 235.219 59.7889 58.017 46.3726 16.3168 10.5129 36.8017 13.6532
threshold=0.029725000000000005 0.14275000000000002 10.050000000000002 -16804.339999999997 2027.0550000000003 24.500000000000004 11.500000000000002 23.150000000000002 8.5000000000000018 84.235000000000014 1799.1100000000004
decision_type=2 2 2 2 2 2 2 2 2 2 2
left_child=1 5 4 -4 -3 6 -1 8 10 -10 -2
right_child=7 2 3 -5 -6 -7 -8 -9 9 -11 -12
leaf_value=-0.058169227209799265 0.054789376273627233 0.019122786477629133 0.028706772995118118 -0.031386472559727097 -0.019612505243371811 0.041028238580530209 0.0068022709172738324 0.0048363579704985542 -0.020792412586118369 0.04244375212073747 0.020511795770957315
leaf_weight=271.81165543198586 183.62554953992367 428.81541366875172 139.89851239323616 401.80080825090408 73.967236891388893 10.059223413467405 18.099594354629517 18.601560175418854 15.493877992033957 157.82146932184696 23.750667467713356
leaf_count=1026 162 768 214 1223 197 12 37 39 41 184 39
internal_value=0 -0.012705 -0.00174854 -0.0158178 0.0133707 -0.0507218 -0.0540394 0.042785 0.044578 0.036632 0.0510186
internal_weight=1743.75 1344.45 1044.48 541.699 502.783 299.97 289.911 399.293 380.692 173.315 207.376
internal_count=3942 3477 2402 1437 965 1075 1063 465 426 225 201
is_linear=0
shrinkage=0.04


Tree=5
num_leaves=12
num_cat=0
split_feature=6 18 22 11 21 16 4 22 0 3 5
split_gain=549.229 325.652 150.058 218.754 54.764 44.1181 24.5973 15.174 10.29 17.0154 10.2318
threshold=0.029725000000000005 0.12644500000000003 10.050000000000002 -16804.339999999997 122.50000000000001 11.500000000000002 0.98250000000000004 23.150000000000002 1.1055000000000004 9421.3900000000012 57.365000000000002
decision_type=2 2 2 2 2 2 2 2 2 2 2
left_child=1 5 4 -4 -3 6 -1 8 10 -10 -2
right_child=7 2 3 -5 -6 -7 -8 -9 9 -11 -12
leaf_value=-0.068886934917321688 0.037248292829036737 0.015455313009811615 0.025640126559436597 -0.031670861945912766 -0.049556237295383714 0.0065382326045773974 -0.041946027135367547 0.0046482347833940105 0.001372381139521317 0.042739391266874038 0.05320171769117369
leaf_weight=133.19296732544899 134.4008234590292 503.30919705331326 142.40419901907444 416.00478291511536 21.010843828320503 18.097533702850342 107.03972563147545 18.600489526987076 25.767419144511223 46.074979871511459 172.5427016466856
leaf_count=546 169 940 225 1284 70 37 375 39 54 52 151
internal_value=5.71457e-07 -0.0122286 -0.00257236 -0.0170099 0.0127673 -0.0525401 -0.0570781 0.0412842 0.043022 0.028291 0.0463532
internal_weight=1738.45 1341.06 1082.73 558.409 524.32 258.33 240.233 397.386 378.786 71.8424 306.944
internal_count=3942 3477 2519 1509 1010 958 921 465 426 106 320
is_linear=0
shrinkage=0.04


Tree=6
num_leaves=13
num_cat=0
split_feature=6 18 11 20 6 12 5 22 21 2 18 6
split_gain=509.161 304.854 123.069 90.8578 63.0892 54.621 87.7109 14.1415 9.8782 34.3234 13.1568 9.12599
threshold=0.029725000000000005 0.14275000000000002 -318.74499999999995 3.5000000000000004 0.0093650000000000018 22.000000000000004 57.085000000000008 23.150000000000002 8.5000000000000018 84.235000000000014 0.12040000000000002 0.018875000000000006
decision_type=2 2 2 2 2 2 2 2 2 2 2 2
left_child=1 5 4 -4 -3 11 -7 8 10 -10 -2 -1
right_child=7 2 3 -5 -6 6 -8 -9 9 -11 -12 -13
leaf_value=-0.060111768830976992 0.0070624684183139231 0.035162719293105889 0.013850483553350451 -0.027410173679194929 0.0034791997551677422 0.074255230478443693 -0.037314188072197524 0.0044674662018663047 -0.021609240228885426 0.039513258790628669 0.050505784295008058 -0.00066424772455812408
leaf_weight=203.02543063461781 13.177472874522207 129.18125200271606 112.55315871536732 343.2441571354866 456.77011379599571 12.689997881650923 74.844195574522018 18.599255681037903 15.466606393456457 156.25302870571613 191.68915788829327 4.9240744560956946
leaf_count=803 25 185 226 1013 978 9 250 39 41 184 176 13
internal_value=1.24564e-06 -0.0117776 -0.00157867 -0.0171736 0.0105224 -0.0476035 -0.0205827 0.0398735 0.0415609 0.0338451 0.0478328 -0.058805
internal_weight=1732.42 1337.23 1041.75 455.797 585.951 295.484 87.5342 395.186 376.586 171.72 204.867 207.95
internal_count=3942 3477 2402 1239 1163 1075 259 465 426 225 201 816
is_linear=0
shrinkage=0.04


Tree=7
num_leaves=15
num_cat=0
split_feature=6 18 22 11 6 18 1 5 24 24 8 4 0 8
split_gain=472.064 285.224 135.616 157.074 68.2574 41.0867 30.6536 14.0924 44.166 47.5659 19.6758 10.4003 3.13675 2.60798
threshold=0.029725000000000005 0.12644500000000003 8.4500000000000011 -37744.384999999987 -0.0052349999999999992 -0.28516999999999998 39662.905000000006 57.355000000000011 0.033053405000000001 0.044247390000000004 0.9295000000000001 0.45750000000000007 1.0045000000000002 0.92000000000000015
decision_type=2 2 2 2 2 2 2 2 2 2 2 2 2 2
left_child=1 5 4 -4 -3 -1 -7 8 13 -10 11 -9 -12 -2
right_child=7 2 3 -5 -6 6 -8 10 9 -11 12 -13 -14 -15
leaf_value=0.014894395795600144 0.062323168052858209 -0.071754471229195232 0.032917170922230003 -0.022121151269386893 0.017992889374884764 -0.056678300988181933 0.0076778292571530746 -0.0017483483032138362 -0.081591204577671786 0.02133907042445456 0.058727214627163633 0.035333138862074301 0.040397434552775745 0.040172142893498596
leaf_weight=14.285740435123442 45.098379641771317 13.449939638376234 96.861921161413193 553.69392663240433 416.34473751485348 227.57317487895489 11.799779072403906 14.211208358407019 7.141662821173667 107.92523229122162 106.68846073746681 53.858121708035469 33.547479882836342 24.255327746272087
leaf_count=30 29 54 135 1588 742 901 27 30 29 171 74 66 38 28
internal_value=2.51663e-06 -0.0113356 -0.00234561 -0.0138767 0.0150578 -0.0494657 -0.0534131 0.0385319 0.029994 0.0144522 0.0459051 0.0273435 0.0546435 0.0552055
internal_weight=1726.74 1334.01 1080.35 650.556 429.795 253.659 239.373 392.726 184.421 115.067 208.305 68.0693 140.236 69.3537
internal_count=3942 3477 2519 1723 796 958 928 465 257 200 208 96 112 57
is_linear=0
shrinkage=0.04


Tree=8
num_leaves=15
num_cat=0
split_feature=6 18 11 20 4 12 16 5 21 23 24 8 4 24
split_gain=438.079 266.865 108.928 83.17 60.2575 51.5475 38.9418 13.3297 41.7352 34.9449 24.76 18.6215 9.71916 3.01826
threshold=0.029725000000000005 0.14275000000000002 -318.74499999999995 3.5000000000000004 0.05050000000000001 24.500000000000004 11.500000000000002 57.355000000000011 19.500000000000004 9.5000000000000018 0.033053405000000001 0.9295000000000001 0.45750000000000007 0.17594848000000005
decision_type=2 2 2 2 2 2 2 2 2 2 2 2 2 2
left_child=1 5 4 -4 -3 6 -1 8 10 -10 -2 12 -9 -13
right_child=7 2 3 -5 -6 -7 -8 11 9 -11 -12 13 -14 -15
leaf_value=-0.051963394648366766 0.054687972304569239 -0.077875185181764978 0.013563892211631822 -0.025942694823229626 0.01185438722195036 0.041617378154957752 0.0075775245232054316 -0.0016803663681718964 0.021729254009458954 -0.082047479073375756 0.0222894155414376 0.044738864488280843 0.034144469315505868 0.060196150550900128
leaf_weight=262.04972447454929 66.069822326302528 11.684518232941626 112.42540261149406 342.08835455775261 573.35524421930313 10.043643176555632 18.087780505418777 14.214847475290297 10.797908842563631 8.8884501904249174 97.816225379705429 67.25297549366951 53.527894616127014 71.529314041137695
leaf_count=1026 53 47 226 1013 1116 12 37 30 16 36 152 67 66 45
internal_value=5.13218e-06 -0.0109195 -0.00142505 -0.0161225 0.00996317 -0.0448028 -0.0480411 0.0372616 0.0289407 -0.0250072 0.035599 0.0444734 0.0263768 0.0530367
internal_weight=1719.83 1329.73 1039.55 454.514 585.04 290.181 280.138 390.097 183.572 19.6864 163.886 206.525 67.7427 138.782
internal_count=3942 3477 2402 1239 1163 1075 1063 465 257 52 205 208 96 112
is_linear=0
shrinkage=0.04


Tree=9
num_leaves=12
num_cat=0
split_feature=6 18 22 11 4 18 1 18 10 23 21
split_gain=406.732 250.206 126.072 172.966 65.4306 37.9162 28.9532 19.0113 13.5362 29.6721 9.63119
threshold=0.029725000000000005 0.12644500000000003 10.950000000000001 -15530.194999999998 0.16650000000000004 -0.28516999999999998 39662.905000000006 0.032830000000000005 -940.92499999999984 3.5000000000000004 12.500000000000002
decision_type=2 2 2 2 2 2 2 2 2 2 2
left_child=1 5 4 -4 -3 -1 -7 -2 10 -10 -9
right_child=7 2 3 -5 -6 6 -8 8 9 -11 -12
leaf_value=0.015162402820524484 -0.0055097714100988612 -0.051030872412096945 0.021945417436822389 -0.02945906480041988 0.014572554301834781 -0.053815206630248642 0.0088875318476573095 0.051238597948091734 -0.019716446380707884 0.03463729111390338 0.031633056360333443
leaf_weight=14.231059178709982 15.918108329176901 24.927807718515396 141.48548750579357 395.88012623786926 515.38948848843575 222.09774811565876 11.73036679625511 139.30803979933262 17.270965799689293 143.66385890543461 71.079434782266617
leaf_count=30 36 86 231 1237 965 901 27 117 43 178 91
internal_value=7.31202e-06 -0.0105169 -0.00215254 -0.0158795 0.0114645 -0.0466975 -0.050572 0.0360562 0.0378969 0.0286373 0.0448004
internal_weight=1712.98 1325.74 1077.68 537.366 540.317 248.059 233.828 387.24 371.322 160.935 210.387
internal_count=3942 3477 2519 1468 1051 958 928 465 429 221 208
is_linear=0
shrinkage=0.04


Tree=10
num_leaves=13
num_cat=0
split_feature=6 18 22 11 6 12 5 18 10 23 23 8
split_gain=377.595 234.782 99.4646 129.258 62.813 48.2966 80.2556 17.8093 12.8378 27.6234 9.84824 9.71997
threshold=0.029725000000000005 0.14275000000000002 8.3500000000000032 -37744.384999999987 -0.0052349999999999992 22.000000000000004 57.085000000000008 0.032830000000000005 -940.92499999999984 3.5000000000000004 11.500000000000002 0.77050000000000007
decision_type=2 2 2 2 2 2 2 2 2 2 2 2
left_child=1 5 4 -4 -3 10 -7 -2 11 -10 -1 -9
right_child=7 2 3 -5 -6 6 -8 8 9 -11 -12 -13
leaf_value=-0.063102677962934062 -0.0052935114564874328 -0.069386415211118935 0.031390964551822699 -0.018968423162787861 0.017039756361797873 0.073882254594168528 -0.033155798728926933 0.018027160902295877 -0.018890623172153478 0.033476646939361268 -0.043421990642745975 0.04670017291488935
leaf_weight=96.206897765398026 15.925946563482283 13.363057360053061 95.528155878186226 533.6707439571619 394.21983274817467 12.665007591247557 72.838909983634949 24.702021181583405 17.325650408864021 142.73522661626339 102.17745621502399 183.65226401388645
leaf_count=415 36 54 132 1517 699 9 250 39 43 178 401 169
internal_value=6.91768e-06 -0.0101378 -0.00128599 -0.011272 0.0140756 -0.042336 -0.0167312 0.0348861 0.036682 0.0276425 -0.0532014 0.0434478
internal_weight=1705.01 1320.67 1036.78 629.199 407.583 283.888 85.5039 384.341 368.415 160.061 198.384 208.354
internal_count=3942 3477 2402 1649 753 1075 259 465 429 221 816 208
is_linear=0
shrinkage=0.04


Tree=11
num_leaves=12
num_cat=0
split_feature=6 18 22 18 4 18 4 18 10 23 21
split_gain=350.714 221.005 110.868 159.982 60.258 36.0093 28.5674 16.6983 12.1997 25.7263 9.42203
threshold=0.029725000000000005 0.12644500000000003 10.950000000000001 0.65945500000000001 0.16650000000000004 -0.28516999999999998 0.98250000000000004 0.032830000000000005 -940.92499999999984 3.5000000000000004 12.500000000000002
decision_type=2 2 2 2 2 2 2 2 2 2 2
left_child=1 5 4 -4 -3 -1 -7 -2 10 -10 -9
right_child=7 2 3 -5 -6 6 -8 8 9 -11 -12
leaf_value=0.016010994003241092 -0.0050859053581398684 -0.049260679561805257 -0.034173915998100143 0.0098662002673626115 0.013787088000812145 -0.061175170627334609 -0.031823700550962314 0.048587499740932058 -0.018104855850135045 0.032365633157268217 0.029106424068953297
leaf_weight=14.194552004337309 15.933255732059477 24.849826410412788 300.67288433015347 233.62616717815399 514.4822186678648 125.19498072564602 102.55175594985485 136.27504666149616 17.375153034925461 141.76646259427071 69.923288688063622
leaf_count=30 36 86 979 489 965 553 375 117 43 178 91
internal_value=4.7576e-06 -0.00977499 -0.00196528 -0.0148884 0.0108022 -0.0442731 -0.0481448 0.0337705 0.0355244 0.0266905 0.0421645
internal_weight=1696.85 1315.57 1073.63 534.299 539.332 241.941 227.747 381.273 365.34 159.142 206.198
internal_count=3942 3477 2519 1468 1051 958 928 465 429 221 208
is_linear=0
shrinkage=0.04


Tree=12
num_leaves=12
num_cat=0
split_feature=6 18 22 18 21 16 24 18 10 23 8
split_gain=325.858 207.321 102.35 148.206 58.4376 34.8411 23.3123 15.6681 11.6092 23.9678 9.47899
threshold=0.029725000000000005 0.12644500000000003 10.950000000000001 0.65945500000000001 122.50000000000001 11.500000000000002 0.012884670000000003 0.032830000000000005 -940.92499999999984 3.5000000000000004 0.77050000000000007
decision_type=2 2 2 2 2 2 2 2 2 2 2
left_child=1 5 4 -4 -3 6 -1 -2 10 -10 -9
right_child=7 2 3 -5 -6 -7 -8 8 9 -11 -12
leaf_value=0.0010200329628161429 -0.004886590028308436 0.013215727222189179 -0.032953768748584203 0.0094711238173755489 -0.050924831806590624 0.0092287434856863099 -0.050858339297218176 0.01579682991808419 -0.017356544039385243 0.031300362710040101 0.04419177364370204
leaf_weight=14.023711159825323 15.940073817968367 515.73426134884357 299.37817376852036 233.65688943862915 23.177750006318092 18.020686447620392 206.64436106383801 24.394730463624001 17.419910192489624 140.76516988873482 179.57348515093327
leaf_count=38 36 972 979 489 79 37 883 39 43 178 169
internal_value=2.52763e-06 -0.00942469 -0.00189078 -0.0143278 0.0103754 -0.043101 -0.0474761 0.0327035 0.0344176 0.0257782 0.0409405
internal_weight=1688.73 1310.64 1071.95 533.035 538.912 238.689 220.668 378.093 362.153 158.185 203.968
internal_count=3942 3477 2519 1468 1051 958 921 465 429 221 208
is_linear=0
shrinkage=0.04


Tree=13
num_leaves=13
num_cat=0
split_feature=6 18 11 20 6 12 5 18 10 23 23 17
split_gain=302.842 194.81 86.0642 75.5032 57.2096 44.9279 73.6728 14.7117 11.064 22.3362 10.0723 9.56752
threshold=0.029725000000000005 0.14275000000000002 -318.74499999999995 3.5000000000000004 0.0093650000000000018 22.000000000000004 57.085000000000008 0.032830000000000005 -940.92499999999984 3.5000000000000004 11.500000000000002 1.5000000000000002
decision_type=2 2 2 2 2 2 2 2 2 2 2 2
left_child=1 5 4 -4 -3 10 -7 -2 11 -10 -1 -9
right_child=7 2 3 -5 -6 6 -8 8 9 -11 -12 -13
leaf_value=-0.060009385366754445 -0.0046952148365973119 0.032557628303464682 0.014121924290468815 -0.023673930156642636 0.0022961688069918305 0.072445493017696039 -0.030321704483289778 0.043531709888813393 -0.016643331089136421 0.030277405164024031 -0.039866637974226599 0.017517357163063546
leaf_weight=91.912453576922417 15.946436062455176 128.40393345057964 111.60761795938015 338.35508471727371 453.4181757569313 12.661338642239569 71.068264022469521 171.33792431652546 17.460321739315987 139.73817244172096 97.967335045337677 30.313190490007401
leaf_count=415 36 185 226 1013 978 9 250 162 43 178 401 46
internal_value=1.50399e-06 -0.00908768 -0.00110413 -0.0142495 0.00903122 -0.0390639 -0.0142063 0.0316819 0.0333583 0.0249028 -0.0498539 0.039773
internal_weight=1680.19 1305.39 1031.78 449.963 581.822 273.609 83.7296 374.796 358.85 157.198 189.88 201.651
internal_count=3942 3477 2402 1239 1163 1075 259 465 429 221 816 208
is_linear=0
shrinkage=0.04


Tree=14
num_leaves=12
num_cat=0
split_feature=6 18 22 11 4 18 4 18 10 23 21
split_gain=281.475 184.179 92.0637 140.06 55.7642 33.8384 27.9394 13.8203 10.5498 20.8211 9.44797
threshold=0.029725000000000005 0.12644500000000003 10.950000000000001 -15530.194999999998 0.16650000000000004 -0.28516999999999998 0.98250000000000004 0.032830000000000005 -940.92499999999984 3.5000000000000004 12.500000000000002
decision_type=2 2 2 2 2 2 2 2 2 2 2
left_child=1 5 4 -4 -3 -1 -7 -2 10 -10 -9
right_child=7 2 3 -5 -6 6 -8 8 9 -11 -12
leaf_value=0.017535496335362052 -0.0045114537415707661 -0.047955727998515572 0.020531272140013643 -0.025908529702954677 0.012787163835890267 -0.058202692223687777 -0.028610235223148695 0.045171185333301063 -0.015963065301358208 0.029293726165428368 0.025519564523580701
leaf_weight=14.075529709458349 15.952373936772345 24.77204541862011 140.69262182712555 390.01938685774803 513.31480860710144 118.84939807653427 98.94104228913784 131.342513859272 17.496757090091705 138.69158892333508 67.959234848618507
leaf_count=30 36 86 231 1237 965 553 375 117 43 178 91
internal_value=1.16125e-06 -0.00875871 -0.00172134 -0.0135519 0.00991167 -0.0410383 -0.0449469 0.0306995 0.0323399 0.0240615 0.038651
internal_weight=1672.11 1300.66 1068.8 530.712 538.087 231.866 217.79 371.442 355.49 156.188 199.302
internal_count=3942 3477 2519 1468 1051 958 928 465 429 221 208
is_linear=0
shrinkage=0.04


Tree=15
num_leaves=12
num_cat=0
split_feature=6 18 22 11 6 18 8 18 10 10 8
split_gain=261.77 173.073 85.868 109.679 57.8271 31.9943 27.4654 12.9905 10.0729 19.5002 9.44801
threshold=0.029725000000000005 0.12644500000000003 8.4500000000000011 -37744.384999999987 -0.0052349999999999992 -0.28516999999999998 0.70350000000000013 0.032830000000000005 -940.92499999999984 -36.919999999999995 0.77050000000000007
decision_type=2 2 2 2 2 2 2 2 2 2 2
left_child=1 5 4 -4 -3 -1 -7 -2 10 -10 -9
right_child=7 2 3 -5 -6 6 -8 8 9 -11 -12
leaf_value=0.016823648145010181 -0.0043349895473736699 -0.068236241705319139 0.028424671164291353 -0.017901390945897325 0.014921193540619569 -0.016515435455226359 -0.051660777196725322 0.012404961580979939 -0.0051134729532898758 0.030187355733379446 0.040884888528192644
leaf_weight=14.104792594909666 15.957918003201483 13.262838691473005 95.468245729804039 544.23847621679306 413.34885382652283 48.358897924423218 165.93489466607571 23.846721470355988 29.941957607865334 125.21849125623703 173.05513508617878
leaf_count=30 36 54 135 1588 742 166 762 39 63 158 169
internal_value=0 -0.00845194 -0.001657 -0.0109398 0.0122122 -0.040015 -0.0438797 0.0297566 0.0313625 0.0232522 0.0375772
internal_weight=1662.74 1294.72 1066.32 639.707 426.612 228.399 214.294 368.02 352.062 155.16 196.902
internal_count=3942 3477 2519 1723 796 958 928 465 429 221 208
is_linear=0
shrinkage=0.04


Tree=16
num_leaves=12
num_cat=0
split_feature=6 18 11 20 4 12 11 18 10 6 17
split_gain=243.448 163.057 72.4095 69.0499 53.2788 43.418 33.8535 12.2127 9.64228 19.1875 9.38225
threshold=0.029725000000000005 0.14275000000000002 -318.74499999999995 3.5000000000000004 0.05050000000000001 24.500000000000004 1630.3950000000002 0.032830000000000005 -940.92499999999984 0.064330000000000012 1.5000000000000002
decision_type=2 2 2 2 2 2 2 2 2 2 2
left_child=1 5 4 -4 -3 6 -1 -2 10 -10 -9
right_child=7 2 3 -5 -6 -7 -8 8 9 -11 -12
leaf_value=-0.048257604167832029 -0.0041655198105612998 -0.074605208481552956 0.014129473009930574 -0.022105260290168082 0.010168745765066958 0.043128184304010136 -0.014319661725253202 0.040338724646883088 0.029146742757881469 -0.0067068949035744233 0.01437095535586594
leaf_weight=186.84211140871048 15.963095769286154 11.571032136678694 111.15822260081768 335.5875081717968 567.77701596915722 9.9683064222335798 65.98950631916523 164.9363979101181 126.00882442295551 28.178824931383133 29.519326448440552
leaf_count=836 36 47 226 1013 1116 12 227 162 162 59 46
internal_value=0 -0.00815487 -0.000928826 -0.013039 0.00837823 -0.0362374 -0.0395244 0.0288445 0.0304169 0.0224645 0.0365462
internal_weight=1653.5 1288.89 1026.09 446.746 579.348 262.8 252.832 364.606 348.643 154.188 194.456
internal_count=3942 3477 2402 1239 1163 1075 1063 465 429 221 208
is_linear=0
shrinkage=0.04


Tree=17
num_leaves=15
num_cat=0
split_feature=6 18 22 18 21 16 4 5 24 24 8 4 0 8
split_gain=226.369 153.204 79.3553 127.541 53.0051 31.3475 24.0039 12.0694 38.3377 43.1324 18.1496 10.02 3.73145 3.19278
threshold=0.029725000000000005 0.12644500000000003 10.950000000000001 0.65945500000000001 122.50000000000001 11.500000000000002 0.98250000000000004 57.355000000000011 0.033053405000000001 0.044247390000000004 0.9295000000000001 1.5210000000000001 1.0045000000000002 0.92000000000000015
decision_type=2 2 2 2 2 2 2 2 2 2 2 2 2 2
left_child=1 5 4 -4 -3 6 -1 8 13 -10 11 -9 -12 -2
right_child=7 2 3 -5 -6 -7 -8 10 9 -11 12 -13 -14 -15
leaf_value=-0.055387727684292482 0.052177547501251448 0.011987317836020847 -0.030048681607730891 0.0095405160336050083 -0.049222392405696071 0.011540797081297009 -0.026975546046177423 0.0032622493151297084 -0.086899534226133127 0.012220641732609014 0.048437280063328023 0.036281016714181817 0.029253481853553122 0.029079045388992714
leaf_weight=110.30010494589806 40.901435822248459 513.30723032355309 294.33082145452499 231.80813963711262 23.08316832780838 17.879621803760529 93.301441520452499 38.040885001420975 7.0169922709465018 102.09291414916515 94.655028060078621 25.277975097298622 30.884145438671112 22.371742442250252
leaf_count=546 29 972 979 489 79 37 375 69 29 171 74 27 38 28
internal_value=0 -0.00786275 -0.00152826 -0.0125759 0.00927256 -0.0380897 -0.0425637 0.0279591 0.0199316 0.00529631 0.0351088 0.0169383 0.0440113 0.0446162
internal_weight=1645.25 1284.01 1062.53 526.139 536.39 221.481 203.602 361.241 172.383 109.11 188.858 63.3189 125.539 63.2732
internal_count=3942 3477 2519 1468 1051 958 921 465 257 200 208 96 112 57
is_linear=0
shrinkage=0.04


Tree=18
num_leaves=15
num_cat=0
split_feature=6 18 11 20 6 12 5 5 21 18 4 8 23 4
split_gain=210.807 144.504 64.7393 63.626 52.4696 40.6422 68.2521 11.5024 37.0171 30.0812 23.2013 17.3659 10.8476 9.40355
threshold=0.029725000000000005 0.14275000000000002 -318.74499999999995 3.5000000000000004 0.0085100000000000019 22.000000000000004 57.085000000000008 57.355000000000011 19.500000000000004 0.55672500000000003 1.4470000000000003 0.9295000000000001 11.500000000000002 1.5210000000000001
decision_type=2 2 2 2 2 2 2 2 2 2 2 2 2 2
left_child=1 5 4 -4 -3 12 -7 8 10 -10 -2 13 -1 -9
right_child=7 2 3 -5 -6 6 -8 11 9 -11 -12 -13 -14 -15
leaf_value=-0.056191376029245246 0.0078119034720823492 0.032078369681314139 0.013763034172336701 -0.02106528235375426 0.0018940156726939647 0.072686480025164063 -0.026728650249115998 0.0031365554446863377 -0.086482618657841626 0.011465939606169363 0.039735921800964219 0.042978051866800905 -0.034739349525663502 0.035254292692977085
leaf_weight=84.278274938464165 66.891211673617363 115.09501208364964 110.94456569850445 333.78686752915382 463.14248956739902 12.618391066789625 68.072472169995308 38.003532215952873 8.469414561986925 10.477906763553618 85.402227491140366 123.50438962876797 90.400272265076637 24.993956997990608
leaf_count=415 117 163 226 1013 1000 9 250 69 35 17 88 112 401 27
internal_value=0 -0.00758714 -0.000842025 -0.0123262 0.00795913 -0.0344744 -0.0105839 0.0271298 0.0192734 -0.0323863 0.0259164 0.0341655 -0.0453345 0.0163714
internal_weight=1636.08 1278.34 1022.97 444.731 578.238 255.369 80.6909 357.743 171.241 18.9473 152.293 186.502 174.679 62.9975
internal_count=3942 3477 2402 1239 1163 1075 259 465 257 52 205 208 816 96
is_linear=0
shrinkage=0.04


Tree=19
num_leaves=12
num_cat=0
split_feature=6 18 22 18 4 18 4 5 5 18 0
split_gain=196.201 136.79 71.4906 117.218 50.3296 29.9485 27.5132 11.5887 33.6103 21.5288 11.8511
threshold=0.029725000000000005 0.12644500000000003 10.950000000000001 0.65945500000000001 0.16650000000000004 -0.28516999999999998 0.98250000000000004 57.07500000000001 57.175000000000004 0.42029000000000005 1.2320000000000002
decision_type=2 2 2 2 2 2 2 2 2 2 2
left_child=1 5 4 -4 -3 -1 -7 -2 9 -9 -10
right_child=7 2 3 -5 -6 6 -8 8 10 -11 -12
leaf_value=0.018713276525783366 0.050474839789452511 -0.046343826471718315 -0.028765982436454639 0.0092646751745327858 0.011599564591960179 -0.054328765855958333 -0.023882173056901067 0.006803157558729199 0.030406720970476572 -0.087616059563915244 0.0092625161662102783
leaf_weight=13.959889262914656 30.454217463731766 24.561842501163483 291.91355738043785 231.59113515913486 510.77920192480087 107.41196539998055 93.024496555328369 8.0879058986902219 254.46738162636757 6.238236427307128 55.025264278054237
leaf_count=30 23 86 979 489 965 553 375 14 308 26 94
internal_value=0 -0.00731534 -0.00138969 -0.0119108 0.00886299 -0.0364162 -0.0403923 0.0263196 0.0239119 -0.0345304 0.026733
internal_weight=1627.52 1273.24 1058.85 523.505 535.341 214.396 200.436 354.273 323.819 14.3261 309.493
internal_count=3942 3477 2519 1468 1051 958 928 465 442 40 402
is_linear=0
shrinkage=0.04


Tree=20
num_leaves=12
num_cat=0
split_feature=6 18 22 11 6 16 24 22 0 22 21
split_gain=182.509 128.788 66.562 93.2438 54.3556 28.8349 23.4799 11.1641 9.94715 17.4399 8.40403
threshold=0.029725000000000005 0.12644500000000003 8.4500000000000011 -37744.384999999987 0.0055800000000000008 11.500000000000002 0.012884670000000003 23.150000000000002 1.1055000000000004 4.0500000000000007 8.5000000000000018
decision_type=2 2 2 2 2 2 2 2 2 2 2
left_child=1 5 4 -4 -3 6 -1 8 10 -10 -2
right_child=7 2 3 -5 -6 -7 -8 -9 9 -11 -12
leaf_value=0.010234280698896045 0.03697289828225557 -0.027577422837245093 0.026852164445816867 -0.016044349270215866 0.016215723072627013 0.012050237376566084 -0.043837191688668405 -0.0041107469397770983 0.037858643853908365 -0.003768715392459232 0.021789632217015815
leaf_weight=13.017055630683897 153.99716827273369 50.853770971298218 94.700470238924026 537.76587228477001 373.30317732691765 17.766484022140503 180.07022915780544 18.006191194057465 25.765157878398895 39.519220948219299 113.70152494311333
leaf_count=38 161 144 135 1588 652 37 883 39 26 80 159
internal_value=0 -0.00705986 -0.00133807 -0.00957363 0.0108918 -0.0355671 -0.0400716 0.0255145 0.0271803 0.0125188 0.0306512
internal_weight=1618.47 1267.48 1056.62 632.466 424.157 210.854 193.087 350.989 332.983 65.2844 267.699
internal_count=3942 3477 2519 1723 796 958 921 465 426 106 320
is_linear=0
shrinkage=0.04


Tree=21
num_leaves=13
num_cat=0
split_feature=6 18 12 5 4 4 0 5 5 18 5 22
split_gain=169.771 121.933 208.418 115.37 69.4525 68.3345 29.1875 11.2334 31.3011 19.6119 11.8891 6.39763
threshold=0.029725000000000005 0.69803000000000004 22.000000000000004 57.085000000000008 6.6730000000000009 0.067000000000000018 0.39850000000000008 57.07500000000001 57.175000000000004 0.42029000000000005 57.355000000000011 23.750000000000004
decision_type=2 2 2 2 2 2 2 2 2 2 2 2
left_child=1 2 6 -4 5 -3 -1 -2 9 -9 -10 -6
right_child=7 4 3 -5 11 -7 -8 8 10 -11 -12 -13
leaf_value=0.014908893748846604 0.048791919099922643 -0.070684779872148135 0.064545677318934111 -0.00078833014750176759 -0.075198106241868234 0.017323709794387056 -0.033322529335748613 0.0057381325352039514 0.015155884937565495 -0.084200422517883275 0.031790687806483121 -0.015668073131703625
leaf_weight=20.064231067895889 29.68563611805439 14.075963556766508 50.972225323319435 266.94826310873032 14.663721621036531 393.34886415302753 496.4161748290062 8.0166557133197767 123.37137131392956 6.3046085089445105 180.28446568548679 5.0900608748197547
leaf_count=40 23 58 46 667 60 722 1870 14 194 26 208 14
internal_value=0 -0.00681073 -0.015715 0.00970877 0.010533 0.0141512 -0.0313975 0.0247395 0.0223582 -0.0340107 0.025134 -0.0616116
internal_weight=1609.24 1261.58 834.401 317.92 427.179 407.425 516.48 347.663 317.977 14.3213 303.656 19.7538
internal_count=3942 3477 2623 713 854 780 1910 465 442 40 402 74
is_linear=0
shrinkage=0.04


Tree=22
num_leaves=12
num_cat=0
split_feature=6 18 22 21 19 18 4 18 10 23 21
split_gain=157.924 118.48 60.4202 103.003 48.8896 27.7767 27.4404 10.8018 9.34895 19.5912 9.98765
threshold=0.029725000000000005 0.12644500000000003 10.950000000000001 170.50000000000003 60.45000000000001 -0.28516999999999998 0.98250000000000004 0.032830000000000005 -940.92499999999984 3.5000000000000004 11.500000000000002
decision_type=2 2 2 2 2 2 2 2 2 2 2
left_child=1 5 4 -4 -3 -1 -7 -2 10 -10 -9
right_child=7 2 3 -5 -6 6 -8 8 9 -11 -12
leaf_value=0.018747956750537878 -0.0071413546177869726 0.012240433471813585 -0.01736709715003457 0.037943372330919781 -0.028943175338665857 -0.052761394286084576 -0.021694379818379732 0.039138270171320759 -0.021557363713021031 0.023016864313408218 0.018689414238351704
leaf_weight=13.891985759139059 15.806677475571631 483.48053760826588 458.13356193900108 60.38300696015358 50.263014942407608 101.25623375177383 89.765161409974098 114.62528792023659 17.086268976330757 130.10065306723118 66.743674382567406
leaf_count=30 36 911 1388 80 140 553 375 112 43 178 96
internal_value=0 -0.00656559 -0.00112099 -0.0108571 0.00830125 -0.0343562 -0.0383615 0.0239893 0.0255563 0.0176516 0.0317951
internal_weight=1601.54 1257.17 1052.26 518.517 533.744 204.913 191.021 344.363 328.556 147.187 181.369
internal_count=3942 3477 2519 1468 1051 958 928 465 429 221 208
is_linear=0
shrinkage=0.04


Tree=23
num_leaves=12
num_cat=0
split_feature=6 18 6 18 18 12 11 5 5 18 5
split_gain=146.93 111.848 55.1364 171.836 44.873 37.4746 31.1283 10.8053 29.3309 18.0341 11.3477
threshold=0.029725000000000005 0.14275000000000002 0.010130000000000002 0.69803000000000004 0.66749000000000003 24.500000000000004 1630.3950000000002 57.07500000000001 57.175000000000004 0.42029000000000005 57.355000000000011
decision_type=2 2 2 2 2 2 2 2 2 2 2
left_child=1 5 4 -4 -3 6 -1 -2 9 -9 -10
right_child=7 2 3 -5 -6 -7 -8 8 10 -11 -12
leaf_value=-0.043354407928963411 0.047161077368426688 0.024507815974831884 -0.0249884007776086 0.013365684199914024 -0.013065605063975206 0.042856946147432393 -0.009558043102948114 0.0047176641733041478 0.01387252350064117 -0.081445095711545068 0.030251778463977939
leaf_weight=166.51980067789555 28.870211824774742 200.63801997900009 379.54027125239372 366.66967582702637 66.947552680969238 9.8832234442234022 61.694727659225464 7.9433513134717924 121.72985997796059 6.3489417135715485 176.10210405290127
leaf_count=836 23 350 1175 703 174 12 227 14 194 26 208
internal_value=0 -0.00633302 -0.000513572 -0.00611901 0.0150258 -0.0309748 -0.0343463 0.0232663 0.0209203 -0.0336648 0.0236588
internal_weight=1592.89 1251.89 1013.8 746.21 267.586 238.098 228.215 340.994 312.124 14.2923 297.832
internal_count=3942 3477 2402 1878 524 1075 1063 465 442 40 402
is_linear=0
shrinkage=0.04


Tree=24
num_leaves=12
num_cat=0
split_feature=6 18 22 11 1 16 4 22 0 22 21
split_gain=136.689 105.123 54.1093 79.8215 52.0637 26.3624 23.9148 10.421 9.54959 16.7643 8.09764
threshold=0.029725000000000005 0.12644500000000003 8.4500000000000011 -37744.384999999987 604.50500000000011 11.500000000000002 0.98250000000000004 23.150000000000002 1.1055000000000004 4.0500000000000007 8.5000000000000018
decision_type=2 2 2 2 2 2 2 2 2 2 2
left_child=1 5 4 -4 -3 6 -1 8 10 -10 -2
right_child=7 2 3 -5 -6 -7 -8 -9 9 -11 -12
leaf_value=-0.051345052333662981 0.034068008951778292 -0.06164892843422675 0.02534211382032775 -0.01453268093246321 0.012766831310803469 0.012767397993713774 -0.021455776789879106 -0.0061780757488488006 0.035219223899638503 -0.0062696666614389098 0.018928091882691428
leaf_weight=94.862297028303146 146.6741112023592 15.050281107425688 93.815751820802689 532.34029203653336 407.50837096571922 17.622176468372345 85.703974455595016 17.819181337952614 24.794024094939232 38.749905794858932 109.7040084451437
leaf_count=546 161 54 135 1588 742 37 375 39 26 80 159
internal_value=0 -0.00610685 -0.00103232 -0.00851095 0.00999936 -0.0327879 -0.0373673 0.0225622 0.0242325 0.00975506 0.027717
internal_weight=1584.64 1246.9 1048.71 626.156 422.559 198.188 180.566 337.741 319.922 63.5439 256.378
internal_count=3942 3477 2519 1723 796 958 921 465 426 106 320
is_linear=0
shrinkage=0.04


Tree=25
num_leaves=12
num_cat=0
split_feature=6 18 4 18 12 5 23 5 5 18 6
split_gain=127.171 99.4622 52.0665 56.1253 35.0005 59.419 12.2767 10.5182 27.2927 16.5169 11.0911
threshold=0.029725000000000005 0.14275000000000002 0.05050000000000001 0.69803000000000004 22.000000000000004 57.085000000000008 11.500000000000002 57.07500000000001 57.175000000000004 0.42029000000000005 0.03135000000000001
decision_type=2 2 2 2 2 2 2 2 2 2 2
left_child=1 4 -3 -4 6 -6 -1 -2 9 -9 -10
right_child=7 2 3 -5 5 -7 -8 8 10 -11 -12
leaf_value=-0.05267973203922053 0.045747498753806896 -0.069533291389425947 -0.0072796531413629045 0.011995885496141712 0.070403343943890015 -0.022998153744649731 -0.028812525214433969 0.0038234707990402305 -0.0063183787599183231 -0.078553794709598238 0.024314441374679835
leaf_weight=74.021090939640999 28.08011768758297 16.667233809828758 580.33955822885036 413.21070711314678 12.564117133617399 64.142692387104034 80.23401665687561 7.8782515525817853 19.026853293180466 6.3867750912904739 273.18813958764076
leaf_count=415 23 69 1528 805 9 250 401 14 39 26 363
internal_value=0 -0.00589362 -0.000454309 0.000718792 -0.0295461 -0.00708364 -0.0405279 0.0218758 0.0195526 -0.0331153 0.0222441
internal_weight=1575.74 1241.18 1010.22 993.55 230.962 76.7068 154.255 334.56 306.48 14.265 292.215
internal_count=3942 3477 2402 2333 1075 259 816 465 442 40 402
is_linear=0
shrinkage=0.04


Tree=26
num_leaves=15
num_cat=0
split_feature=6 18 6 18 6 18 5 5 24 3 8 8 24 8
split_gain=118.247 94.113 54.5888 156.413 41.4323 26.0569 27.2003 10.491 36.4312 41.2688 18.2087 9.79607 4.37712 3.64433
threshold=0.029725000000000005 0.12644500000000003 0.010130000000000002 0.69803000000000004 0.0055800000000000008 -0.28516999999999998 57.055000000000007 57.355000000000011 0.033053405000000001 9265.6400000000012 0.9295000000000001 0.69750000000000012 0.10531622500000001 0.92000000000000015
decision_type=2 2 2 2 2 2 2 2 2 2 2 2 2 2
left_child=1 5 4 -4 -3 -1 -7 8 13 -10 11 -9 -12 -2
right_child=7 2 3 -5 -6 6 -8 10 9 -11 12 -13 -14 -15
leaf_value=0.020101408691226889 0.047035756484236878 -0.0018789336552890554 -0.023916992264465912 0.012317765209636075 0.028581909201198474 -0.013537934906293401 -0.047050305994298568 0.027682793966529874 -0.032404834950785485 0.01927684539563301 0.024573611158579652 -0.004514730914196686 0.043785704798363384 0.022593896438093702
leaf_weight=13.757275894284247 37.003409385681152 135.08243595063686 396.80955238640308 365.19966048002243 148.32015816867352 61.78864723443985 115.89313730597496 26.278814643621445 39.786038056015968 63.424359172582626 36.842555925250053 32.525862708687782 74.785226315259933 20.791892260313034
leaf_count=30 29 340 1249 703 227 293 635 32 107 93 47 64 65 28
internal_value=0 -0.00568314 -0.000936057 -0.00652824 0.0140147 -0.0314319 -0.0355794 0.0212031 0.0135714 -0.00051299 0.0282349 0.00964864 0.037761 0.0388551
internal_weight=1568.29 1236.85 1045.41 762.009 283.403 191.439 177.682 331.438 161.006 103.21 170.432 58.8047 111.628 57.7953
internal_count=3942 3477 2519 1952 567 958 928 465 257 200 208 96 112 57
is_linear=0
shrinkage=0.04


Tree=27
num_leaves=13
num_cat=0
split_feature=6 18 20 11 9 1 14 0 5 5 18 5
split_gain=110.151 88.5981 53.6905 65.3199 48.6623 25.6166 35.0926 21.1247 10.593 24.5064 14.9809 10.9985
threshold=0.029725000000000005 0.12644500000000003 3.5000000000000004 -360.74499999999995 1.0000000180025095e-35 5665.9850000000015 1.0000000180025095e-35 0.79200000000000015 57.07500000000001 57.175000000000004 0.42029000000000005 57.355000000000011
decision_type=2 2 2 2 2 2 2 2 2 2 2 2
left_child=1 5 4 -4 -3 7 -7 -1 -2 10 -10 -11
right_child=8 2 3 -5 -6 6 -8 -9 9 11 -12 -13
leaf_value=0.0082237539568932004 0.044715080807252588 0.023827772108987188 0.003668397198703426 -0.019435305301445275 -0.024280254501441331 -0.05387991686203282 0.030341476792410903 -0.042225423962325419 0.0035548188311292968 0.011127945168562371 -0.074800359144518574 0.027485292174778759
leaf_weight=13.778170019388197 27.525442764163017 199.03574748337269 472.21287061274052 332.54708702862263 39.648074865341187 11.676894336938856 22.094586193561554 140.69827210903168 7.8479873538017255 118.21112468838692 6.4056640416383743 168.2293840944767
leaf_count=49 23 363 1002 1040 114 58 50 801 14 194 26 208
internal_value=0 -0.00548158 -0.000899556 -0.00585994 0.0157188 -0.0307038 0.00027612 -0.0375847 0.0205795 0.0182331 -0.0316444 0.0208356
internal_weight=1559.91 1231.69 1043.44 804.76 238.684 188.248 33.7715 154.476 328.22 300.694 14.2537 286.441
internal_count=3942 3477 2519 2042 477 958 108 850 465 442 40 402
is_linear=0
shrinkage=0.04


Tree=28
num_leaves=15
num_cat=0
split_feature=6 18 22 21 21 1 1 0 0 24 20 22 11 23
split_gain=102.875 86.7196 53.5545 89.6875 50.6093 26.3442 33.7549 20.6346 15.2749 28.2071 34.7042 22.6189 14.6626 22.9273
threshold=0.03135000000000001 0.12644500000000003 10.950000000000001 170.50000000000003 114.50000000000001 5665.9850000000015 6942.9400000000014 0.79200000000000015 1.2320000000000002 0.11216171500000001 11.500000000000002 5.2500000000000009 -1935.5849999999998 3.5000000000000004
decision_type=2 2 2 2 2 2 2 2 2 2 2 2 2 2
left_child=1 5 4 -4 -3 7 -7 -1 12 11 -11 -10 -2 -14
right_child=8 2 3 -5 -6 6 -8 -9 9 10 -12 -13 13 -15
leaf_value=0.0078822604077627978 0.033506768800748911 0.010911988453073482 -0.015974251771819693 0.035950642512199663 -0.044197497707232525 0.068360803926012154 -0.020064939052945759 -0.041935606309957567 0.051075678474847078 -0.10002607606045348 0.021311839849538532 -0.010670645507159442 -0.031258521890192459 0.021221419959634384
leaf_weight=13.820864856243132 144.81249839067459 524.44596381485462 452.33152052760124 59.647049531340599 27.482432141900063 8.3823216557502729 30.54562009871006 138.36424571275711 18.005929708480835 7.8355791568756086 6.2127819210290909 18.341036006808281 14.987379252910612 87.016838118433952
leaf_count=49 161 989 1392 80 91 6 113 805 12 34 8 40 40 122
internal_value=0 -0.00500675 -0.000525991 -0.00985665 0.00809417 -0.0297798 0 -0.0372694 0.0211463 0.000657101 -0.0461023 0.0196531 0.0252392 0.0132006
internal_weight=1552.23 1255.02 1063.91 511.979 551.928 191.113 38.9279 152.185 297.212 50.3953 14.0484 36.347 246.817 102.004
internal_count=3942 3525 2552 1472 1080 973 119 854 417 94 42 52 323 162
is_linear=0
shrinkage=0.04


Tree=29
num_leaves=15
num_cat=0
split_feature=6 18 4 22 1 1 0 0 24 20 22 11 5 5
split_gain=95.7562 81.6342 50.1035 48.8032 25.2263 31.2567 19.8322 14.3446 25.9484 31.3232 21.4694 13.9933 21.255 6.44299
threshold=0.03135000000000001 0.12644500000000003 0.05050000000000001 8.4500000000000011 5665.9850000000015 6942.9400000000014 0.79200000000000015 1.2320000000000002 0.11216171500000001 11.500000000000002 5.2500000000000009 -1935.5849999999998 58.165000000000006 57.255000000000003
decision_type=2 2 2 2 2 2 2 2 2 2 2 2 2 2
left_child=1 4 -3 -4 6 -6 -1 11 10 -10 -9 13 -13 -2
right_child=7 2 3 -5 5 -7 -8 8 9 -11 -12 12 -14 -15
leaf_value=0.0075560320027000041 0.015950262588966552 -0.068235276584564991 0.010883024656518468 -0.0066543460702220359 0.065764599140053018 -0.01935969860340854 -0.041253018558717713 0.050211146805418369 -0.094191889821663696 0.020680318642740284 -0.010222609528761408 0.0014083238336926186 0.042983623172459948 0.037560547579787953
leaf_weight=13.86160773038864 33.592352703213692 16.697739571332932 432.71737191081047 612.37217544019222 8.3843358457088453 30.412963733077049 135.10212516784668 17.600149422883987 8.0151167809963209 6.1627015620470038 18.399775624275208 74.622875556349754 26.780067905783653 108.99181988835335
leaf_count=49 51 70 795 1687 6 113 805 12 34 8 40 139 23 110
internal_value=0 -0.00482918 -0.000505551 0.000589573 -0.0291068 0 -0.0365673 0.0205186 0.000618735 -0.043894 0.0190582 0.0245197 0.0127415 0.0326825
internal_weight=1543.71 1249.55 1061.79 1045.09 187.761 38.7973 148.964 294.165 50.1777 14.1778 35.9999 243.987 101.403 142.584
internal_count=3942 3525 2552 2482 973 119 854 417 94 42 52 323 162 161
is_linear=0
shrinkage=0.04


Tree=30
num_leaves=15
num_cat=0
split_feature=6 18 4 6 1 5 4 0 24 20 22 11 23 5
split_gain=89.2581 76.8543 46.7903 46.0381 24.1499 30.5855 19.1246 13.486 23.9199 26.6856 20.3931 13.3341 20.9018 6.22372
threshold=0.03135000000000001 0.12644500000000003 0.05050000000000001 0.010130000000000002 5665.9850000000015 57.095000000000006 1.0585000000000002 1.2320000000000002 0.11216171500000001 10.500000000000002 5.2500000000000009 -1935.5849999999998 3.5000000000000004 57.255000000000003
decision_type=2 2 2 2 2 2 2 2 2 2 2 2 2 2
left_child=1 4 -3 -4 6 -6 -1 11 10 -10 -9 13 -13 -2
right_child=7 2 3 -5 5 -7 -8 8 9 -11 -12 12 -14 -15
leaf_value=-0.048896757724615637 0.015418367344385323 -0.066286986622636157 0.01452079184906903 -0.0044717653395879601 0.069486788587267631 -0.017999417804438925 -0.01885734829683882 0.049391406441935008 -0.08917479636160644 0.016139888882604675 -0.0097951048269143744 -0.029843587064532291 0.020131671175099532 0.036760481722675709
leaf_weight=81.431926682591438 33.382737144827843 16.519231915473938 277.71621656417847 766.25967332720757 7.5122679471969596 31.138564810156822 64.364951804280281 17.193115055561066 7.9060931354761106 6.3609520643949509 18.455373004078865 15.119378209114073 85.671617418527603 106.96169884502888
leaf_count=539 51 70 549 1933 4 115 315 12 33 9 40 40 122 110
internal_value=0 -0.00465627 -0.000487281 0.000565978 -0.0284519 0 -0.0358817 0.0199305 0.00058199 -0.0419093 0.0184854 0.0238434 0.0123273 0.0318987
internal_weight=1535.99 1244.94 1060.5 1043.98 184.448 38.6508 145.797 291.051 49.9155 14.267 35.6485 241.135 100.791 140.344
internal_count=3942 3525 2552 2482 973 119 854 417 94 42 52 323 162 161
is_linear=0
shrinkage=0.04


Tree=31
num_leaves=12
num_cat=0
split_feature=6 18 12 5 4 21 4 21 22 5 22
split_gain=83.2987 77.857 159.423 105.615 62.9343 72.0234 64.6954 30.9441 14.4049 10.5548 19.5901
threshold=0.029725000000000005 0.69803000000000004 22.000000000000004 57.085000000000008 0.94450000000000001 16.500000000000004 0.067000000000000018 24.500000000000004 1.1500000000000001 57.07500000000001 22.050000000000004
decision_type=2 2 2 2 2 2 2 2 2 2 2
left_child=1 2 7 -4 6 -6 -3 -1 -2 -10 -11
right_child=8 4 3 -5 5 -7 -8 -9 9 10 -12
leaf_value=-0.019103381319780538 -0.030542444052355049 -0.063598753058737453 0.062686503504273863 -0.0001494429598374969 0.022224341179156646 -0.036504092115494671 0.024155010543088259 -0.040764010740217411 0.044358368479713653 0.019999645343119484 -0.024150381024951637
leaf_weight=315.5918295532465 8.6443639546632749 13.555074006319044 50.603286996483803 259.50471340119839 54.829399317502975 83.041395604610443 271.497304931283 164.80943655967712 26.287624046206474 264.5930901914835 16.303148284554482
leaf_count=1280 23 58 46 667 90 257 449 630 22 378 42
internal_value=0 -0.00475825 -0.0121774 0.0101241 0.00906013 -0.0130081 0.019808 -0.0266107 0.0182877 0.0197743 0.0173278
internal_weight=1529.26 1213.43 790.509 310.108 422.923 137.871 285.052 480.401 315.828 307.184 280.896
internal_count=3942 3477 2623 713 854 347 507 1910 465 442 420
is_linear=0
shrinkage=0.04


Tree=32
num_leaves=15
num_cat=0
split_feature=6 18 22 11 6 1 1 4 10 23 4 19 22 6
split_gain=77.7036 71.8446 43.5414 67.7252 51.949 22.1875 30.0044 18.9238 12.9417 32.6071 23.3668 13.5646 8.74542 6.63093
threshold=0.03135000000000001 0.12644500000000003 8.4500000000000011 -16804.339999999997 0.0055800000000000008 5665.9850000000015 6942.9400000000014 1.0585000000000002 -940.92499999999984 3.5000000000000004 0.61450000000000016 5.2500000000000009 2.2500000000000004 0.086185000000000025
decision_type=2 2 2 2 2 2 2 2 2 2 2 2 2 2
left_child=1 5 4 -4 -3 7 -7 -1 12 11 -11 -10 -2 -14
right_child=8 2 3 -5 -6 6 -8 -9 9 10 -12 -13 13 -15
leaf_value=-0.048296268439792442 -0.0039618911251189338 -0.028538733179082371 0.016730455106277894 -0.014473404829733739 0.01432432395123443 0.064036684689102591 -0.019517534570436559 -0.018005377399098941 -0.08192254755446092 -0.036045260382627162 0.022430049849707662 0 0.023227870092970532 0.043373695695068964
leaf_weight=78.064505159854889 12.591635689139364 50.497467428445816 144.26322968304157 475.80298902094364 386.64685840904713 8.3748095631599409 29.991883292794228 63.211688593029976 7.5827926099300367 11.542662411928175 102.52850010991096 6.0628568828105927 103.44868703186512 41.798754885792732
leaf_count=539 25 144 245 1487 676 6 113 315 31 32 141 12 139 37
internal_value=0 -0.00433982 -0.00034183 -0.00717372 0.00930028 -0.027691 -0.000175292 -0.0349955 0.0187924 0.00903448 0.016207 -0.047964 0.0265083 0.0292915
internal_weight=1522.41 1236.85 1057.21 620.066 437.144 179.643 38.3667 141.276 285.556 127.717 114.071 13.6456 157.839 145.247
internal_count=3942 3525 2552 1732 820 973 119 854 417 216 173 43 201 176
is_linear=0
shrinkage=0.04


Tree=33
num_leaves=14
num_cat=0
split_feature=0 18 12 5 19 23 5 11 21 6 4 4 24
split_gain=75.2111 124.757 121.74 64.4215 71.1077 55.5431 53.7909 47.4255 47.0804 35.3119 33.3235 16.0331 13.325
threshold=0.96150000000000013 0.69803000000000004 24.500000000000004 57.085000000000008 60.45000000000001 20.500000000000004 56.875000000000007 -2004.2149999999999 24.500000000000004 0.010130000000000002 1.276 2.3455000000000008 0.21953329000000002
decision_type=2 2 2 2 2 2 2 2 2 2 2 2 2
left_child=3 2 8 12 7 6 -3 -5 -2 -4 -7 -6 -1
right_child=1 5 9 4 11 10 -8 -9 -10 -11 -12 -13 -14
leaf_value=0.069792614342511758 -0.016034146909535116 0.036400086175487865 0.039979258174406278 0.028830725419033313 -0.081701863905865299 0.053439868677337743 -0.0035109780987853841 -0.0028496667251568675 -0.04154520118989443 -0.0015801903036744966 -0.0048129320709114753 -0.012760362081379033 0.028264133811743686
leaf_weight=34.992061465978622 416.37032397091389 67.017656683921814 65.814417511224747 156.94895465672016 15.007591813802721 68.039195239543915 267.34061767160892 143.28276143968105 163.29264694452286 62.731898084282875 19.490351676940918 9.7783051133155805 23.794908121228218
leaf_count=24 1569 93 80 221 64 64 607 354 641 123 45 26 31
internal_value=0 -0.00519539 -0.0154615 0.015288 0.00820687 0.0119885 0.00447134 0.0136655 -0.0232848 0.0196153 0.0402878 -0.0560848 0.0537008
internal_weight=1513.9 1130.1 708.209 383.805 325.018 421.888 334.358 300.232 579.663 128.546 87.5295 24.7859 58.787
internal_count=3942 3222 2413 720 665 809 700 575 2210 203 109 90 55
is_linear=0
shrinkage=0.04


Tree=34
num_leaves=15
num_cat=0
split_feature=6 18 4 6 11 4 12 10 23 4 19 8 21 4
split_gain=70.7314 66.0244 42.7722 39.8431 29.3385 26.3364 24.4189 11.9984 30.0031 21.4416 12.2601 8.73801 22.4707 6.97098
threshold=0.03135000000000001 0.14275000000000002 0.05050000000000001 0.010130000000000002 1630.3950000000002 1.8080000000000003 24.500000000000004 -940.92499999999984 3.5000000000000004 0.61450000000000016 5.2500000000000009 0.95200000000000007 9.5000000000000018 0.61450000000000016
decision_type=2 2 2 2 2 2 2 2 2 2 2 2 2 2
left_child=1 4 -3 -4 6 -6 -1 11 10 -10 -9 12 -2 -13
right_child=7 2 3 -5 5 -7 -8 8 9 -11 -12 13 -14 -15
leaf_value=-0.037757156572893809 0.031523054855384154 -0.063516887379088782 0.014609253093301614 -0.0035702489534250367 0.012105285063080926 -0.051933889564220966 0.032436587976846787 -0.077998843591290029 -0.034073967980344823 0.021656170796542314 0 0.047469676905761399 -0.01700896860530798 0.023279079081452065
leaf_weight=142.67007021605968 40.697814181447029 16.134678661823273 260.30408388376236 738.19419369101524 49.1526909917593 12.44124613702297 7.7169086784124366 7.6365603208541852 11.685268655419348 101.39008471369743 6.0609686225652695 37.572945594787598 23.266896083950996 53.375462040305138
leaf_count=846 47 70 506 1857 165 70 11 31 32 141 12 30 53 71
internal_value=0 -0.00415116 7.5111e-05 0.00115399 -0.0244266 -0.000821808 -0.0339272 0.0180586 0.0086426 0.0155962 -0.0458798 0.0255829 0.0135645 0.0336964
internal_weight=1508.3 1226.61 1014.63 998.498 211.981 61.5939 150.387 281.686 126.773 113.075 13.6975 154.913 63.9647 90.9484
internal_count=3942 3525 2433 2363 1092 235 857 417 216 173 43 201 100 101
is_linear=0
shrinkage=0.04


Tree=35
num_leaves=14
num_cat=0
split_feature=0 18 12 5 19 23 11 21 11 18 5 4 24
split_gain=66.7217 115.133 109.124 60.4644 65.2463 51.6123 52.7448 44.456 43.8353 33.6685 33.5708 14.7382 12.3685
threshold=0.96150000000000013 0.69803000000000004 24.500000000000004 57.085000000000008 60.45000000000001 20.500000000000004 1193.7500000000002 24.500000000000004 -2004.2149999999999 0.93500500000000009 58.145000000000003 2.3455000000000008 0.21953329000000002
decision_type=2 2 2 2 2 2 2 2 2 2 2 2 2
left_child=3 2 7 12 8 6 -3 -2 -5 -7 -4 -6 -1
right_child=1 5 10 4 11 9 -8 -9 -10 -11 -12 -13 -14
leaf_value=0.067410147698685696 -0.015226284726703161 0.012459569675725478 0.029887485683708179 0.027604923926109987 -0.078640301759674125 0.054436315334068869 -0.026846778380072062 -0.040159226828755924 -0.0029941905169910245 -9.111766258106887e-05 -0.01782560347881193 -0.012354755120845504 0.027126269579948049
leaf_weight=34.723631858825684 411.8482720553875 265.69194316864014 97.595242843031883 154.39455670118332 14.978996902704241 62.52225935459137 68.055585891008377 161.39715452492237 142.83785262703896 24.402075231075287 30.134852483868599 9.7640198320150358 23.515027761459351
leaf_count=24 1569 489 129 221 64 57 211 641 354 52 74 26 31
internal_value=0 -0.00491013 -0.0148465 0.0144688 0.0075745 0.0115976 0.00435647 -0.0223099 0.0128527 0.0389872 0.0184491 -0.054038 0.0518546
internal_weight=1501.86 1121.65 700.976 380.214 321.975 420.672 333.748 573.245 297.232 86.9243 127.73 24.743 58.2387
internal_count=3942 3222 2413 720 665 809 700 2210 575 109 203 90 55
is_linear=0
shrinkage=0.04


Tree=36
num_leaves=13
num_cat=0
split_feature=6 18 20 11 9 12 5 23 5 5 18 1
split_gain=63.6339 60.0407 42.6158 52.3672 43.0431 26.3008 45.3683 15.1389 9.93369 21.2379 14.1594 9.6834
threshold=0.029725000000000005 0.14275000000000002 3.5000000000000004 -360.74499999999995 1.0000000180025095e-35 22.000000000000004 57.085000000000008 11.500000000000002 57.07500000000001 57.175000000000004 0.42029000000000005 156.42500000000004
decision_type=2 2 2 2 2 2 2 2 2 2 2 2
left_child=1 5 4 -4 -3 7 -7 -1 -2 10 -10 -11
right_child=8 2 3 -5 -6 6 -8 -9 9 11 -12 -13
leaf_value=-0.049565650015979304 0.040673828873505243 0.024181051340840146 0.0041749876479261058 -0.016851883440538649 -0.02258245977179239 0.063191316880732831 -0.019384003800579978 -0.021050418797564436 0.0019989970113273026 -0.040915099212607546 -0.074525291510208175 0.017591239282364796
leaf_weight=61.357826642692089 25.014957115054131 174.06541699171066 458.36830188333988 321.23007874190807 37.580343574285507 12.449770390987394 58.566905051469803 66.877822801470757 7.68218185007572 3.9467239677906027 6.376885324716568 261.79442796111107
leaf_count=415 23 304 972 1020 106 9 250 401 14 12 26 390
internal_value=0 -0.00417781 -0.000125799 -0.00446865 0.0157497 -0.0241849 -0.00428767 -0.0349892 0.0162907 0.0139707 -0.0327044 0.016572
internal_weight=1495.31 1190.5 991.244 779.598 211.646 199.252 71.0167 128.236 304.815 279.8 14.0591 265.741
internal_count=3942 3477 2402 1992 410 1075 259 816 465 442 40 402
is_linear=0
shrinkage=0.04


Tree=37
num_leaves=14
num_cat=0
split_feature=0 18 12 5 19 23 5 21 11 6 4 4 24
split_gain=59.8501 104.982 98.927 54.5769 59.8866 47.8898 51.0811 42.0683 40.0314 32.834 31.3308 13.9521 11.3265
threshold=0.96150000000000013 0.69803000000000004 24.500000000000004 57.085000000000008 60.45000000000001 20.500000000000004 56.875000000000007 24.500000000000004 -2004.2149999999999 0.010130000000000002 1.276 2.3455000000000008 0.21953329000000002
decision_type=2 2 2 2 2 2 2 2 2 2 2 2 2
left_child=3 2 7 12 8 6 -3 -2 -5 -4 -7 -6 -1
right_child=1 5 9 4 11 10 -8 -9 -10 -11 -12 -13 -14
leaf_value=0.064541021172146787 -0.014465846146864476 0.035332215557974715 0.037324746908314686 0.026527110341120323 -0.075893532941060063 0.050506262588111424 -0.003677328850656858 -0.038872399672653629 -0.0028343742734294316 -0.0030624353536131653 -0.0061769925791943462 -0.011335579901462445 0.025614792645374657
leaf_weight=34.27285797894001 407.00214299559593 66.613556250929832 65.028950795531273 152.31468549370766 14.913817435503008 66.94123674929142 265.80984099209309 159.35252556204796 142.27499598264694 61.547327697277069 19.379910588264465 9.7539741247892362 23.095079377293587
leaf_count=24 1569 93 80 221 64 64 607 641 354 123 45 26 31
internal_value=0 -0.00467328 -0.0142377 0.0137664 0.00720237 0.0111042 0.00412095 -0.0213965 0.0122981 0.0175944 0.0375877 -0.0518935 0.0495725
internal_weight=1488.3 1111.68 692.931 376.625 319.257 418.745 332.423 566.355 294.59 126.576 86.3211 24.6678 57.3679
internal_count=3942 3222 2413 720 665 809 700 2210 575 203 109 90 55
is_linear=0
shrinkage=0.04


Tree=38
num_leaves=12
num_cat=0
split_feature=6 18 4 21 18 5 24 24 8 5 22
split_gain=58.372 55.8509 39.6683 34.406 21.4745 32.2557 11.082 35.4146 30.1277 8.57485 9.51702
threshold=0.03135000000000001 0.12644500000000003 0.05050000000000001 170.50000000000003 -0.28516999999999998 57.055000000000007 0.033053405000000001 0.044247390000000004 0.95200000000000007 57.285000000000004 7.3500000000000005
decision_type=2 2 2 2 2 2 2 2 2 2 2
left_child=1 4 -3 -4 -1 -6 9 -8 -9 -2 -11
right_child=6 2 3 -5 5 -7 7 8 -10 10 -12
leaf_value=0.022243988423332813 0.043019160953225541 -0.06211100681762486 -0.001234449236591235 0.0288764912755256 -0.0038758182561882018 -0.04283906467324116 -0.065005852892144916 -0.0047200808712932352 0.029341321207961141 0.029643938705169265 -0.0021020422723263621
leaf_weight=13.185397446155546 37.089043498039246 15.869043812155722 961.52671928703785 64.273709386587143 53.248847939074039 100.28551828861237 8.8555710017681104 71.350698798894882 95.720340102910995 38.173705622553825 22.862852945923805
leaf_count=30 33 70 2384 98 294 649 33 144 118 45 44
internal_value=0 -0.00378471 -0.000320326 0.000645877 -0.025245 -0.0295121 0.0166464 0.0104062 0.0147048 0.0275221 0.0175072
internal_weight=1482.44 1208.39 1041.67 1025.8 166.72 153.534 274.052 175.927 167.071 98.1256 61.0366
internal_count=3942 3525 2552 2482 973 943 417 295 262 122 89
is_linear=0
shrinkage=0.04


Tree=39
num_leaves=14
num_cat=0
split_feature=0 18 12 5 19 4 22 4 21 11 6 4 24
split_gain=55.0276 95.8343 90.5292 51.029 55.0993 45.012 90.4058 53.0005 40.2266 36.7507 31.4383 13.0735 10.5909
threshold=0.96150000000000013 0.69803000000000004 24.500000000000004 57.085000000000008 60.45000000000001 0.94450000000000001 8.0500000000000025 0.067000000000000018 24.500000000000004 -2004.2149999999999 0.010130000000000002 2.3455000000000008 0.21953329000000002
decision_type=2 2 2 2 2 2 2 2 2 2 2 2 2
left_child=3 2 8 12 9 7 -7 -3 -2 -5 -4 -6 -1
right_child=1 5 10 4 11 6 -8 -9 -10 -11 -12 -13 -14
leaf_value=0.062667922302373336 -0.013784887518229386 -0.052624010604473775 0.036200393602002119 0.025581349233229682 -0.073263372684097647 0.024065150565548549 -0.043933423054252227 0.023166083703798548 -0.037785544525190076 -0.0026685526475501466 -0.0034291817288366576 -0.010606615053743327 0.024754844177578793
leaf_weight=33.862616419792175 403.19756549596786 14.975448861718176 64.639102920889854 150.1646561846137 14.808806002140047 62.512877807021141 61.341422200202942 278.26974345743656 157.44798690825701 141.77507446706295 61.211994647979736 9.7348308861255628 22.864831745624542
leaf_count=24 1569 62 80 221 64 93 205 449 641 354 123 26 31
internal_value=0 -0.00449554 -0.0136924 0.0132622 0.00689123 0.0105918 -0.00949296 0.0191446 -0.0205884 0.0118128 0.0168296 -0.0499181 0.0480858
internal_weight=1476.81 1103.6 686.497 373.211 316.483 417.099 123.854 293.245 560.646 291.94 125.851 24.5436 56.7274
internal_count=3942 3222 2413 720 665 809 298 511 2210 575 203 90 55
is_linear=0
shrinkage=0.04


Tree=40
num_leaves=12
num_cat=0
split_feature=6 18 4 4 11 12 24 24 8 5 22
split_gain=53.0825 51.4969 36.419 32.4394 27.332 25.9257 10.7254 32.4529 28.0323 8.32226 8.92809
threshold=0.03135000000000001 0.14275000000000002 0.05050000000000001 28.019000000000002 -4887.0949999999984 24.500000000000004 0.033053405000000001 0.044247390000000004 0.95200000000000007 57.285000000000004 7.3500000000000005
decision_type=2 2 2 2 2 2 2 2 2 2 2
left_child=1 4 -3 -4 -1 -6 9 -8 -9 -2 -11
right_child=6 2 3 -5 5 -7 7 8 -10 10 -12
leaf_value=-0.052660706696898818 0.042243590929731435 -0.059885653753849591 0.0019994821560752026 -0.055254607225942137 -0.018653664099884299 0.050799430390434004 -0.062116521979973874 -0.0046455906339789507 0.028374582474244556 0.028806005034995818 -0.0020238338417000964
leaf_weight=38.103779889643192 36.242723017930984 15.447630256414412 970.3899078220129 15.582947120070456 151.84501008689404 8.5019081830978376 8.9084409773349744 71.283953756093979 93.549783259630203 37.513459056615829 22.853728339076042
leaf_count=251 33 70 2305 58 834 7 33 144 118 45 44
internal_value=0 -0.0036154 5.74755e-05 0.00104678 -0.0222035 -0.0147003 0.0159889 0.00981809 0.0140029 0.0267727 0.0168852
internal_weight=1470.22 1199.87 1001.42 985.973 198.451 160.347 270.352 173.742 164.834 96.6099 60.3672
internal_count=3942 3525 2433 2363 1092 841 417 295 262 122 89
is_linear=0
shrinkage=0.04


Tree=41
num_leaves=14
num_cat=0
split_feature=0 18 12 5 19 23 11 21 11 18 5 4 11
split_gain=50.1998 87.787 81.9594 47.9859 50.8656 43.0725 46.9236 38.4531 34.0065 31.5748 30.5554 12.2943 11.5218
threshold=0.96150000000000013 0.69803000000000004 24.500000000000004 57.085000000000008 60.45000000000001 20.500000000000004 1193.7500000000002 24.500000000000004 -2004.2149999999999 0.93500500000000009 58.125000000000007 2.3455000000000008 -2004.2149999999999
decision_type=2 2 2 2 2 2 2 2 2 2 2 2 2
left_child=3 2 7 12 8 6 -3 -2 -5 -7 -4 -6 -1
right_child=1 5 10 4 11 9 -8 -9 -10 -11 -12 -13 -14
leaf_value=0.019499896302312917 -0.013093864961606987 0.011222032082972932 0.029904625475895952 0.024663133356860642 -0.070960602531852213 0.05060838771693222 -0.02605585508807616 -0.036687350807012409 -0.0026232462571172755 -0.00282359627428755 -0.011644671273879295 -0.010022902726470084 0.060094256438607621
leaf_weight=19.403696462512016 399.41618553549051 262.59258343279362 83.51328319311142 148.01779516041279 14.692485079169275 61.174157381057739 67.33369080722332 155.63946089148521 141.36253298819065 23.774517998099327 41.547687217593193 9.7162886410951597 36.664773732423782
leaf_count=28 1569 489 108 221 64 57 211 641 354 52 95 26 27
internal_value=0 -0.00431257 -0.0131675 0.0127223 0.00652364 0.0101539 0.00352565 -0.0197726 0.0112832 0.0354913 0.0159505 -0.0481945 0.0466958
internal_weight=1464.85 1094.99 680.117 369.858 313.789 414.875 329.926 555.056 289.38 84.9487 125.061 24.4088 56.0685
internal_count=3942 3222 2413 720 665 809 700 2210 575 109 203 90 55
is_linear=0
shrinkage=0.04


Tree=42
num_leaves=13
num_cat=0
split_feature=6 18 20 11 9 11 2 24 5 5 18 22
split_gain=48.2035 46.6761 36.4807 45.9456 38.616 23.2365 23.6505 21.268 9.01112 16.9276 12.6937 9.00379
threshold=0.029725000000000005 0.14275000000000002 3.5000000000000004 -33474.87999999999 1.0000000180025095e-35 1630.3950000000002 140.16500000000002 0.028009700000000002 57.07500000000001 57.175000000000004 0.42029000000000005 21.950000000000003
decision_type=2 2 2 2 2 2 2 2 2 2 2 2
left_child=1 5 4 -4 -3 7 -7 -1 -2 10 -10 -11
right_child=8 2 3 -5 -6 6 -8 -9 9 11 -12 -13
leaf_value=0.010308552950943945 0.038455841886896207 0.022632817622853307 0.01806984036031431 -0.0085024491749794914 -0.021797645842004304 0.029931505740657015 -0.022886454317183641 -0.037041500956565873 0.0030336585377304 0.016803682203228493 -0.069549677183525241 -0.010938250003644751
leaf_weight=16.50734806060791 23.402586460113525 172.52527801692486 123.32619199156761 644.66233655810356 37.350207090377808 23.522062867879868 30.656564682722092 115.88613842427731 7.7081698328256589 237.29867136478424 6.2813810110092163 19.086444333195686
leaf_count=63 23 304 196 1796 106 55 174 783 14 358 26 44
internal_value=0 -0.00366267 -0.000139965 -0.00420038 0.0145977 -0.0219693 0 -0.0309706 0.0144561 0.0122378 -0.0294517 0.0146433
internal_weight=1458.21 1164.44 977.864 767.989 209.875 186.572 54.1786 132.393 293.777 270.375 13.9896 256.385
internal_count=3942 3477 2402 1992 410 1075 229 846 465 442 40 402
is_linear=0
shrinkage=0.04


Tree=43
num_leaves=13
num_cat=0
split_feature=0 18 12 5 19 4 22 4 21 6 1 4
split_gain=45.5155 80.0507 74.306 44.4954 47.6899 41.3566 83.3389 46.9557 36.1883 29.8417 29.6779 12.931
threshold=0.96150000000000013 0.69803000000000004 24.500000000000004 57.005000000000003 63.350000000000009 0.94450000000000001 8.0500000000000025 0.067000000000000018 24.500000000000004 0.010130000000000002 80.955000000000013 2.3455000000000008
decision_type=2 2 2 2 2 2 2 2 2 2 2 2
left_child=3 2 8 -1 10 7 -7 -3 -2 -4 -5 -6
right_child=1 5 9 4 11 6 -8 -9 -10 -11 -12 -13
leaf_value=0.05439456663335266 -0.012468834234793962 -0.050524747441386741 0.034169765197932744 -0.070804768536398527 -0.069982555380714503 0.022794538428043527 -0.042771829270275633 0.021738409724078204 -0.035508376274226282 -0.0047367325669235008 0.013676819632560566 -0.0070428035240818589
leaf_weight=35.664029836654663 395.26772613823414 14.559694096446036 63.833324879407883 6.2444631308317176 14.276410438120367 61.846068099141121 60.913950696587563 275.45583093166351 153.46763706952333 60.142500802874565 300.75376521795988 9.4448327273130399
leaf_count=28 1569 62 80 28 63 93 205 449 641 123 576 25
internal_value=0 -0.00412397 -0.0126422 0.0121718 0.00748302 0.00970857 -0.00961899 0.017961 -0.0189753 0.0151918 0.0117811 -0.0464109
internal_weight=1451.87 1085.49 672.711 366.384 330.719 412.776 122.76 290.016 548.735 123.976 306.998 23.7212
internal_count=3942 3222 2413 720 692 809 298 511 2210 203 604 88
is_linear=0
shrinkage=0.04


Tree=44
num_leaves=14
num_cat=0
split_feature=6 18 24 4 8 21 4 10 23 8 19 6 6
split_gain=43.7803 43.7208 35.3035 33.1975 36.6102 35.2796 20.4842 10.3292 27.1907 18.9246 10.1249 8.27349 20.1206
threshold=0.03135000000000001 0.081500000000000017 0.21348148000000003 7.331500000000001 0.9145000000000002 170.50000000000003 1.7350000000000003 -940.92499999999984 3.5000000000000004 0.50150000000000017 5.2500000000000009 0.086185000000000025 0.037915000000000011
decision_type=2 2 2 2 2 2 2 2 2 2 2 2 2
left_child=1 2 -1 5 -5 -3 -4 11 10 -10 -9 12 -2
right_child=7 3 6 4 -6 -7 -8 8 9 -11 -12 -13 -14
leaf_value=-0.047920124212381808 0.033297404659768513 -0.0012798150982989867 0.020819212711096127 -0.061069859643254197 0.0033486120881937838 0.029756018355866005 -0.051198433272657572 -0.075354900374232606 0.040557841019844075 0.0023728522365548208 -0.0025193163025383249 0.03876862532855186 -0.0011186339518320435
leaf_weight=59.547876872122288 52.841532126069069 972.38332209736109 25.505101189017296 29.589223995804787 25.445936366915703 61.831768751144409 7.8074040859937659 7.6329918801784498 28.357048138976097 78.956576243042946 5.8952045887708664 36.603340864181519 53.148802280426025
leaf_count=457 60 2679 69 126 53 95 46 31 27 146 12 38 103
internal_value=0 -0.00329986 -0.0295781 -0.0010287 -0.0311634 0.000569852 0.00284154 0.0147177 0.00585079 0.0127898 -0.046262 0.0220455 0.0159275
internal_weight=1445.55 1182.11 92.8604 1089.25 55.0352 1034.22 33.3125 263.435 120.842 107.314 13.5282 142.594 105.99
internal_count=3942 3525 572 2953 179 2774 115 417 216 173 43 201 163
is_linear=0
shrinkage=0.04


Tree=45
num_leaves=13
num_cat=0
split_feature=0 18 12 5 19 23 5 11 18 5 2 4
split_gain=41.2187 73.3466 67.6596 42.2454 43.8013 38.4926 47.1506 35.8236 29.0872 28.515 27.1834 12.2742
threshold=0.96150000000000013 0.69803000000000004 24.500000000000004 57.005000000000003 63.350000000000009 20.500000000000004 56.875000000000007 -16804.339999999997 0.93500500000000009 58.145000000000003 233.76500000000001 2.3455000000000008
decision_type=2 2 2 2 2 2 2 2 2 2 2 2
left_child=3 2 7 -1 10 6 -3 -2 -7 -4 -5 -6
right_child=1 5 9 4 11 8 -8 -9 -10 -11 -12 -13
leaf_value=0.053122520626890914 0.010753761856988779 0.03319925563960395 0.025396697803423709 0.002138142765359622 -0.067919019692732688 0.048205717060911771 -0.0045239786436922615 -0.021837888937678653 -0.0033778246856225893 -0.019006343356913237 0.027157503775223968 -0.0064235734115082989
leaf_weight=35.0836131721735 59.553386695683002 65.847647160291672 93.513045057654381 195.40660172700882 14.116971611976625 59.981231242418289 261.24642539024353 483.98405785858631 23.530617967247963 29.772576794028282 109.13179901242256 9.4281596988439542
leaf_count=28 161 93 129 439 63 57 607 2049 52 74 165 25
internal_value=0 -0.00394194 -0.0121411 0.0116314 0.00705957 0.00932345 0.00304815 -0.0182236 0.0334997 0.0144787 0.0111993 -0.0447718
internal_weight=1440.6 1077.43 666.823 363.167 328.084 410.606 327.094 543.537 83.5118 123.286 304.538 23.5451
internal_count=3942 3222 2413 720 692 809 700 2210 109 203 604 88
is_linear=0
shrinkage=0.04


Tree=46
num_leaves=14
num_cat=0
split_feature=22 10 10 11 12 1 18 1 22 24 11 19 22
split_gain=41.1081 54.3223 47.3504 40.7202 54.4184 47.4199 47.3813 39.2246 35.3934 25.2704 17.1039 11.5261 1.61296
threshold=22.450000000000003 -38030.514999999992 8709.0850000000009 -418.86499999999995 22.000000000000004 5998.4750000000013 0.081500000000000017 6980.9400000000014 0.75000000000000011 0.0081380950000000032 -42178.724999999999 45.050000000000004 25.350000000000005
decision_type=2 2 2 2 2 2 2 2 2 2 2 2 2
left_child=3 10 9 6 7 -6 11 -5 -8 -3 -2 -1 -4
right_child=1 2 12 4 5 -7 8 -9 -10 -11 -12 -13 -14
leaf_value=-0.056236829510869731 0.00040988771175636603 0.037629334975313962 0.042074321379362754 -0.02094280748351841 0.019925223811882341 -0.020752314411158941 -0.054049543281386704 0.023377248338541108 0.0125163826275447 -0.038838515533941555 0.061709743308588014 0.020802728001045736 0.013990384269717866
leaf_weight=20.805427424609665 15.380004093050959 6.6419936418533316 10.06742909550667 287.79837320744991 173.8472046405077 61.353128403425217 12.44575262069702 35.102614812552929 650.18136932700872 133.29685562849045 14.591596394777296 2.9578808620572081 10.001469507813452
leaf_count=155 34 12 16 1167 349 192 41 74 1291 563 11 9 28
internal_value=0 -0.0173162 -0.0266416 0.00263702 -0.00536192 0.00920793 0.00916922 -0.0160342 0.0111961 -0.0349456 0.0314328 -0.0455921 0.0297311
internal_weight=1434.47 189.979 160.008 1244.49 558.101 235.2 686.39 322.901 662.627 139.939 29.9716 23.7633 20.0689
internal_count=3942 664 619 3278 1782 541 1496 1241 1332 575 45 164 44
is_linear=0
shrinkage=0.04


Tree=47
num_leaves=10
num_cat=0
split_feature=4 0 18 12 4 21 5 8 12
split_gain=39.8824 43.0675 69.6534 57.5332 38.8577 37.1365 37.6038 35.6653 12.44
threshold=28.019000000000002 0.96150000000000013 0.65257500000000013 24.500000000000004 0.067000000000000018 7.5000000000000009 57.205000000000005 0.0055000000000000005 26.500000000000004
decision_type=2 2 2 2 2 2 2 2 2
left_child=1 5 3 -3 -4 6 -1 -7 -2
right_child=8 2 4 -5 -6 7 -8 -9 -10
leaf_value=0.050982751924103981 -0.065890281477455195 -0.01747769356024061 -0.051134623695483467 0.014155551095394158 0.011517187269247249 0.053537808729158982 0.012112400428481815 -0.0063267163903079253 0
leaf_weight=61.717979207634926 18.536964565515522 509.04743148386478 15.874600797891615 111.16163803637028 416.99865765869617 17.224712371826172 117.32770636677742 155.96014076471329 5.3313376754522315
leaf_count=66 87 2122 69 183 787 18 234 366 10
internal_value=0 0.000870886 -0.00316442 -0.0117689 0.00911709 0.0129795 0.0257273 -0.000120544 -0.0507433
internal_weight=1429.18 1405.31 1053.08 620.209 432.873 352.231 179.046 173.185 23.8683
internal_count=3942 3845 3161 2305 856 684 300 384 97
is_linear=0
shrinkage=0.04


Tree=48
num_leaves=13
num_cat=0
split_feature=6 18 16 4 4 3 21 2 4 16 18 24
split_gain=37.3651 38.0062 34.1184 31.0056 32.1857 11.1706 10.4138 17.2852 18.5377 8.822 21.9447 2.34019
threshold=0.03135000000000001 0.081500000000000017 11.500000000000002 0.05050000000000001 7.331500000000001 53.390000000000008 4.5000000000000009 40.845000000000006 1.4470000000000003 4.5000000000000009 0.5116050000000002 0.17594848000000005
decision_type=2 2 2 2 2 2 2 2 2 2 2 2
left_child=1 2 5 -3 -5 -1 9 -8 -9 10 -2 -11
right_child=6 3 -4 4 -6 -7 7 8 -10 11 -12 -13
leaf_value=0.022106873915153438 -0.021243578139028392 -0.057080313723710557 0.026877317278860554 0.0014727529423789346 -0.030035641576984014 -0.042985380500686662 -0.075134697877733997 -0.0047259603542210973 0.022444822582167113 0.025037401062126464 0.036201323433476977 0.045381086737250574
leaf_weight=3.7735466659069052 18.988368526101112 15.030037164688109 14.25416426360607 1008.6219919994473 54.176442608237267 70.081414520740509 3.4204682260751715 75.003782466053963 83.317769780755043 30.29961434006691 22.442395463585854 24.566561922430992
leaf_count=13 46 73 27 2701 179 532 15 151 117 41 24 23
internal_value=0 -0.00305671 -0.028247 -0.000966787 -0.000127955 -0.0392643 0.0137508 0.00733401 0.00947256 0.0242284 0.00945708 0.0348352
internal_weight=1423.98 1165.94 88.1091 1077.83 1062.8 73.855 258.039 161.742 158.322 96.2969 41.4308 54.8662
internal_count=3942 3525 572 2953 2880 545 417 283 268 134 70 64
is_linear=0
shrinkage=0.04


Tree=49
num_leaves=14
num_cat=0
split_feature=22 10 10 11 12 1 18 1 19 22 11 19 22
split_gain=37.0176 50.4875 43.8018 36.5657 47.5928 42.658 42.0392 36.0862 32.8881 25.2015 15.9303 11.0493 1.31297
threshold=22.450000000000003 -38030.514999999992 8709.0850000000009 -418.86499999999995 22.000000000000004 5998.4750000000013 0.081500000000000017 6980.9400000000014 63.350000000000009 24.550000000000004 -42178.724999999999 45.050000000000004 25.350000000000005
decision_type=2 2 2 2 2 2 2 2 2 2 2 2 2
left_child=3 10 9 6 7 -6 11 -5 -8 -3 -2 -1 -4
right_child=1 2 12 4 5 -7 8 -9 -10 -11 -12 -13 -14
leaf_value=-0.055259188753806664 0.00051148104811108851 -0.05636039600838047 0.039847151141479839 -0.019938417189011487 0.018800203633000868 -0.019893180038281978 0.012985999892955733 0.022629925635187339 -0.022989228363163607 -0.020169022214085924 0.059917496914901128 0.020727341077736897 0.013732327501302601
leaf_weight=19.578104324638847 15.30162298679352 50.467554539442062 10.117711842060091 283.73740439116955 172.08996034413576 61.073494970798492 615.13759030401707 35.0417615249753 42.707492530345917 87.25553560256958 14.47965484857559 2.9235673397779456 9.9536153972148878
leaf_count=155 34 238 16 1167 349 192 1212 74 120 337 11 9 28
internal_value=0 -0.0165371 -0.0256222 0.0025144 -0.00511022 0.00855861 0.00872858 -0.0151683 0.0106044 -0.0337317 0.0305676 -0.0442811 0.0285173
internal_weight=1419.87 187.576 157.794 1232.29 551.943 233.163 680.347 318.779 657.845 137.723 29.7813 22.5017 20.0713
internal_count=3942 664 619 3278 1782 541 1496 1241 1332 575 45 164 44
is_linear=0
shrinkage=0.04


Tree=50
num_leaves=10
num_cat=0
split_feature=4 1 18 12 1 0 20 20 12
split_gain=36.0958 38.9387 40.2429 59.1729 56.0651 18.6793 27.7404 23.8848 11.5911
threshold=28.019000000000002 1207.45 0.69803000000000004 22.000000000000004 3510.6350000000007 0.83000000000000007 7.5000000000000009 2.5000000000000004 26.500000000000004
decision_type=2 2 2 2 2 2 2 2 2
left_child=1 5 3 -3 -4 6 -1 -7 -2
right_child=8 2 4 -5 -6 7 -8 -9 -10
leaf_value=0.046413696276633366 -0.06372760026802482 -0.016438846264867354 -0.042773986146816177 0.0054632953572849099 0.012010285875009361 -0.039768189445678559 -0.014317795969880063 0.01779988829432521 0
leaf_weight=60.079991228878498 18.051639221608642 448.31560326367617 31.556142687797546 350.12246257811785 421.10248595476151 14.213936157524584 14.186846211552618 51.624055035412312 5.3165915608406058
leaf_count=69 87 1891 98 787 797 65 35 103 10
internal_value=0 0.00082924 -0.00139826 -0.00681211 0.008104 0.0207967 0.0345268 0.00486382 -0.0487809
internal_weight=1414.57 1391.2 1251.1 798.438 452.659 140.105 74.2668 65.838 23.3682
internal_count=3942 3845 3573 2678 895 272 104 168 97
is_linear=0
shrinkage=0.04


Tree=51
num_leaves=14
num_cat=0
split_feature=22 10 10 11 20 18 6 22 22 21 11 19 10
split_gain=33.9486 46.8231 40.6107 32.8808 43.6758 38.8803 33.7045 32.676 24.172 15.7344 15.1063 11.6705 1.0658
threshold=22.450000000000003 -38030.514999999992 8709.0850000000009 -418.86499999999995 1.5000000000000002 0.081500000000000017 -0.004089999999999999 0.75000000000000011 24.550000000000004 2.5000000000000004 -42178.724999999999 52.600000000000009 16161.555000000002
decision_type=2 2 2 2 2 2 2 2 2 2 2 2 2
left_child=3 10 8 5 9 11 -6 -7 -3 -5 -2 -1 -4
right_child=1 2 12 4 6 7 -8 -9 -10 -11 -12 -13 -14
leaf_value=-0.054455302896598855 0.00024488606032589682 -0.055091992661734576 0.012794163822899525 0.00571417009104751 0.020492414065472805 -0.052436543668724751 -0.012819522069316214 0.01139176065454558 -0.019362762730990003 0.045696776585270715 0.058281945754247576 0.027551040972465982 0.037156488294133726
leaf_weight=19.22465364634991 15.253248214721681 49.41200789809227 9.4026210755109805 33.640956096351147 53.932635419070721 12.503913372755049 428.78837129473686 642.33560233563185 86.59317422658205 31.751699812710285 14.351194739341734 2.5726549029350272 10.680830106139181
leaf_count=158 34 238 24 88 136 41 1512 1291 337 46 11 6 20
internal_value=0 -0.015922 -0.0247399 0.00240993 -0.00484663 0.00831692 -0.00903896 0.0101034 -0.0326443 0.0256309 0.0295443 -0.0434787 0.0273101
internal_weight=1410.44 185.693 156.089 1224.75 548.114 676.637 482.721 654.84 136.005 65.3927 29.6044 21.7973 20.0835
internal_count=3942 664 619 3278 1782 1496 1648 1332 575 134 45 164 44
is_linear=0
shrinkage=0.04


Tree=52
num_leaves=9
num_cat=0
split_feature=4 1 22 10 10 22 5 12
split_gain=33.4535 35.588 39.7289 51.308 39.5987 29.0018 14.035 10.985
threshold=28.019000000000002 1207.45 2.6500000000000008 -10712.784999999998 -5457.0099999999993 0.95000000000000007 57.105000000000011 26.500000000000004
decision_type=2 2 2 2 2 2 2 2
left_child=1 5 4 -4 -3 -1 -7 -2
right_child=7 2 3 -5 -6 6 -8 -9
leaf_value=-0.070757112221168872 -0.062090401438705617 -0.030522478618549818 0.012756917382103772 -0.0082549786150965133 0.029032160359105243 0.05369454099012945 0.017621710643485441 0
leaf_weight=4.844204567372798 17.714469395577911 20.560407996177673 234.78687187284231 878.65490128099918 110.32790886610746 21.165793895721436 112.99511969834566 5.3127149790525428
leaf_count=22 87 60 482 2861 170 15 235 10
internal_value=0 0.000797827 -0.00133441 -0.0038026 0.0194443 0.0199647 0.0236395 -0.0473034
internal_weight=1406.36 1383.34 1244.33 1113.44 130.888 139.005 134.161 23.0272
internal_count=3942 3845 3573 3343 230 272 250 97
is_linear=0
shrinkage=0.04


Tree=53
num_leaves=12
num_cat=0
split_feature=6 18 20 5 11 21 22 5 5 22 18
split_gain=32.3044 32.0093 31.9399 39.165 33.3608 21.4711 23.0188 8.60803 14.441 16.5947 11.6013
threshold=0.029725000000000005 0.14275000000000002 3.5000000000000004 57.395000000000003 -33474.87999999999 10.500000000000002 17.950000000000003 57.07500000000001 57.175000000000004 22.050000000000004 0.42029000000000005
decision_type=2 2 2 2 2 2 2 2 2 2 2
left_child=1 5 3 -3 -4 6 -1 -2 10 -10 -9
right_child=7 2 4 -5 -6 -7 -8 8 9 -11 -12
leaf_value=-0.0016461017548543683 0.036442310825987159 0.021448534120683208 0.015220501040390265 -0.025479538697078891 -0.0077341777961403169 -0.047514779960652204 -0.039355350907258488 0.0025033312585266061 0.014898503917646673 -0.029269894062916958 -0.067407435441156266
leaf_weight=100.63452111929655 21.692443922162056 172.84794323146343 119.82503774762154 33.246633738279343 628.75738793611526 33.815946988761425 34.991362228989601 7.5246098190546018 230.43591918051243 13.721722811460493 6.1832754909992218
leaf_count=541 23 319 196 91 1796 270 264 14 363 39 26
internal_value=0 -0.00303297 -0.000164546 0.0137381 -0.00402543 -0.0190287 -0.0116308 0.0121498 0.00996231 0.0122797 -0.0288864
internal_weight=1403.68 1124.12 954.677 206.095 748.582 169.442 135.626 279.558 257.866 244.158 13.7079
internal_count=3942 3477 2402 410 1992 1075 805 465 442 402 40
is_linear=0
shrinkage=0.04


Tree=54
num_leaves=8
num_cat=0
split_feature=4 4 0 18 21 12 18
split_gain=32.0139 32.3014 31.8533 62.2138 33.5822 10.328 3.59208
threshold=0.033000000000000008 28.019000000000002 0.96150000000000013 0.65257500000000013 7.5000000000000009 26.500000000000004 0.24199500000000004
decision_type=2 2 2 2 2 2 2
left_child=6 2 4 -4 -2 -3 -1
right_child=1 5 3 -5 -6 -7 -8
leaf_value=-0.011124380836404664 0.024470878489860619 -0.060749597252303382 -0.010327868257553345 0.0097758008348352316 -0.00044656580685856992 0 -0.062142072710757897
leaf_weight=4.1058654785156277 172.35855380445719 17.328518114984039 597.71870464086533 417.59516462683678 170.17823293805122 5.2885899841785422 13.933911904692648
leaf_count=19 292 87 2278 808 381 10 67
internal_value=0 0.000691852 0.00150379 -0.00203887 0.0120505 -0.046167 -0.0522223
internal_weight=1398.51 1380.47 1357.85 1015.31 342.537 22.6171 18.0398
internal_count=3942 3856 3759 3086 673 97 86
is_linear=0
shrinkage=0.04


Tree=55
num_leaves=14
num_cat=0
split_feature=22 4 11 8 18 22 10 11 22 22 3 8 10
split_gain=30.1092 43.3877 31.439 53.2094 46.9946 35.0985 26.7316 40.4167 26.3755 21.8135 20.4054 10.8171 7.40706
threshold=22.450000000000003 1.2155000000000002 4585.3550000000005 0.39450000000000007 0.12257500000000002 21.250000000000004 -35206.939999999995 4158.0500000000002 2.8500000000000001 15.750000000000002 11681.140000000001 0.96950000000000014 -42843.509999999987
decision_type=2 2 2 2 2 2 2 2 2 2 2 2 2
left_child=2 6 4 10 9 -6 -2 -8 -5 -1 -4 12 -3
right_child=1 11 3 8 5 -7 7 -9 -10 -11 -12 -13 -14
leaf_value=-0.034594212863833219 0.031638277724998852 0 -0.012084470268885841 0 0.0050381853882840548 0.036544955282639756 -0.024540469364548682 0.038526844362938045 -0.052922764437214324 0.0018775146980820404 0.053165943049939067 -0.0077270438063677992 -0.059888175418393849
leaf_weight=67.431091643869877 27.909447535872459 3.3429718017578116 12.491599626839163 20.897910244762897 942.10845329612494 60.028562650084496 82.637246184051037 19.549915477633476 51.075983934104443 41.03849621117115 17.271578371524811 10.99368794262409 38.250631660223007
leaf_count=502 37 9 37 62 2119 98 350 41 208 238 14 31 196
internal_value=0 -0.0151272 0.00227118 -0.018921 0.00423813 0.00696269 -0.00251876 -0.0121511 -0.0375621 -0.0206666 0.0253723 -0.0456254 -0.0549564
internal_weight=1395.03 182.684 1212.34 101.737 1110.61 1002.14 130.097 102.187 71.9739 108.47 29.7632 52.5873 41.5936
internal_count=3942 664 3278 321 2957 2217 428 391 270 740 51 236 205
is_linear=0
shrinkage=0.04


Tree=56
num_leaves=8
num_cat=0
split_feature=4 4 1 18 0 12 19
split_gain=30.1829 29.5526 30.0209 37.0272 17.4084 9.69837 3.512
threshold=0.033000000000000008 28.019000000000002 1207.45 0.69803000000000004 0.83000000000000007 26.500000000000004 0.8500000000000002
decision_type=2 2 2 2 2 2 2
left_child=6 2 4 -4 -2 -3 -1
right_child=1 5 3 -5 -6 -7 -8
leaf_value=-0.0093847380635254402 0.032672212271840563 -0.059081209674258207 -0.0058089175339180177 0.008724225145031763 0.0036762675614668973 0 -0.060694931609958855
leaf_weight=3.8940895348787334 72.054407000541687 16.863745987415317 776.143524967134 438.31153370440006 64.388067804276943 5.2829682677984229 13.863908387720583
leaf_count=16 103 87 2639 849 168 10 70
internal_value=0 0.000666415 0.00143991 -0.000545837 0.0191983 -0.044622 -0.0511038
internal_weight=1390.8 1373.04 1350.9 1214.46 136.442 22.1467 17.758
internal_count=3942 3856 3759 3488 271 97 86
is_linear=0
shrinkage=0.04


Tree=57
num_leaves=12
num_cat=0
split_feature=6 6 18 18 23 5 12 5 5 22 18
split_gain=28.8693 27.3423 79.4566 63.8977 46.9938 38.296 55.2925 8.33889 13.2412 14.5237 10.9097
threshold=0.029725000000000005 0.010130000000000002 0.69803000000000004 1.8876250000000001 9.5000000000000018 57.085000000000008 24.500000000000004 57.07500000000001 57.175000000000004 22.050000000000004 0.42029000000000005
decision_type=2 2 2 2 2 2 2 2 2 2 2
left_child=1 5 4 -4 -3 -1 -7 -2 10 -10 -9
right_child=7 2 3 -5 -6 6 -8 8 9 -11 -12
leaf_value=0.050920067679398974 0.035771840374021965 -0.034442271627770284 0.017713864623632076 -0.021320286362086098 -0.0077102706126852948 -0.011924697720212752 0.023765836125060762 0.0025513844623511689 0.014147379281009367 -0.02712730702592514 -0.065400525616294738
leaf_weight=28.474702179431915 21.153420940041542 170.86498762667179 256.86834485828876 89.933820337057114 280.46508081257343 169.82010702043772 116.54733690619469 7.4768278747796995 226.94765493273735 13.745832830667494 6.135817751288414
leaf_count=27 23 803 448 255 1169 601 174 14 363 39 26
internal_value=0 -0.00288421 -0.00683369 0.0075177 -0.0179017 0.00705933 0.00254721 0.0115679 0.00940991 0.0116559 -0.0278923
internal_weight=1388.43 1112.97 798.132 346.802 451.33 314.842 286.367 275.46 254.306 240.693 13.6126
internal_count=3942 3477 2675 703 1972 802 775 465 442 402 40
is_linear=0
shrinkage=0.04


Tree=58
num_leaves=8
num_cat=0
split_feature=4 4 1 22 24 8 12
split_gain=28.4699 27.7659 28.5896 31.919 16.78 9.99274 9.10216
threshold=0.05050000000000001 28.019000000000002 1207.45 2.6500000000000008 0.27582853500000004 0.96400000000000008 26.500000000000004
decision_type=2 2 2 2 2 2 2
left_child=5 2 4 -4 -2 -1 -3
right_child=1 6 3 -5 -6 -7 -8
leaf_value=-0.060429407184230004 0.025643793514493432 -0.057865422445873137 0.018449585701771892 -0.0027376039776740124 -0.010156913876236143 0.0027243337705107912 0
leaf_weight=16.159196935594085 109.78876857459545 16.474720247089866 126.62264655530453 1078.5554635673761 24.674294978380203 4.4443138837814322 5.2548917829990378
leaf_count=86 177 87 224 3256 91 11 10
internal_value=0 0.000700841 0.00145049 -0.000488245 0.0189128 -0.0461172 -0.0436089
internal_weight=1381.97 1361.37 1339.64 1205.18 134.463 20.6035 21.7296
internal_count=3942 3845 3748 3480 268 97 97
is_linear=0
shrinkage=0.04


Tree=59
num_leaves=8
num_cat=0
split_feature=4 4 1 18 5 8 12
split_gain=26.733 26.0334 26.5262 30.745 16.0565 9.60934 8.74029
threshold=0.05050000000000001 28.019000000000002 1207.45 0.69803000000000004 57.215000000000011 0.96400000000000008 26.500000000000004
decision_type=2 2 2 2 2 2 2
left_child=5 2 4 -4 -2 -1 -3
right_child=1 6 3 -5 -6 -7 -8
leaf_value=-0.05939417846830515 0.041054768932175557 -0.056802497573627389 -0.0052826317210454025 0.0080156266327423391 0.0094695071573181241 0.0026276051925242204 0
leaf_weight=15.79922090470791 36.097394615411758 16.128064908087257 770.112908244133 434.53064446151257 97.484678164124489 4.4420589059591284 5.2548917829990378
leaf_count=86 53 87 2635 845 215 11 10
internal_value=-1.62648e-07 0.000672644 0.00139427 -0.000467845 0.0182751 -0.0450837 -0.0425754
internal_weight=1379.85 1359.61 1338.23 1204.64 133.582 20.2413 21.383
internal_count=3942 3845 3748 3480 268 97 97
is_linear=0
shrinkage=0.04


Tree=60
num_leaves=14
num_cat=0
split_feature=6 18 24 4 16 21 4 10 4 23 21 8 6
split_gain=26.4896 27.6103 34.2745 25.1095 29.1796 26.9421 18.0362 10.3543 35.8581 23.728 7.5257 18.7874 3.51686
threshold=0.03135000000000001 0.081500000000000017 0.21348148000000003 7.331500000000001 1.5000000000000002 6.5000000000000009 1.7350000000000003 -940.92499999999984 0.27550000000000008 3.5000000000000004 7.5000000000000009 0.95200000000000007 0.086185000000000025
decision_type=2 2 2 2 2 2 2 2 2 2 2 2 2
left_child=1 2 -1 5 -5 -3 -4 10 -9 -10 12 -12 -2
right_child=7 3 6 4 -6 -7 -8 8 9 -11 11 -13 -14
leaf_value=-0.046108261616182138 0.019604007327248082 0.01312760059188027 0.023310686497032131 0.017721991741986354 -0.047231340196958238 -0.0028714684956413776 -0.048461857842240511 -0.092615783936834145 -0.043478103807980846 0.014973599692744895 -0.017556326661310535 0.026834122198657665 0.039830569784358526
leaf_weight=48.608933933079243 41.973627358675003 213.63227730989456 24.573747627437118 14.941875681281088 36.483419224619865 786.32679502665997 6.6300166472792617 5.4480194151401511 11.946067705750464 96.092450067400932 24.839076712727547 36.846476577222347 29.196517392992973
leaf_count=457 63 570 69 26 153 2204 46 24 38 154 58 48 32
internal_value=0 -0.00260387 -0.0252186 -0.000856958 -0.0279847 0.000531451 0.0069062 0.0118582 0.00275756 0.00815568 0.0194426 0.00864025 0.0284007
internal_weight=1377.54 1131.2 79.8127 1051.38 51.4253 999.959 31.2038 246.342 113.487 108.039 132.856 61.6856 71.1701
internal_count=3942 3525 572 2953 179 2774 115 417 216 192 201 106 95
is_linear=0
shrinkage=0.04


Tree=61
num_leaves=10
num_cat=0
split_feature=4 22 4 18 5 10 10 0 8
split_gain=25.266 24.5713 42.5037 34.8457 35.0733 31.3772 24.8053 11.1614 8.98777
threshold=0.05050000000000001 22.450000000000003 1.2155000000000002 1.7255800000000001 56.845000000000006 -42843.509999999987 -35206.939999999995 0.96950000000000014 0.96400000000000008
decision_type=2 2 2 2 2 2 2 2 2
left_child=8 3 6 4 -2 -5 -3 -4 -1
right_child=1 2 7 5 -6 -7 -8 -9 -10
leaf_value=-0.058318652916735249 -0.0568250400014444 0.032767275328743704 -0.0042284228878191939 -0.034955092881590322 0.001190774157235048 0.028085223502129983 -0.010072891035752015 -0.053221957103536541 0.0018193175490223063
leaf_weight=15.441939264535906 16.445472896099091 27.213860243558884 10.301525875926016 13.367923364043234 1024.2681638225913 123.55196145176888 97.680954582989216 40.675896748900414 4.4162346273660651
leaf_count=86 94 35 30 38 2882 188 372 206 11
internal_value=-1.56423e-06 0.000648904 -0.013256 0.00274724 0.000227946 0.0216801 -0.000485334 -0.0438471 -0.044246
internal_weight=1373.36 1353.51 175.872 1177.63 1040.71 136.92 124.895 50.9774 19.8582
internal_count=3942 3845 643 3202 2976 226 407 236 97
is_linear=0
shrinkage=0.04


Tree=62
num_leaves=15
num_cat=0
split_feature=6 21 4 21 21 11 20 24 8 3 5 5 22 4
split_gain=24.3575 26.3038 55.5915 38.094 49.6393 36.3579 22.7715 10.4354 27.3571 38.0345 21.2872 8.48956 8.69498 5.64064
threshold=0.03135000000000001 170.50000000000003 1.3495000000000001 114.50000000000001 111.50000000000001 -103100.20499999999 6.5000000000000009 0.033053405000000001 0.95200000000000007 7485.0950000000012 57.335000000000008 57.285000000000004 7.3500000000000005 0.69050000000000011
decision_type=2 2 2 2 2 2 2 2 2 2 2 2 2 2
left_child=1 3 13 4 -1 -5 -4 11 9 -9 -10 -2 -13 -3
right_child=7 2 6 5 -6 -7 -8 8 10 -11 -12 12 -14 -15
leaf_value=-0.0030572543273517934 0.039220044253092834 0.027710268831584867 0.025747112907161911 0.022426005099459054 0.071936566024500367 -0.04753053967022814 -0.067341591239542559 -0.048078806594972497 -0.0057473892455531354 0.011069046187223324 0.034978742260946577 0.024814069465403876 -0.0069454900162608428 0.060763094440662642
leaf_weight=983.06528613716364 31.728019565343857 19.121307462453842 5.6859198212623623 14.393326863646505 13.813576966524122 54.699711784720421 11.774687945842741 29.013150990009308 31.073119580745697 41.115850612521172 55.351514205336571 34.38290736079216 21.189047068357468 24.363640084862709
leaf_count=3146 33 29 10 20 23 231 51 91 68 70 66 45 44 15
internal_value=-5.15169e-06 -0.00250115 0.0229012 -0.0039823 -0.00196248 -0.0326135 -0.0360415 0.0114292 0.0050546 -0.013285 0.0201571 0.0225391 0.0123938 0.0471639
internal_weight=1370.77 1126.92 60.9456 1065.97 996.879 69.093 17.4606 243.854 156.554 70.129 86.4246 87.3 55.572 43.4849
internal_count=3942 3525 105 3420 3169 251 61 417 295 161 134 122 89 44
is_linear=0
shrinkage=0.04


Tree=63
num_leaves=15
num_cat=0
split_feature=22 22 22 10 10 23 10 18 10 19 10 1 12 0
split_gain=23.9175 44.2163 53.1731 70.7972 34.6744 31.3668 29.4296 27.9075 29.724 27.9297 28.3757 20.6415 13.9719 13.0117
threshold=10.050000000000002 14.450000000000001 17.950000000000003 -26774.254999999997 -48.85499999999999 3.5000000000000004 184.59500000000003 0.12257500000000002 1631.3700000000001 63.350000000000009 3013.1850000000004 2146.2700000000009 22.000000000000004 2.1005000000000007
decision_type=2 2 2 2 2 2 2 2 2 2 2 2 2 2
left_child=7 4 6 -4 5 -2 -3 8 -1 10 -9 -11 -10 -6
right_child=1 2 3 -5 13 -7 -8 9 12 11 -12 -13 -14 -15
leaf_value=-0.048188651331505225 -0.071652190813001101 0.032234471745893653 0.02738176349648171 -0.017398851011685524 -0.058786526010372084 -0.0021420241607267073 -0.0070359718300470686 0.012435487736048923 -0.038481410134734988 0.017088449748640197 -0.016385249758191195 -0.033999754915010415 0.034350204685749723 0.014049623266894127
leaf_weight=30.51287904381752 11.448100723326204 101.0768371373415 69.996541574597359 280.01774670183659 44.404744207859039 85.337027549743652 42.35062937438488 560.1729716360569 5.1900672763586053 17.043264761567116 59.561710312962532 42.164193525910378 14.525751456618309 3.6378256827592841
leaf_count=274 55 245 107 1135 261 283 158 1022 47 30 156 128 31 10
internal_value=0 -0.00566592 4.88522e-06 -0.00836019 -0.0250581 -0.0108955 0.0205157 0.00493378 -0.0236019 0.00709013 0.00962235 -0.0189388 0.0137108 -0.0527714
internal_weight=1367.44 638.269 493.442 350.014 144.828 96.7851 143.427 729.171 50.2287 678.942 619.735 59.2075 19.7158 48.0426
internal_count=3942 2254 1645 1242 609 338 403 1688 352 1336 1178 158 78 271
is_linear=0
shrinkage=0.04


Tree=64
num_leaves=8
num_cat=0
split_feature=4 4 0 18 21 8 12
split_gain=23.8256 23.429 23.8122 44.7779 30.2595 8.27789 7.85592
threshold=0.05050000000000001 28.019000000000002 0.96150000000000013 0.65257500000000013 7.5000000000000009 0.96400000000000008 26.500000000000004
decision_type=2 2 2 2 2 2 2
left_child=5 2 4 -4 -2 -1 -3
right_child=1 6 3 -5 -6 -7 -8
leaf_value=-0.057188732891393812 0.022639072499487836 -0.055026709010441696 -0.0089393381914726327 0.008337648768476022 -0.0013343605229207392 0.00093048216312105404 0
leaf_weight=15.044196896255018 165.90647660195827 15.458384782075884 580.91774784773588 407.58177845180035 167.50946193188429 4.331673949956893 5.1997987776994696
leaf_count=86 291 87 2275 801 381 11 10
internal_value=-4.50334e-06 0.000624181 0.00130674 -0.00179479 0.0105509 -0.0434928 -0.0411063
internal_weight=1361.95 1342.57 1321.92 988.5 333.416 19.3759 20.6582
internal_count=3942 3845 3748 3076 672 97 97
is_linear=0
shrinkage=0.04


Tree=65
num_leaves=10
num_cat=0
split_feature=4 4 22 0 22 22 19 8 22
split_gain=22.3998 23.1288 46.4425 48.7066 44.8977 33.1617 31.1819 7.99554 7.51964
threshold=0.05050000000000001 0.17950000000000002 17.950000000000003 0.91800000000000015 16.250000000000004 16.750000000000004 4.9500000000000011 0.96400000000000008 20.450000000000003
decision_type=2 2 2 2 2 2 2 2 2
left_child=7 4 5 -4 6 -3 -2 -1 -6
right_child=1 2 3 -5 8 -7 -8 -9 -10
leaf_value=-0.056316234466829082 0.023668363202061747 0.0018500265993806272 0.021447223018849645 -0.021558959720039659 0.071343618599931297 0.036957610519410766 -0.041835632626154896 0.00089726081765601655 0.033510717147362
leaf_weight=14.681283101439478 23.67942051589489 902.55758483707905 49.652177773416042 253.38193863630295 16.575124233961105 44.83524052798748 21.665217578411102 4.3309046924114218 27.292145252227783
leaf_count=86 44 2390 109 1046 19 101 92 11 44
internal_value=-5.69008e-06 0.000599105 -0.000792726 -0.0144228 0.0202262 0.00355121 -0.00730748 -0.0425692 0.0488995
internal_weight=1358.65 1339.64 1250.43 303.034 89.2119 947.393 45.3446 19.0122 43.8673
internal_count=3942 3845 3646 1155 199 2491 136 97 63
is_linear=0
shrinkage=0.04


Tree=66
num_leaves=13
num_cat=0
split_feature=22 6 6 21 21 11 10 22 20 10 8 23
split_gain=21.873 51.663 41.6154 36.8782 44.7602 44.5755 36.6383 23.6711 37.6312 22.7279 21.4215 5.42041
threshold=8.3500000000000032 -0.0052349999999999992 -0.0052349999999999992 170.50000000000003 20.500000000000004 -33474.87999999999 1043.2000000000003 0.75000000000000011 14.500000000000002 4401.3650000000007 0.15950000000000003 6.5000000000000009
decision_type=2 2 2 2 2 2 2 2 2 2 2 2
left_child=1 -1 6 4 -4 -5 10 8 -3 -9 -2 -8
right_child=2 7 3 5 -6 -7 11 9 -10 -11 -12 -13
leaf_value=-0.067817817023646323 0.074109689636076823 -0.057531823207842565 -0.001077673837522226 0.048100917025726435 -0.022228369078587173 -0.028072636473487643 0 0.01196145848503573 0.050661539143273371 -0.019814029582017018 0.013795693462360493 -0.056185233970148331
leaf_weight=14.278565332293509 22.165269821882248 19.103923305869106 406.16763190180063 38.482024282217026 266.11324426531792 17.204780623316765 4.9804990217089635 499.62782441824675 6.3569304496049872 37.919688850641251 18.215224996209145 6.0599685460329056
leaf_count=61 25 76 1466 32 957 64 17 1051 5 112 47 29
internal_value=-2.2645e-06 0.00588157 -0.00438699 -0.00687276 -0.00948991 0.0241703 0.0301461 0.00784468 -0.0292928 0.00966645 0.0478934 -0.0322942
internal_weight=1356.68 577.287 779.389 727.968 672.281 55.6868 51.421 563.008 25.4609 537.548 40.3805 11.0405
internal_count=3942 1305 2637 2519 2423 96 118 1244 81 1163 72 46
is_linear=0
shrinkage=0.04


Tree=67
num_leaves=14
num_cat=0
split_feature=6 6 5 18 2 5 12 24 4 4 21 2 23
split_gain=21.4213 23.5274 72.4116 56.7317 34.0071 33.8116 50.8999 8.33177 14.3777 26.562 11.3621 5.08329 1.47982
threshold=0.029725000000000005 0.010130000000000002 57.355000000000011 0.69803000000000004 116.21500000000002 57.085000000000008 24.500000000000004 0.018109740000000003 0.79100000000000015 1.4470000000000003 4.5000000000000009 91.070000000000007 8.5000000000000018
decision_type=2 2 2 2 2 2 2 2 2 2 2 2 2
left_child=1 5 3 -3 -4 -1 -7 11 10 -10 -9 -2 -13
right_child=7 2 4 -5 -6 6 -8 8 9 -11 -12 12 -14
leaf_value=0.048600989167667918 0.0025682799475751023 -0.012197738067388482 -0.080306585854594825 0.010721756908353038 -0.023251597364951686 -0.011520392211491306 0.022938887111890984 0.040296760647551583 -0.028116723207236804 0.010317513957115601 0.0084390981814932604 0.021224656568252103 0.04279532458980638
leaf_weight=27.673702150583267 13.552648186683653 392.83297244459391 25.666112408041954 307.18753300607204 52.444205410778522 166.76155011355877 115.51340538263321 28.202458053827286 40.935431391000748 93.230172678828239 54.583642184734344 17.351172558963299 17.82146330177784
leaf_count=27 25 1805 109 613 148 601 174 31 108 165 96 24 16
internal_value=-3.72553e-06 -0.00250565 -0.00623039 -0.00211103 -0.0426451 0.0067759 0.00252604 0.0101532 0.00663828 -0.00132154 0.0197088 0.025171 0.0331615
internal_weight=1353.76 1088.08 778.131 700.021 78.1103 309.949 282.275 265.677 216.952 134.166 82.7861 48.7253 35.1726
internal_count=3942 3477 2675 2418 257 802 775 465 400 273 127 65 40
is_linear=0
shrinkage=0.04


Tree=68
num_leaves=8
num_cat=0
split_feature=4 1 15 22 5 23 12
split_gain=21.2689 22.7228 28.7304 26.9444 15.4328 19.1308 7.31277
threshold=28.019000000000002 1207.45 0.70150000000000012 2.6500000000000008 57.105000000000011 3.5000000000000004 26.500000000000004
decision_type=2 2 2 2 2 2 2
left_child=1 4 3 -3 -1 -6 -2
right_child=6 2 -4 -5 5 -7 -8
leaf_value=0.04954099491406657 -0.054017613340933579 0.016790595120368443 -0.080363346886722434 -0.0026954745395930341 0.031126494652486795 -0.0024696396310945703 0
leaf_weight=19.022032119333744 15.001645356416704 126.50520114600658 6.7769700884819022 1064.57126840204 43.221876040101051 68.721706248819828 5.152400240302085
leaf_count=15 87 230 33 3310 69 188 10
internal_value=0 0.00061228 -0.00110417 -0.000602882 0.0164081 0.0104048 -0.0402927
internal_weight=1348.97 1328.82 1197.85 1191.08 130.966 111.944 20.154
internal_count=3942 3845 3573 3540 272 257 97
is_linear=0
shrinkage=0.04


Tree=69
num_leaves=10
num_cat=0
split_feature=4 4 22 22 0 22 19 8 22
split_gain=20.8555 21.4264 41.6479 40.3852 43.9244 31.649 28.5773 7.7419 7.05212
threshold=0.05050000000000001 0.17950000000000002 16.250000000000004 17.950000000000003 0.91800000000000015 16.750000000000004 4.9500000000000011 0.96400000000000008 20.450000000000003
decision_type=2 2 2 2 2 2 2 2 2
left_child=7 2 6 5 -5 -3 -2 -1 -4
right_child=1 3 8 4 -6 -7 -8 -9 -10
leaf_value=-0.055492850524765922 0.022841629575015933 0.0016216546923420688 0.068824181186015118 0.020629416775915965 -0.020395440116406243 0.035996215016564297 -0.04022268783888297 0.0011929584218353499 0.032106607408801689
leaf_weight=14.210624955594541 23.238745108246803 896.41883578896523 16.655988216400146 49.219606146216393 250.13600992783904 44.633243978023529 21.542638674378395 4.2776636481285086 26.992551654577255
leaf_count=86 44 2390 19 109 1046 101 92 11 44
internal_value=0 0.000580763 0.0195554 -0.000763173 -0.0135603 0.0032915 -0.00716371 -0.041638 0.0471916
internal_weight=1347.33 1328.84 88.4299 1240.41 299.356 941.052 44.7814 18.4883 43.6485
internal_count=3942 3845 199 3646 1155 2491 136 97 63
is_linear=0
shrinkage=0.04


Tree=70
num_leaves=9
num_cat=0
split_feature=4 6 18 24 0 21 4 19
split_gain=20.149 20.637 24.7033 33.1142 20.2272 9.10687 16.6007 8.81028
threshold=84.881500000000003 0.03135000000000001 0.081500000000000017 0.21348148000000003 1.8855000000000002 4.5000000000000009 1.4470000000000003 0.95000000000000007
decision_type=2 2 2 2 2 2 2 2
left_child=1 2 3 -1 -4 7 -7 -3
right_child=-2 5 4 -5 -6 6 -8 -9
leaf_value=-0.04552229404930478 -0.054463240727160987 0.00034437219886829007 0.00072176246548627326 0.0084477201632514737 -0.033025863117781024 -0.0085380891228654457 0.018047749075345145 0.029451060100309685
leaf_weight=44.923696342855692 10.285512894392012 24.560584060847759 996.9971965700388 29.200622215867043 28.741097673773766 72.401715233922005 75.934787958860397 62.320113152265549
leaf_count=457 58 49 2811 104 105 156 119 83
internal_value=0 0.000429131 -0.00185634 -0.0240791 -0.000219984 0.011182 0.00495197 0.0215007
internal_weight=1345.37 1335.08 1099.86 74.1243 1025.74 235.217 148.337 86.8807
internal_count=3942 3884 3477 561 2916 407 275 132
is_linear=0
shrinkage=0.04


Tree=71
num_leaves=10
num_cat=0
split_feature=21 4 21 21 11 22 14 20 4
split_gain=19.6388 50.4413 36.5392 42.4534 32.6515 30.7289 27.6488 20.976 5.24333
threshold=170.50000000000003 1.3495000000000001 114.50000000000001 111.50000000000001 -193883.56999999998 10.15 1.0000000180025095e-35 6.5000000000000009 0.69050000000000011
decision_type=2 2 2 2 2 2 2 2 2
left_child=2 8 3 5 -4 -1 -6 -3 -2
right_child=1 7 4 -5 6 -7 -8 -9 -10
leaf_value=0.0052539543669425015 0.026854695782694421 0.025104261561171987 0.050517772426591841 0.068576678741784081 0.041310591424909837 -0.0076907648716937572 -0.046669420803405193 -0.06496079181119066 0.059101174558462442
leaf_weight=687.1357633844018 19.024503014981747 5.5976372212171581 6.7943876981735221 14.006975427269934 5.7107432037591925 511.11297769099474 57.715037353336811 11.478115022182463 23.597109392285347
leaf_count=1606 30 10 4 23 5 1952 246 51 15
internal_value=0 0.0223176 -0.00105913 0.000554895 -0.0290129 -0.000251836 -0.0381738 -0.0344242 0.0456498
internal_weight=1342.17 59.6974 1282.48 1212.26 70.2202 1198.25 63.4258 17.0758 42.6216
internal_count=3942 106 3836 3581 255 3558 251 61 45
is_linear=0
shrinkage=0.04


Tree=72
num_leaves=9
num_cat=0
split_feature=4 22 20 22 4 5 8 8
split_gain=19.5493 21.355 40.1102 32.766 30.3644 28.0995 9.54313 8.13706
threshold=0.05050000000000001 0.75000000000000011 14.500000000000002 2.6500000000000008 0.37400000000000005 57.205000000000005 0.84750000000000003 0.99550000000000016
decision_type=2 2 2 2 2 2 2 2
left_child=7 2 6 5 -5 -3 -2 -1
right_child=1 3 -4 4 -6 -7 -8 -9
leaf_value=-0.054440048494372104 -0.0076840343240409392 0.03909805764347131 0.048017111470346097 0.013799962117624969 -0.0035316007094005381 -0.00010843734619503555 -0.079724433597271396 0.0060644855062015855
leaf_weight=14.250404749065639 4.5908720642328325 64.282281920313835 6.2740309387445441 192.76774436235428 987.46039771661162 51.47473581880331 14.592410162091253 3.8142535686492911
leaf_count=89 15 82 5 434 3127 116 66 8
internal_value=0 0.000565946 -0.0353304 0.00129985 -0.000679237 0.0215662 -0.0641332 -0.0407683
internal_weight=1339.51 1321.44 25.4573 1295.99 1180.23 115.757 19.1833 18.0647
internal_count=3942 3845 86 3759 3561 198 81 97
is_linear=0
shrinkage=0.04


Tree=73
num_leaves=11
num_cat=0
split_feature=24 23 4 0 15 12 21 6 5 11
split_gain=19.0746 28.709 24.4134 25.9568 27.7818 22.0066 16.0688 15.8726 15.9742 3.99889
threshold=0.020938225000000001 4.5000000000000009 28.019000000000002 0.39850000000000008 0.66700000000000015 36.000000000000007 6.5000000000000009 0.0043100000000000005 57.495000000000012 -19451.959999999995
decision_type=2 2 2 2 2 2 2 2 2 2
left_child=1 5 3 6 -5 -1 -2 -3 -9 -4
right_child=2 7 9 4 -6 -7 -8 8 -10 -11
leaf_value=-0.061999004487046802 0.04321225384220978 -0.029385905209548206 0 -0.0017150129220953078 -0.066826563399414007 0.0052158654328643269 0 0.040406417602189118 0.0091612439797474736 -0.056496425846643543
leaf_weight=11.833016477525236 32.804455533623695 8.0133366137742978 3.0284683853387859 1102.7449841164052 10.108708478510378 19.719459772109985 24.839974626898766 60.513366498053074 49.963320285081863 14.476106330752371
leaf_count=66 34 32 9 3404 46 36 55 87 87 86
internal_value=0 0.0134068 -0.00170637 -0.000977485 -0.00235417 -0.0199414 0.0250478 0.0225016 0.0265609 -0.0479541
internal_weight=1338.05 150.042 1188 1170.5 1112.85 31.5525 57.6444 118.49 110.477 17.5046
internal_count=3942 308 3634 3539 3450 102 89 206 174 95
is_linear=0
shrinkage=0.04


Tree=74
num_leaves=10
num_cat=0
split_feature=21 4 21 21 11 22 14 20 4
split_gain=18.6138 47.2678 33.3224 38.9253 30.093 27.7696 25.7579 19.7988 4.92481
threshold=170.50000000000003 1.3495000000000001 114.50000000000001 111.50000000000001 -193883.56999999998 10.15 1.0000000180025095e-35 6.5000000000000009 0.69050000000000011
decision_type=2 2 2 2 2 2 2 2 2
left_child=2 8 3 5 -4 -1 -6 -3 -2
right_child=1 7 4 -5 6 -7 -8 -9 -10
leaf_value=0.0049731373367720962 0.026230490235029102 0.024378235102561392 0.04938670095158975 0.065167088883732086 0.040378749224447737 -0.0073571434765271121 -0.044939509380128292 -0.063283932027501655 0.057847415533385987
leaf_weight=684.43319989740849 18.736359633505344 5.5968603640794781 6.6213034391403189 14.219166427850721 5.6449217647314063 509.00856275111437 57.096999436616898 11.310015365481375 23.247091859579086
leaf_count=1606 30 10 4 23 5 1952 246 51 15
internal_value=0 0.0218812 -0.00102668 0.000510648 -0.0278911 -0.000269913 -0.0366886 -0.0332486 0.044683
internal_weight=1335.91 58.8903 1277.02 1207.66 69.3632 1193.44 62.7419 16.9069 41.9835
internal_count=3942 106 3836 3581 255 3558 251 61 45
is_linear=0
shrinkage=0.04


Tree=75
num_leaves=9
num_cat=0
split_feature=4 22 20 22 4 1 8 8
split_gain=18.3646 19.5481 37.0667 30.1782 27.7565 27.1223 8.71981 8.51976
threshold=0.05050000000000001 0.75000000000000011 14.500000000000002 2.6500000000000008 0.37400000000000005 659.69500000000005 0.84750000000000003 0.99850000000000005
decision_type=2 2 2 2 2 2 2 2
left_child=7 2 6 5 -5 -3 -2 -1
right_child=1 3 -4 4 -6 -7 -8 -9
leaf_value=-0.053875702588744093 -0.0072256520675497609 -0.061461303262969239 0.046575924146045063 0.013238616153785193 -0.0033796350707027472 0.025338864508056551 -0.076494964598891393 0.0097743362063963286
leaf_weight=14.051026273518803 4.564501687884337 5.4872441366314879 6.215924769639968 191.57864158600569 983.79638252779841 109.43733929097652 14.551985010504721 3.5484749525785437
leaf_count=90 15 29 5 434 3127 169 66 7
internal_value=0 0.000546147 -0.0338797 0.00125038 -0.00064948 0.0207729 -0.0615806 -0.0400219
internal_weight=1333.23 1315.63 25.3324 1290.3 1175.38 114.925 19.1165 17.5995
internal_count=3942 3845 86 3759 3561 198 81 97
is_linear=0
shrinkage=0.04


Tree=76
num_leaves=9
num_cat=0
split_feature=4 6 18 24 6 21 4 19
split_gain=17.7253 17.9553 22.0645 32.6309 19.3163 8.46284 16.4832 8.18373
threshold=84.881500000000003 0.03135000000000001 0.081500000000000017 0.21348148000000003 0.010130000000000002 4.5000000000000009 1.4470000000000003 0.95000000000000007
decision_type=2 2 2 2 2 2 2 2
left_child=1 2 3 -1 -4 7 -7 -3
right_child=-2 5 4 -5 -6 6 -8 -9
leaf_value=-0.045142963671606133 -0.052447041787883383 0.00018072971068864809 0.0088345671355979111 0.0090284957883082148 -0.0035682941780063966 -0.0089891352340702984 0.017634183084876562 0.028417681065392646
leaf_weight=42.855152975767851 9.7335315197706205 24.438949137926102 274.66758980602026 29.034084267914295 743.23600298538804 71.868193283677101 75.064695738255978 60.563570708036423
leaf_count=457 58 49 630 104 2286 156 119 83
internal_value=0 0.000399608 -0.00173661 -0.0230771 -0.000199216 0.0105052 0.00449014 0.0205818
internal_weight=1331.46 1321.73 1089.79 71.8892 1017.9 231.935 146.933 85.0025
internal_count=3942 3884 3477 561 2916 407 275 132
is_linear=0
shrinkage=0.04


Tree=77
num_leaves=10
num_cat=0
split_feature=21 4 21 21 11 22 14 20 4
split_gain=17.7819 44.2794 30.3824 35.8802 27.8205 24.7495 23.8086 18.7095 4.6339
threshold=170.50000000000003 1.3495000000000001 114.50000000000001 111.50000000000001 -193883.56999999998 10.15 1.0000000180025095e-35 6.5000000000000009 0.69050000000000011
decision_type=2 2 2 2 2 2 2 2 2
left_child=2 8 3 5 -4 -1 -6 -3 -2
right_child=1 7 4 -5 6 -7 -8 -9 -10
leaf_value=0.0046671200597952186 0.025680804335178862 0.02374376614004076 0.048364144698658199 0.062164644954037999 0.039215190065885301 -0.0070039718199126893 -0.043289290399464012 -0.06166140705736723 0.056707198725169022
leaf_weight=681.11479877308011 18.469402685761452 5.5954504609107998 6.4525611400604239 14.396434485912321 5.5643707811832419 506.14668283984065 56.406627491116524 11.123646348714827 22.896171629428864
leaf_count=1606 30 10 4 23 5 1952 246 51 15
internal_value=0 0.0215394 -0.0010001 0.000464723 -0.0268323 -0.00029245 -0.0353065 -0.0320575 0.043804
internal_weight=1328.17 58.0847 1270.08 1201.66 68.4236 1187.26 61.971 16.7191 41.3656
internal_count=3942 106 3836 3581 255 3558 251 61 45
is_linear=0
shrinkage=0.04


Tree=78
num_leaves=9
num_cat=0
split_feature=4 22 20 22 21 5 8 8
split_gain=17.2918 18.1689 34.4378 27.4091 26.8301 26.6461 8.10585 7.93586
threshold=0.05050000000000001 0.75000000000000011 14.500000000000002 2.6500000000000008 8.5000000000000018 57.205000000000005 0.99850000000000005 0.84750000000000003
decision_type=2 2 2 2 2 2 2 2
left_child=6 2 7 5 -5 -3 -1 -2
right_child=1 3 -4 4 -6 -7 -8 -9
leaf_value=-0.053110965353564785 -0.0073199744976836711 0.037214052953038215 0.04514852818108233 0.0075404932252166983 -0.0051094397941020943 -0.0013156702838187592 0.0092281394433626658 -0.073840763363745038
leaf_weight=13.654876105487348 4.5582451671361985 62.941718213260174 6.1498467624187461 415.34430111944675 754.22462360188365 50.63820093870163 3.5211194455623618 14.452711723744867
leaf_count=90 15 82 5 1306 2255 116 7 66
internal_value=0 0.000528861 -0.0327704 0.00120991 -0.000598724 0.0199303 -0.0393003 -0.0595125
internal_weight=1325.49 1308.31 25.1608 1283.15 1169.57 113.58 17.176 19.011
internal_count=3942 3845 86 3759 3561 198 97 81
is_linear=0
shrinkage=0.04


Tree=79
num_leaves=12
num_cat=0
split_feature=24 23 4 0 15 12 2 19 21 3 11
split_gain=17.111 26.7996 21.4981 23.4749 25.5595 20.6473 15.7849 20.3862 15.0723 5.14364 5.04998
threshold=0.020938225000000001 4.5000000000000009 28.019000000000002 0.39850000000000008 0.66700000000000015 36.000000000000007 165.62000000000003 38.20000000000001 6.5000000000000009 4967.0600000000004 -30441.884999999998
decision_type=2 2 2 2 2 2 2 2 2 2 2
left_child=1 5 3 8 -5 -1 7 -3 -2 -8 -4
right_child=2 6 10 4 -6 -7 9 -9 -10 -11 -12
leaf_value=-0.061079132411440272 0.042111729946504674 0.017944208968035325 0 -0.0016303266892790001 -0.064238237498873363 0.0046149561393685166 0.053903468798864485 -0.043885127816905609 0 0.023786329354166035 -0.054830395818253157
leaf_weight=11.5131743401289 31.710273034870625 61.951287396252155 2.5077624320983913 1092.6561029106379 10.0575700327754 19.581271290779114 23.310148328542709 9.2654312103986722 24.758634030818939 22.427249386906624 14.313451945781706
leaf_count=66 34 112 5 3404 46 36 20 35 55 39 90
internal_value=0 0.0127891 -0.00161817 -0.000939185 -0.00224834 -0.0196579 0.021633 0.00937134 0.0240701 0.0399851 -0.0458763
internal_weight=1324.05 148.049 1176 1159.18 1102.71 31.0944 116.954 71.2167 56.4689 45.7374 16.8212
internal_count=3942 308 3634 3539 3450 102 206 147 89 59 95
is_linear=0
shrinkage=0.04


Tree=80
num_leaves=10
num_cat=0
split_feature=21 4 21 21 11 14 21 20 4
split_gain=17.1001 41.6096 27.2549 33.177 24.9605 25.0392 22.7685 17.7208 4.31137
threshold=170.50000000000003 1.3495000000000001 114.50000000000001 111.50000000000001 -103100.20499999999 1.0000000180025095e-35 82.500000000000014 6.5000000000000009 0.69050000000000011
decision_type=2 2 2 2 2 2 2 2 2
left_child=2 8 3 6 -4 -6 -1 -3 -2
right_child=1 7 4 -5 5 -7 -8 -9 -10
leaf_value=0.00097437694479593343 0.025320857295173027 0.023127204193120181 0.021176977717921847 0.059424608341086829 0.038394118718942008 -0.047327127619905658 -0.023697172342474575 -0.06019886953673665 0.055627802874709059
leaf_weight=1119.6652106270194 18.279794633388519 5.5934215337038067 13.656406581401823 14.552937731146811 5.499793902039527 48.35058880597353 62.703529238700867 10.925988554954527 22.533949285745621
leaf_count=3341 30 10 20 23 5 230 217 51 15
internal_value=0 0.0212671 -0.000975216 0.000407737 -0.0256123 -0.0379317 -0.000326564 -0.0309592 0.0430087
internal_weight=1321.76 57.3332 1264.43 1196.92 67.5068 53.8504 1182.37 16.5194 40.8137
internal_count=3942 106 3836 3581 255 235 3558 61 45
is_linear=0
shrinkage=0.04


Tree=81
num_leaves=15
num_cat=0
split_feature=18 11 20 23 18 5 23 12 4 4 11 21 1 22
split_gain=16.7328 36.3766 28.3887 31.8037 38.9083 24.8863 42.1538 27.6632 21.5472 28.3663 25.5081 19.4119 15.8926 13.3643
threshold=0.13933000000000004 1630.3950000000002 3.5000000000000004 1.0000000180025095e-35 2.5526250000000004 57.065000000000005 11.500000000000002 24.500000000000004 1.9030000000000002 3.9195000000000007 493.99000000000007 18.500000000000004 5901.1000000000013 17.950000000000003
decision_type=2 2 2 2 2 2 2 2 2 2 2 2 2 2
left_child=1 5 8 12 -5 6 -1 -7 10 -10 -2 13 -4 -3
right_child=2 11 3 4 -6 7 -8 -9 9 -11 -12 -13 -14 -15
leaf_value=-0.038586481784695467 0.026109771886410719 0.030571129948681743 0.0092345466370378302 -0.0030363769243403629 -0.077030473949228795 -0.046136770075589639 0.047573350401856777 0.022660753376187028 -0.040334673300883743 0.01150097091443316 -0.009985610150855603 -0.044168552334127711 0.04956622113120103 -0.01950057671010276
leaf_weight=18.223900888115168 169.11511746048927 45.579959690570831 46.846555456519127 778.20012433081865 11.071390971541403 69.672512017190456 17.092981290072203 10.065984308719633 24.534464374184608 50.727401673793793 37.241826847195625 7.6657709926366797 24.5352613478899 9.5906056240200979
leaf_count=182 273 138 113 2077 52 580 90 15 86 93 104 62 23 54
internal_value=0 -0.0113927 0.00177944 -0.00180879 -0.00414775 -0.0247815 0.00263752 -0.0371156 0.0128001 -0.00528752 0.0194905 0.012809 0.0236239 0.0214107
internal_weight=1320.16 177.892 1142.27 860.653 789.272 115.055 35.3169 79.7385 281.619 75.2619 206.357 62.8363 71.3818 55.1706
internal_count=3942 1121 2821 2265 2129 867 272 595 556 179 377 254 136 192
is_linear=0
shrinkage=0.04


Tree=82
num_leaves=6
num_cat=0
split_feature=11 4 22 6 6
split_gain=16.7571 21.0065 16.8245 47.8753 39.8586
threshold=-140281.28999999995 0.033000000000000008 8.3500000000000032 -0.0052349999999999992 -0.0052349999999999992
decision_type=2 2 2 2 2
left_child=-1 -2 3 -3 -4
right_child=1 2 4 -5 -6
leaf_value=0.034013008263918787 -0.050990258527344914 -0.066851739158706402 0.029914036318943644 0.0070936992163638368 -0.0066860200661607192
leaf_weight=22.271732397377491 12.604308992624281 13.843674659729002 50.579012289643288 541.20392499491572 675.71520516648889
leaf_count=32 85 59 116 1216 2434
internal_value=0 -0.000600733 -6.9762e-05 0.00515489 -0.00409085
internal_weight=1316.22 1293.95 1281.34 555.048 726.294
internal_count=3942 3910 3825 1275 2550
is_linear=0
shrinkage=0.04


Tree=83
num_leaves=11
num_cat=0
split_feature=21 4 21 21 18 20 5 20 5 4
split_gain=16.2831 39.3693 25.0926 30.8695 23.6755 22.5903 22.3233 16.3952 15.4301 4.03721
threshold=170.50000000000003 1.3495000000000001 114.50000000000001 111.50000000000001 1.7709250000000003 14.500000000000002 57.07500000000001 6.5000000000000009 58.235000000000007 0.69050000000000011
decision_type=2 2 2 2 2 2 2 2 2 2
left_child=2 9 3 5 8 -1 -6 -3 -4 -2
right_child=1 7 4 -5 6 -7 -8 -9 -10 -11
leaf_value=-0.0019239593514119061 0.024895512976857385 0.02172241132213077 -0.058386184924817876 0.057057212812425359 -0.060465615536795136 0.019254921212580024 0.0169680128924268 -0.058744741981694597 0.019259960268515518 0.054559163456861709
leaf_weight=1090.2159864418209 18.121295131742954 5.55919121205807 29.419684045016766 14.679352685809134 7.2023743465542784 86.473383575677872 25.746317528188229 10.723747640848158 4.0743843019008628 22.164101272821426
leaf_count=3395 30 10 165 23 34 163 50 51 6 15
internal_value=0 0.0208943 -0.000951204 0.000371068 -0.024785 -0.000343044 -1.13891e-05 -0.0302519 -0.0482082 0.0421749
internal_weight=1314.38 56.5683 1257.81 1191.37 66.4428 1176.69 32.9487 16.2829 33.4941 40.2854
internal_count=3942 106 3836 3581 255 3558 84 61 171 45
is_linear=0
shrinkage=0.04


Tree=84
num_leaves=13
num_cat=0
split_feature=24 23 8 0 0 11 10 18 12 2 19 3
split_gain=15.7143 25.4327 20.6745 27.7671 37.0057 26.5835 40.2258 25.1201 19.111 15.0988 18.7621 4.92524
threshold=0.020938225000000001 4.5000000000000009 0.0055000000000000005 1.5585000000000002 0.90650000000000019 -62.694999999999993 -231.44999999999996 0.068305000000000018 36.000000000000007 165.62000000000003 38.20000000000001 4082.4050000000002
decision_type=2 2 2 2 2 2 2 2 2 2 2 2
left_child=1 8 3 4 -2 7 -7 -4 -1 10 -3 -11
right_child=2 9 5 -5 -6 6 -8 -9 -10 11 -12 -13
leaf_value=-0.060041138287733213 0.034566755315176771 0.017251362173511909 -0.051173743938442512 0.072866633578848636 -0.051357789817795922 -0.058063600495399 -0.0074496115490586936 0.0029733508744426984 0.0037625196569073768 0.054255562230107857 -0.042219905218446131 0.024431150892055244
leaf_weight=11.194917328655722 22.634947240352631 61.39261781424284 13.45312178134918 13.000693820416926 11.719420567154883 26.661003708839417 372.4963722974062 706.46804744005203 19.395057089626789 20.814170375466347 9.2145865857601148 24.192046515643597
leaf_count=66 39 112 129 14 77 141 1424 1810 36 18 35 41
internal_value=0 0.0123373 -0.00155264 0.0241539 0.00436495 -0.00266861 -0.0109487 0.00189893 -0.0195343 0.0209903 0.0089665 0.0391082
internal_weight=1312.64 146.203 1166.43 47.3551 34.3544 1119.08 399.157 719.921 30.59 115.613 70.6072 45.0062
internal_count=3942 308 3634 130 116 3504 1565 1939 102 206 147 59
is_linear=0
shrinkage=0.04


Tree=85
num_leaves=9
num_cat=0
split_feature=4 22 20 22 5 4 8 8
split_gain=15.4563 16.6423 31.7526 25.0108 24.9091 24.7445 7.36857 7.14713
threshold=0.05050000000000001 0.75000000000000011 14.500000000000002 2.6500000000000008 57.205000000000005 0.37400000000000005 0.99850000000000005 0.84750000000000003
decision_type=2 2 2 2 2 2 2 2
left_child=6 2 7 4 -3 -5 -1 -2
right_child=1 3 -4 5 -6 -7 -8 -9
leaf_value=-0.05200362821274912 -0.0069628875737322172 0.036021869896130425 0.04360300424881617 0.0126345032297544 -0.0014237680803699854 -0.0031885810356731274 0.0083771888805300506 -0.071036371782201291
leaf_weight=12.787433989346029 4.4622874557972017 61.952433373779058 6.0745442062616339 188.35556721687317 50.28001756966114 967.90028506144881 3.3994413316249839 14.317011162638662
leaf_count=90 15 82 5 434 116 3127 7 66
internal_value=0 0.00049094 -0.0315703 0.00114708 0.0191369 -0.000589343 -0.0382533 -0.0574242
internal_weight=1309.53 1293.34 24.8538 1268.49 112.232 1156.26 16.1869 18.7793
internal_count=3942 3845 86 3759 198 3561 97 81
is_linear=0
shrinkage=0.04


Tree=86
num_leaves=15
num_cat=0
split_feature=2 12 21 23 4 4 4 23 24 19 6 18 20 3
split_gain=15.5705 26.5499 39.4493 48.6941 22.3633 27.5831 31.8974 22.1474 21.4881 14.5935 8.37909 7.42922 6.59866 3.05515
threshold=237.32000000000002 24.500000000000004 19.500000000000004 12.500000000000002 7.331500000000001 5.5965000000000016 1.8080000000000003 7.5000000000000009 0.089979665000000014 12.15 0.0093650000000000018 0.58502000000000021 8.5000000000000018 2175.3100000000004
decision_type=2 2 2 2 2 2 2 2 2 2 2 2 2 2
left_child=4 2 3 -2 5 6 -1 9 -4 -6 -3 -7 -12 -9
right_child=1 10 8 -5 7 11 -8 13 -10 -11 12 -13 -14 -15
leaf_value=0.00083093352053788304 -0.013029175012872493 0.04923672232961001 0.010626242946657885 0.033102743984413915 -0.027874501591957427 0.0059340202713379876 -0.019814071654715871 -0.0065388369680022245 -0.071569687826702116 0.029881702305064678 0.0015952706945247053 0.045718290583112678 0.035132361279563401 -0.06503718449373834
leaf_weight=850.21365972608328 76.719831347465515 25.394121706485748 6.5717691034078625 68.586949080228806 16.847348317503933 12.782566003501413 138.60149155557156 2.5178720802068737 16.271501712501049 11.094470530748366 20.852823480963707 24.365359172224998 18.908054709434509 18.265698328614235
leaf_count=2673 235 21 13 104 62 29 495 11 80 17 40 28 21 113
internal_value=0 0.00935193 0.000804459 0.00864745 -0.00203773 -0.000753714 -0.0020512 -0.0283855 -0.0473449 -0.00411669 0.0309322 0.0328204 0.0182786 -0.0592101
internal_weight=1307.99 233.305 168.15 145.307 1074.69 1025.96 988.815 48.7254 22.8433 27.9418 65.155 37.1479 39.7609 20.7836
internal_count=3942 514 432 339 3428 3225 3168 203 93 79 82 57 61 124
is_linear=0
shrinkage=0.04


Tree=87
num_leaves=11
num_cat=0
split_feature=21 4 21 21 18 20 21 20 5 4
split_gain=15.6431 36.1535 22.953 28.4683 22.8878 20.6828 15.9747 15.5321 14.5322 3.86392
threshold=170.50000000000003 1.3495000000000001 114.50000000000001 111.50000000000001 1.7709250000000003 14.500000000000002 135.50000000000003 6.5000000000000009 58.235000000000007 0.69050000000000011
decision_type=2 2 2 2 2 2 2 2 2 2
left_child=2 9 3 5 8 -1 -6 -3 -4 -2
right_child=1 7 4 -5 6 -7 -8 -9 -10 -11
leaf_value=-0.0018777379436916233 0.024173097805027598 0.021506199290038896 -0.057421032395746252 0.05456797270215865 -0.042795339320952419 0.018440981786286489 0.017772769143787927 -0.057116458387700526 0.018299691557841474 0.053514717099145626
leaf_weight=1084.1977879442275 17.806491330265999 5.5657135397195807 28.623379118740559 14.789761066436766 9.3828831836581212 86.010712265968323 23.115826912224293 10.429659157991408 4.0301937758922568 21.734057918190956
leaf_count=3395 30 10 165 23 39 163 45 51 6 15
internal_value=0 0.0206753 -0.000927294 0.000331418 -0.0239537 -0.000359983 0 -0.028724 -0.0473371 0.0412675
internal_weight=1305.69 55.5359 1250.15 1185 65.1523 1170.21 32.4987 15.9954 32.6536 39.5405
internal_count=3942 106 3836 3581 255 3558 84 61 171 45
is_linear=0
shrinkage=0.04


Tree=88
num_leaves=6
num_cat=0
split_feature=11 4 21 23 18
split_gain=15.2398 18.9426 17.5099 45.3401 42.6041
threshold=-140281.28999999995 0.033000000000000008 8.5000000000000018 11.500000000000002 0.20166500000000004
decision_type=2 2 2 2 2
left_child=-1 -2 3 -3 -4
right_child=1 2 4 -5 -6
leaf_value=0.032826591157522518 -0.049812621139991499 -0.0054116640672596849 -0.031230074098623217 0.020182246515032344 -0.00052441480554765989
leaf_weight=21.744217202067375 11.878685940057037 239.54177153110504 79.729428000748158 203.87951021641493 747.19761001318693
leaf_count=32 85 853 456 549 1967
internal_value=0 -0.000567913 -7.22844e-05 0.00632052 -0.0035262
internal_weight=1303.97 1282.23 1270.35 443.421 826.927
internal_count=3942 3910 3825 1402 2423
is_linear=0
shrinkage=0.04


Tree=89
num_leaves=11
num_cat=0
split_feature=21 4 21 21 18 21 21 20 5 4
split_gain=14.6288 34.3045 21.6897 26.2167 21.5355 20.1562 14.7393 14.3916 13.9258 3.65757
threshold=170.50000000000003 1.3495000000000001 114.50000000000001 111.50000000000001 1.7709250000000003 82.500000000000014 135.50000000000003 6.5000000000000009 58.235000000000007 0.69050000000000011
decision_type=2 2 2 2 2 2 2 2 2 2
left_child=2 9 3 5 8 -1 -6 -3 -4 -2
right_child=1 7 4 -5 6 -7 -8 -9 -10 -11
leaf_value=0.00088807416084919213 0.023614298190634514 0.020012205265171605 -0.056595251029876587 0.05219614108462288 -0.041476110915465186 -0.022459031176633944 0.016909529727492927 -0.055983097937664143 0.017760728976954628 0.052486245860319136
leaf_weight=1106.6770494841039 17.599101766943932 5.5304134786128989 27.875694323331121 14.891830712556837 9.3117324560880643 61.976252853870392 22.946543991565704 10.225559189915655 4.0067932456731787 21.30072508752346
leaf_count=3341 30 10 165 23 39 217 45 51 6 15
internal_value=0 0.0201587 -0.000891594 0.000323884 -0.0234584 -0.000342043 0 -0.028283 -0.0465031 0.040397
internal_weight=1302.34 54.6558 1247.69 1183.55 64.1408 1168.65 32.2583 15.756 31.8825 38.8998
internal_count=3942 106 3836 3581 255 3558 84 61 171 45
is_linear=0
shrinkage=0.04


Tree=90
num_leaves=9
num_cat=0
split_feature=15 2 24 5 18 3 11 18
split_gain=14.6183 19.5281 25.5638 22.6857 21.584 71.3906 41.3027 7.90879
threshold=0.7330000000000001 237.32000000000002 0.065277345000000014 57.425000000000004 0.73354500000000011 4819.4500000000007 -4729.1549999999997 0.18445000000000003
decision_type=2 2 2 2 2 2 2 2
left_child=1 4 7 -4 6 -6 -1 -3
right_child=-2 2 3 -5 5 -7 -8 -9
leaf_value=-0.027022905689408027 -0.05395404832353784 0 -0.0085675688921332468 0.027286588086982456 -0.042466718670537404 0.012296739961408593 -0.0015069596606665074 0.03409192091155764
leaf_weight=123.29051480069757 7.4852023571729651 11.749358251690863 106.23277108371258 37.843687564134598 42.513670913875103 326.56276845932007 575.774544082582 69.166380271315575
leaf_count=497 33 44 298 54 146 661 2117 92
internal_value=0 0.000333771 0.0110435 0.000773487 -0.00190751 0.00588554 -0.00605176 0.0289673
internal_weight=1300.62 1293.13 224.992 144.076 1068.14 369.076 699.065 80.9157
internal_count=3942 3909 488 352 3421 807 2614 136
is_linear=0
shrinkage=0.04


Tree=91
num_leaves=13
num_cat=0
split_feature=24 23 24 2 20 0 18 21 12 6 5 2
split_gain=14.5464 23.1086 20.1483 63.1327 34.7901 26.2583 40.565 30.2648 18.0218 13.6429 14.2877 10.8009
threshold=0.020938225000000001 4.5000000000000009 0.054121440000000014 237.32000000000002 7.5000000000000009 0.9255000000000001 0.73354500000000011 3.5000000000000004 36.000000000000007 0.0043100000000000005 57.495000000000012 259.96000000000009
decision_type=2 2 2 2 2 2 2 2 2 2 2 2
left_child=1 8 3 4 -2 7 -7 -4 -1 -3 -11 -5
right_child=2 9 5 11 -6 6 -8 -9 -10 10 -12 -13
leaf_value=-0.058584457632326607 -0.051073350342331257 -0.028117057035101683 0.035724444340087924 0.050535829550985484 -0.00080768842615764507 -0.010209059388518153 0.0080068306461099376 0.0025546133642422053 0.0038444041753143868 0.037622839266412952 0.0075556278235852058 0.0082121294525622363
leaf_weight=10.906415268778803 63.329521767795086 7.884642854332923 65.039117813110352 15.169770896434782 34.917017728090286 477.85533425956964 329.4925277158618 138.82881022244692 19.406268917024136 57.633480742573738 48.763079583644867 29.641618683934212
leaf_count=66 269 32 92 14 79 2092 708 318 36 87 87 62
internal_value=0 0.0119364 -0.00150096 -0.0155281 -0.0335059 0.000470405 -0.00274973 0.013296 -0.0185544 0.0202438 0.0241295 0.0233807
internal_weight=1298.87 144.594 1154.27 143.058 98.2465 1011.22 807.348 203.868 30.3127 114.281 106.397 44.8114
internal_count=3942 308 3634 424 348 3210 2800 410 102 206 174 76
is_linear=0
shrinkage=0.04


Tree=92
num_leaves=8
num_cat=0
split_feature=4 1 15 14 22 14 22
split_gain=14.5295 15.9008 22.8204 22.0924 17.8122 12.7152 5.26399
threshold=84.881500000000003 1207.45 0.70150000000000012 1.0000000180025095e-35 1.8500000000000003 1.0000000180025095e-35 0.95000000000000007
decision_type=2 2 2 2 2 2 2
left_child=1 4 3 -3 6 -6 -1
right_child=-2 2 -4 -5 5 -7 -8
leaf_value=-0.061200072839708054 -0.049553464995236343 0.0093037622910099368 -0.073108515700387108 -0.0037700349494840697 -0.0041417672390577174 0.025221997705789756 -0.0011552013549267935
leaf_weight=5.3178588896989805 8.8979742377996427 269.80108377337456 6.5103662535548201 876.98759409040213 29.982656195759773 92.369315452873707 5.1232520341873169
leaf_count=27 58 679 33 2878 89 165 13
internal_value=0 0.00036351 -0.00113179 -0.00067406 0.0134557 0.017876 -0.0349644
internal_weight=1294.99 1286.09 1153.3 1146.79 132.793 122.352 10.4411
internal_count=3942 3884 3590 3557 294 254 40
is_linear=0
shrinkage=0.04


Tree=93
num_leaves=6
num_cat=0
split_feature=11 4 22 4 22
split_gain=14.1067 17.9355 15.8208 51.2166 35.4743
threshold=-140281.28999999995 0.033000000000000008 17.950000000000003 0.20200000000000004 16.750000000000004
decision_type=2 2 2 2 2
left_child=-1 -2 4 -4 -3
right_child=1 2 3 -5 -6
leaf_value=0.031829473100167982 -0.049164430666411248 0.00068215117437242349 0.033344656402087981 -0.014487403056256506 0.036538356219473773
leaf_weight=21.397014908492565 11.529491636902092 909.10563568770885 40.738016813993454 264.83553917706013 45.985616367310286
leaf_count=32 85 2526 75 1119 105
internal_value=0 -0.0005511 -7.133e-05 -0.0080012 0.0024477
internal_weight=1293.59 1272.19 1260.66 305.574 955.091
internal_count=3942 3910 3825 1194 2631
is_linear=0
shrinkage=0.04


Tree=94
num_leaves=11
num_cat=0
split_feature=21 4 21 21 18 22 14 20 4 4
split_gain=13.8782 32.0685 21.2626 24.3708 19.5759 18.8084 15.8783 13.8754 13.5818 3.70533
threshold=170.50000000000003 1.3495000000000001 114.50000000000001 111.50000000000001 1.7709250000000003 10.15 1.0000000180025095e-35 6.5000000000000009 0.42450000000000004 0.69050000000000011
decision_type=2 2 2 2 2 2 2 2 2 2
left_child=2 9 3 5 6 -1 -4 -3 -6 -2
right_child=1 7 4 -5 8 -7 -8 -9 -10 -11
leaf_value=0.0040447457314088412 0.022639375099954912 0.02001167163101834 0.027218229329431135 0.05019785770629729 0.026765110024728332 -0.0062466269837402714 -0.056381802398451059 -0.054941708677481903 -0.024792981514953471 0.051873520524359729
leaf_weight=667.15325001254678 17.140684396028519 5.5116953402757636 3.5331784486770657 14.979850023984907 14.471144907176496 493.7722182944417 27.353553630411625 10.002693966031073 17.433505982160568 20.890751287341118
leaf_count=1606 30 10 4 23 24 1952 167 51 60 15
internal_value=0 0.0198398 -0.00086715 0.000331526 -0.0234562 -0.000316031 -0.0459002 -0.0272712 -0.000738189 0.0396816
internal_weight=1292.24 53.5458 1238.7 1175.91 62.7914 1160.93 30.8867 15.5144 31.9047 38.0314
internal_count=3942 106 3836 3581 255 3558 171 61 84 45
is_linear=0
shrinkage=0.04


Tree=95
num_leaves=14
num_cat=0
split_feature=24 3 24 18 3 24 24 5 16 21 3 18 22
split_gain=13.8243 32.9035 30.685 34.0846 30.1484 28.5119 23.945 27.7452 19.0461 13.637 9.72542 9.62027 6.76402
threshold=15.010012340000001 4967.0600000000004 0.16220795000000002 0.081500000000000017 19475.315000000006 0.14221643500000003 0.21890971500000003 57.425000000000004 10.500000000000002 4.5000000000000009 42.605000000000011 0.35447000000000001 9.3500000000000032
decision_type=2 2 2 2 2 2 2 2 2 2 2 2 2
left_child=2 10 3 8 9 -5 11 -8 -1 -3 -2 -4 -6
right_child=1 4 6 5 12 -7 7 -9 -10 -11 -12 -13 -14
leaf_value=-0.046507228814319117 0 0.046580448858412081 0.043541308953870497 0.00043814658024444878 -0.076884035826231129 -0.068624057773493452 -0.0062669597415718759 0.029789771910057956 0.017138726824754841 -0.0010913734897438927 -0.067382847823445127 0.0057903431319200616 -0.013064259206324803
leaf_weight=39.269020542502403 4.1380373835563686 16.477392613887787 49.517375618219376 943.38629195094109 6.7741155028343183 9.1603248417377454 100.66359024494886 50.667217090725899 8.484486557543276 20.237087145447731 19.09844696521759 15.623416312038897 5.9616724699735641
leaf_count=451 14 15 70 2690 29 44 345 72 19 56 90 28 19
internal_value=0 -0.0168838 0.00101581 -0.0019234 0.00129133 -0.00024067 0.014663 0.00573185 -0.0347242 0.0201046 -0.0556178 0.0349049 -0.0501429
internal_weight=1289.46 72.6868 1216.77 1000.3 49.4503 952.547 216.472 151.331 47.7535 36.7145 23.2365 65.1408 12.7358
internal_count=3942 223 3719 3204 119 2734 515 417 470 71 104 98 48
is_linear=0
shrinkage=0.04


Tree=96
num_leaves=14
num_cat=0
split_feature=20 23 18 24 5 23 3 18 4 10 11 11 5
split_gain=13.6478 29.9067 34.3309 32.5525 24.4789 43.587 33.2433 25.4639 16.4169 16.1931 22.1035 10.0154 8.26795
threshold=3.5000000000000004 1.0000000180025095e-35 2.5526250000000004 9.0253440050000027 57.065000000000005 11.500000000000002 33017.520000000011 1.5330200000000003 0.92850000000000021 88.660000000000011 3403.1100000000001 -1339.0349999999996 57.235000000000007
decision_type=2 2 2 2 2 2 2 2 2 2 2 2 2
left_child=4 9 3 -3 5 8 7 -6 -1 12 -11 -7 -2
right_child=1 2 -4 -5 6 11 -8 -9 -10 10 -12 -13 -14
leaf_value=-0.051384577005315776 0.0042561746351102298 -0.0017636441790962465 -0.074872888935067272 -0.033499598404048918 0.00032958479354849168 0.01464550589234013 -0.062120300606268039 0.043828906792385706 0.0094080291855219902 -0.054943057401240829 0.042065934205051468 0.056395820399724177 0.040735705162928175
leaf_weight=11.10590894892812 14.833673685789107 744.05594348534942 10.631410017609594 55.265198908746243 287.23654594086111 14.239722602069376 12.285711936652659 22.867171138525009 17.000182550400496 8.6095055714249593 5.747815027832984 40.517703823745251 41.763590022921562
leaf_count=97 42 2133 52 223 993 38 71 23 85 53 12 71 49
internal_value=0 -0.0027972 -0.00500299 -0.00400245 0.00606801 0.0253993 0.00100573 0.00366702 -0.0143928 0.021961 -0.0146516 0.0461313 0.031646
internal_weight=1286.16 880.907 809.953 799.321 405.253 82.8635 322.389 310.104 28.1061 70.9546 14.3573 54.7574 56.5973
internal_count=3942 2564 2408 2356 1378 291 1087 1016 182 156 65 109 91
is_linear=0
shrinkage=0.04


Tree=97
num_leaves=9
num_cat=0
split_feature=4 1 15 20 5 23 2 6
split_gain=13.3112 16.2538 20.2854 20.3634 14.1979 23.1797 6.19467 1.97684
threshold=28.019000000000002 1207.45 0.70150000000000012 3.5000000000000004 57.215000000000011 3.5000000000000004 207.32000000000002 0.014885000000000002
decision_type=2 2 2 2 2 2 2 2
left_child=1 4 3 -3 7 -6 -2 -1
right_child=6 2 -4 -5 5 -7 -8 -9
leaf_value=0.017929390606980563 -0.052217356040148495 0.0073819227502550022 -0.069107242647963946 -0.0041781424344795662 0.028258459703773133 -0.011692807293870833 0 0.044900501149574654
leaf_weight=10.381370313465597 10.83901607245207 353.11094744876027 6.4596034213900557 782.91053045168519 41.155715867877007 51.341543830931187 6.4563144668936721 21.459132745862007
leaf_count=28 74 1196 33 2344 69 150 23 25
internal_value=0 0.000479906 -0.00100074 -0.000565649 0.0141946 0.0059244 -0.0343573 0.0371383
internal_weight=1284.11 1266.82 1142.48 1136.02 124.338 92.4973 17.2953 31.8405
internal_count=3942 3845 3573 3540 272 219 97 53
is_linear=0
shrinkage=0.04


Tree=98
num_leaves=6
num_cat=0
split_feature=11 4 22 4 22
split_gain=13.1807 16.582 13.9911 47.7738 34.3972
threshold=-140281.28999999995 0.033000000000000008 17.950000000000003 0.20200000000000004 14.450000000000001
decision_type=2 2 2 2 2
left_child=-1 -2 4 -4 -3
right_child=1 2 3 -5 -6
leaf_value=0.031046253295121621 -0.048292720618745108 -0.00077654710749366516 0.032393537392241024 -0.013923843544662815 0.021029173396055069
leaf_weight=21.00833697617054 11.026409074664114 815.12791613489389 40.574132017791271 261.19919161498547 134.13109350949526
leaf_count=32 85 2247 75 1119 384
internal_value=0 -0.000532377 -7.63185e-05 -0.00758692 0.00229301
internal_weight=1283.07 1262.06 1251.03 301.773 949.259
internal_count=3942 3910 3825 1194 2631
is_linear=0
shrinkage=0.04


Tree=99
num_leaves=14
num_cat=0
split_feature=24 23 24 2 0 0 18 21 12 2 19 2 3
split_gain=13.2226 21.6814 19.3253 58.3444 32.5326 22.1362 39.4374 26.7946 16.8015 12.8908 17.0338 10.0028 4.49658
threshold=0.020938225000000001 4.5000000000000009 0.054121440000000014 237.32000000000002 1.6120000000000003 0.94850000000000001 0.73354500000000011 3.5000000000000004 36.000000000000007 165.62000000000003 38.20000000000001 259.96000000000009 4082.4050000000002
decision_type=2 2 2 2 2 2 2 2 2 2 2 2 2
left_child=1 8 3 4 -2 7 -7 -4 -1 10 -3 -5 -11
right_child=2 9 5 11 -6 6 -8 -9 -10 12 -12 -13 -14
leaf_value=-0.057610030057912466 -0.041748348569313636 0.01638968769179585 0.033163924059110006 0.048879831563856231 0.024157605381962571 -0.010072717815262708 0.0080779718127951435 0.0022178628515970356 0.0032178642339208909 0.051667918938181748 -0.040424821402143353 0.0077825965352215365 0.022564718869035372
leaf_weight=10.604304976761343 84.367133192718029 60.630207262933254 65.607181012630463 14.870855435729025 13.213555946946142 462.35206160321832 325.36580809950829 143.86171148717403 19.280080214142799 19.681231863796711 9.1696754023432714 29.330090090632439 23.596344418823719
leaf_count=66 324 112 97 14 24 2075 706 332 36 18 35 62 41
internal_value=0 0.0114413 -0.00144417 -0.0152395 -0.0325423 0.00050387 -0.00254986 0.0120615 -0.0183012 0.0195238 0.00840699 0.0224488 0.0366957
internal_weight=1281.93 142.962 1138.97 141.782 97.5807 997.187 787.718 209.469 29.8844 113.077 69.7999 44.2009 43.2776
internal_count=3942 308 3634 424 348 3210 2781 429 102 206 147 76 59
is_linear=0
shrinkage=0.04


Tree=100
num_leaves=10
num_cat=0
split_feature=21 4 21 21 21 11 14 20 4
split_gain=12.9301 29.6921 19.8026 23.0045 20.0446 18.9746 17.6284 13.0187 3.64243
threshold=170.50000000000003 1.3495000000000001 114.50000000000001 110.50000000000001 100.50000000000001 -193883.56999999998 1.0000000180025095e-35 6.5000000000000009 0.69050000000000011
decision_type=2 2 2 2 2 2 2 2 2
left_child=2 8 3 4 -1 -4 -7 -3 -2
right_child=1 7 5 -5 -6 6 -8 -9 -10
leaf_value=0.00030497891055204009 0.021625386055670288 0.019294260141449311 0.043669417212278766 0.045221337998315563 -0.041088289954213812 0.035647636819699846 -0.037574289575389601 -0.053777837002263046 0.050885886978419899
leaf_weight=1128.3592151887715 16.704279951751232 5.4727558493614188 5.5328882932662955 17.483933389186859 18.524596959352493 5.1899185627698889 50.668854946270585 9.7082193195819837 20.436400696635246
leaf_count=3473 30 10 4 29 79 5 246 51 15
internal_value=0 0.0193799 -0.000832206 0.000322653 -0.000363793 -0.0228843 -0.0301604 -0.0263846 0.0387192
internal_weight=1278.08 52.3217 1225.76 1164.37 1146.88 61.3917 55.8588 15.181 37.1407
internal_count=3942 106 3836 3581 3552 255 251 61 45
is_linear=0
shrinkage=0.04


Tree=101
num_leaves=12
num_cat=0
split_feature=19 10 6 23 22 22 22 10 18 22 10
split_gain=12.6235 20.0414 22.6439 19.8795 16.0215 36.2006 39.7863 28.8829 23.6957 25.1497 22.3551
threshold=63.350000000000009 1799.1100000000004 0.031265000000000008 3.5000000000000004 10.15 14.450000000000001 17.950000000000003 -48.85499999999999 0.12257500000000002 9.9500000000000011 2839.4550000000004
decision_type=2 2 2 2 2 2 2 2 2 2 2
left_child=4 2 3 -2 8 7 -7 -6 10 -10 -1
right_child=1 -3 -4 -5 5 6 -8 -9 9 -11 -12
leaf_value=-0.041263254214652476 0.0005574149138901877 0.017744981625711899 0.017111143656175058 -0.06268472975949764 -0.0091127220289284536 0.019717912926343572 -0.0062705242515168373 -0.049715164210620215 0.0060835185359239827 0.058287525056723681 0.021338748699079878
leaf_weight=30.720226880162954 10.239377319812773 18.495590768754482 11.523263216018675 27.418959103524685 89.736895304173231 134.58528052270412 310.30917637422681 41.625158730894327 574.91477649658918 14.780266523361204 12.063937094062565
leaf_count=297 25 38 20 125 334 389 1225 257 1164 19 49
internal_value=0 -0.0167402 -0.0301595 -0.0451829 0.000950308 -0.0038524 0.00155966 -0.02227 0.00535728 0.00747413 -0.0231066
internal_weight=1276.41 67.6772 49.1816 37.6583 1208.74 576.257 444.894 131.362 632.479 589.695 42.7842
internal_count=3942 208 170 150 3734 2205 1614 591 1529 1183 346
is_linear=0
shrinkage=0.04


Tree=102
num_leaves=9
num_cat=0
split_feature=4 22 20 22 6 23 24 8
split_gain=12.6659 13.7205 27.8962 21.2648 24.4294 20.0477 6.86148 6.22271
threshold=0.05050000000000001 0.75000000000000011 14.500000000000002 2.6500000000000008 0.0057850000000000011 20.500000000000004 16.332105295000002 0.99850000000000005
decision_type=2 2 2 2 2 2 2 2
left_child=7 2 6 4 -3 -5 -2 -1
right_child=1 3 -4 5 -6 -7 -8 -9
leaf_value=-0.050098740263820711 -0.06773114202915631 -0.039036650953813611 0.041776332959688849 -0.0027383631785918312 0.024113980252658544 0.012666810426230213 -0.0054743419525815993 0.0074953072181837043
leaf_weight=11.363368045538662 13.673636361956602 10.202259525656698 5.9657065272331229 968.88278063759208 98.869279690086842 156.42831297963858 4.5642226934432975 3.1003076136112204
leaf_count=90 66 37 5 3128 161 433 15 7
internal_value=0 0.00044005 -0.0290487 0.00104598 0.0178733 -0.000574467 -0.0537799 -0.0365789
internal_weight=1273.05 1258.59 24.2036 1234.38 109.072 1125.31 18.2379 14.4637
internal_count=3942 3845 86 3759 198 3561 81 97
is_linear=0
shrinkage=0.04


Tree=103
num_leaves=6
num_cat=0
split_feature=4 0 15 20 11
split_gain=12.404 13.6723 18.4141 14.4918 1.27545
threshold=84.881500000000003 0.13250000000000003 0.70150000000000012 3.5000000000000004 -8447.4749999999985
decision_type=2 2 2 2 2
left_child=1 -1 3 -3 -4
right_child=-2 2 4 -5 -6
leaf_value=0.030653631323164895 -0.047551737431892019 0.0065925100852901423 -0.075644000801487574 -0.002740892742623317 -0.028010661274130124
leaf_weight=22.862109631299973 8.2157859802246076 388.11744043976068 4.3102399408817291 843.38171082362533 4.5963679924607259
leaf_count=33 58 1328 18 2481 24
internal_value=0 0.000331145 -0.000223742 0.000185857 -0.0559839
internal_weight=1271.48 1263.27 1240.41 1231.5 8.90661
internal_count=3942 3884 3851 3809 42
is_linear=0
shrinkage=0.04


Tree=104
num_leaves=7
num_cat=0
split_feature=11 4 21 5 22 21
split_gain=12.3143 15.165 13.7833 40.6595 36.9079 1.79754
threshold=-140281.28999999995 0.05050000000000001 20.500000000000004 57.065000000000005 8.2500000000000018 118.50000000000001
decision_type=2 2 2 2 2 2
left_child=-1 5 3 -3 -4 -2
right_child=1 2 4 -5 -6 -7
leaf_value=0.030258633283118674 -0.05063062634269546 0.020506587967805485 0.0069508745338451349 -0.0017192483797350583 -0.014775753506092767 -0.0047277484610310566
leaf_weight=20.66137982159853 10.185419414192436 171.01237565279007 222.99471684545279 561.80633347481489 281.54979919269681 2.8454060330986968
leaf_count=32 79 540 478 1767 1029 17
internal_value=0 -0.000511995 -3.52423e-05 0.0034506 -0.00513621 -0.0426305
internal_weight=1271.06 1250.39 1237.36 732.819 504.545 13.0308
internal_count=3942 3910 3814 2307 1507 96
is_linear=0
shrinkage=0.04


Tree=105
num_leaves=11
num_cat=0
split_feature=21 4 21 21 10 18 5 14 20 4
split_gain=12.5966 28.1889 17.5855 21.6583 18.5065 18.0834 16.7097 14.6992 12.2143 3.55715
threshold=170.50000000000003 1.3495000000000001 114.50000000000001 110.50000000000001 20405.635000000006 1.7709250000000003 57.07500000000001 1.0000000180025095e-35 6.5000000000000009 0.69050000000000011
decision_type=2 2 2 2 2 2 2 2 2 2
left_child=2 9 3 4 -1 7 -7 -4 -3 -2
right_child=1 8 5 -5 -6 6 -8 -9 -10 -11
leaf_value=-0.0012408819642271366 0.021181622194705433 0.018373252577751006 0.026243973855340132 0.043831054998930669 0.03146400228661328 -0.054707685565777688 0.014932489651899706 -0.054832062845138169 -0.052784910694715734 0.050320086548789132
leaf_weight=1112.7665151245892 16.468043640255928 5.4424712210893622 3.484521463513377 17.47769533097744 27.872959911823273 6.575038410723212 24.436894044280052 25.641133189201355 9.453991547226904 20.158825039863586
leaf_count=3501 30 10 4 29 51 34 50 167 51 15
internal_value=0 0.0192746 -0.000823969 0.000258304 -0.000410735 -0.0218263 0 -0.044178 -0.0257357 0.0382193
internal_weight=1269.78 51.5233 1218.25 1158.12 1140.64 60.1376 31.0119 29.1257 14.8965 36.6269
internal_count=3942 106 3836 3581 3552 255 84 171 61 45
is_linear=0
shrinkage=0.04


Tree=106
num_leaves=8
num_cat=0
split_feature=6 6 19 6 5 0 19
split_gain=12.353 29.0654 19.9988 45.7134 29.0505 15.1839 14.9145
threshold=0.086185000000000025 0.067275000000000015 4.7500000000000009 0.0055800000000000008 57.055000000000007 0.77650000000000008 4.7500000000000009
decision_type=2 2 2 2 2 2 2
left_child=1 2 4 -4 -1 -3 -2
right_child=6 5 3 -5 -6 -7 -8
leaf_value=0.04558325653367868 -0.012127912808959132 -0.0087492911169094034 -0.041429226993719086 -0.00097526184246126237 0.0045051130128759892 -0.098708990670584792 0.038695610197281571
leaf_weight=30.207322813570499 12.883640393614767 6.2005324363708478 46.764361150562763 848.69905886426568 289.56586713343859 6.7775723859667778 26.904229685664177
leaf_count=32 31 16 192 2829 779 30 33
internal_value=0 -0.000713579 -4.91867e-05 -0.00313218 0.0085131 -0.059132 0.0217958
internal_weight=1268 1228.21 1215.24 895.463 319.773 12.9781 39.7879
internal_count=3942 3878 3832 3021 811 46 64
is_linear=0
shrinkage=0.04


Tree=107
num_leaves=15
num_cat=0
split_feature=18 11 23 11 5 10 21 22 24 4 5 4 23 18
split_gain=12.2417 29.983 23.1099 31.2218 33.8693 32.6599 23.5886 26.7927 21.7968 21.0577 19.1165 16.3996 15.4563 6.009
threshold=0.14275000000000002 1630.3950000000002 20.500000000000004 2027.0550000000003 56.845000000000006 1749.2100000000003 189.50000000000003 3.2500000000000004 0.028009700000000002 0.98250000000000004 57.065000000000005 5.1455000000000011 18.500000000000004 0.90321500000000021
decision_type=2 2 2 2 2 2 2 2 2 2 2 2 2 2
left_child=1 8 3 5 -5 -2 7 -4 9 -1 -10 12 -3 -8
right_child=2 11 6 4 -6 -7 13 -9 10 -11 -12 -13 -14 -15
leaf_value=-0.029552618710610032 0.00016721735782892239 0.028113728669055177 -0.044359903868178049 0.043427263149962515 -0.023568537290893615 0.032188857318501886 -0.058648502206756117 0.026076414994297678 -0.0035251898151909557 0.053214372824501928 -0.043082604625314921 -0.045349799041963214 -0.038402120983245636 0
leaf_weight=8.1610210947692412 748.49941659718752 47.201721243560314 8.6302348449826223 12.605035528540609 135.20475695282221 54.292043425142765 6.9159701913595182 125.77872594445944 30.329621644690633 10.4816278219223 61.657462546601892 6.2383496388792983 5.655570074915885 5.2742124497890472
leaf_count=62 1915 148 30 19 481 88 32 227 275 10 534 50 57 14
internal_value=0 -0.00998122 0.00154729 -0.000715284 -0.0175932 0.0023764 0.0163072 0.0212579 -0.0222997 0.0161119 -0.0303457 0.0127376 0.0203287 -0.0353901
internal_weight=1266.93 169.725 1097.2 950.601 147.81 802.791 146.599 134.409 110.63 18.6426 91.9871 59.0956 52.8573 12.1902
internal_count=3942 1136 2806 2503 500 2003 303 257 881 72 809 255 205 46
is_linear=0
shrinkage=0.04


Tree=108
num_leaves=11
num_cat=0
split_feature=21 4 21 21 21 18 5 14 20 4
split_gain=12.046 25.5939 16.4971 20.0756 18.2744 17.2829 15.576 14.0572 11.5787 3.4429
threshold=170.50000000000003 1.3495000000000001 114.50000000000001 110.50000000000001 100.50000000000001 1.7709250000000003 57.07500000000001 1.0000000180025095e-35 6.5000000000000009 0.69050000000000011
decision_type=2 2 2 2 2 2 2 2 2 2
left_child=2 9 3 4 -1 7 -7 -4 -3 -2
right_child=1 8 5 -5 -6 6 -8 -9 -10 -11
leaf_value=0.00023129915726135663 0.020364847592181805 0.018539022462582745 0.025507287216491436 0.042110040205432339 -0.039556987761150242 -0.05349364621155122 0.014352878592432044 -0.054157244288061998 -0.051273811966287212 0.049338046807087359
leaf_weight=1118.0002489984035 16.127081468701363 5.3998781889677039 3.4490533620119121 17.544687792658806 18.268647745251656 6.4206565916538265 24.342041499912739 24.96493967436254 9.1508723944425565 19.702594801783562
leaf_count=3473 30 10 4 29 79 34 50 167 51 15
internal_value=0 0.0190624 -0.000804208 0.000239224 -0.000407931 -0.0213155 0 -0.0435215 -0.0242818 0.0373074
internal_weight=1263.37 50.3804 1212.99 1153.81 1136.27 59.1767 30.7627 28.414 14.5508 35.8297
internal_count=3942 106 3836 3581 3552 255 84 171 61 45
is_linear=0
shrinkage=0.04


Tree=109
num_leaves=12
num_cat=0
split_feature=0 0 0 0 24 3 1 19 10 23 23
split_gain=11.694 33.8572 33.4633 21.4663 23.8737 22.6689 17.2651 13.4776 24.246 9.51357 6.16987
threshold=1.8855000000000002 1.4835000000000003 5.089500000000001 1.2115000000000002 0.16220795000000002 6563.5250000000005 10616.270000000002 -1.0000000180025095e-35 -940.92499999999984 20.500000000000004 1.5000000000000002
decision_type=2 2 2 2 2 2 2 2 2 2 2
left_child=1 3 9 4 -1 -5 -4 -3 -9 10 -2
right_child=2 7 6 5 -6 -7 -8 8 -10 -11 -12
leaf_value=-0.0026921421103386673 -0.0079004640023634439 0.064285215533425991 -0.021758006361981077 -0.067646255231475452 0.011617543603547871 -0.0057165844781390408 0.046599193660180734 0.039110237167339211 -0.023449508817301165 0 -0.072824007055465004
leaf_weight=878.21198640018702 3.6917427331209245 14.252327315509318 10.054543532431127 14.839325986802576 236.21260342746973 27.069730088114738 12.397259682416914 29.372562989592552 14.010908156633375 4.7498175948858252 16.658906862139702
leaf_count=2971 11 14 36 83 560 74 13 36 41 12 91
internal_value=0 0.000762106 -0.0193571 -0.000718211 0.00032684 -0.0286555 0.0153084 0.0305561 0.0184135 -0.0508392 -0.0624775
internal_weight=1261.52 1213.97 47.5523 1156.33 1114.42 41.9091 22.4518 57.6358 43.3835 25.1005 20.3506
internal_count=3942 3779 163 3688 3531 157 49 91 77 114 102
is_linear=0
shrinkage=0.04


Tree=110
num_leaves=10
num_cat=0
split_feature=4 1 18 1 18 0 20 20 2
split_gain=11.5559 14.0997 16.9146 49.5913 43.2526 13.1645 20.8629 18.4643 5.75262
threshold=28.019000000000002 1207.45 0.69803000000000004 3510.6350000000007 0.66749000000000003 0.83000000000000007 7.5000000000000009 7.5000000000000009 207.32000000000002
decision_type=2 2 2 2 2 2 2 2 2
left_child=1 5 4 -4 -3 6 -1 -7 -2
right_child=8 2 3 -5 -6 7 -8 -9 -10
leaf_value=0.037573163542959795 -0.050678302762230676 -0.0032588001130766813 -0.043261372160344119 0.0094543681382172028 -0.073835263879979351 -0.021500510401899511 -0.017288232611300743 0.023355893744684365 0
leaf_weight=50.58049364387989 10.188856463879349 696.58136140555143 30.275273531675339 381.15454693138599 13.717537090182303 30.818904057145119 13.289374820888041 27.119095906615257 6.2321232780814162
leaf_count=69 74 2617 98 797 61 124 35 44 23
internal_value=0 0.000440562 -0.000948543 0.0054789 -0.00470091 0.0133479 0.0258019 -0.000142095 -0.0328393
internal_weight=1259.96 1243.54 1121.73 411.43 710.299 121.808 63.8699 57.938 16.421
internal_count=3942 3845 3573 895 2678 272 104 168 97
is_linear=0
shrinkage=0.04


Tree=111
num_leaves=14
num_cat=0
split_feature=24 23 24 2 20 4 4 11 12 2 19 2 3
split_gain=11.362 19.4451 17.9115 51.8818 32.8862 20.23 28.5553 27.2879 15.7495 11.7321 14.901 9.48028 3.87421
threshold=0.020938225000000001 4.5000000000000009 0.054121440000000014 237.32000000000002 7.5000000000000009 6.3500000000000005 4.2170000000000014 -5127.2399999999989 36.000000000000007 165.62000000000003 38.20000000000001 259.96000000000009 4082.4050000000002
decision_type=2 2 2 2 2 2 2 2 2 2 2 2 2
left_child=1 8 3 4 -2 6 -4 -7 -1 10 -3 -5 -11
right_child=2 9 5 11 -6 7 -8 -9 -10 12 -12 -13 -14
leaf_value=-0.056374064917022633 -0.048407274274607989 0.015358617144214898 0 0.047255335328734591 0 0.0042154797602455447 0.027125145285758018 -0.052422156782487433 0.0030676727914255041 0.049574862141972577 -0.038117204112752108 0.0068234866175005187 0.021800860699815575
leaf_weight=10.296808209270241 61.924622543156147 59.843375273048878 858.99503712356091 14.54582206904888 34.771989986300468 26.803328108042479 66.317509211599827 25.8291234113276 19.206977322697639 18.797171771526337 9.0392578169703466 28.660970773547888 23.109576597809792
leaf_count=66 269 112 2856 14 79 65 120 169 36 18 35 62 41
internal_value=0 0.010699 -0.00135817 -0.0147233 -0.031042 0.000539931 0.00193714 -0.0234345 -0.0176046 0.0184613 0.00782877 0.0212776 0.0351681
internal_weight=1258.14 140.293 1117.85 139.903 96.6966 977.945 925.313 52.6325 29.5038 110.789 68.8826 43.2068 41.9067
internal_count=3942 308 3634 424 348 3210 2976 234 102 206 147 76 59
is_linear=0
shrinkage=0.04


Tree=112
num_leaves=7
num_cat=0
split_feature=11 4 6 18 6 21
split_gain=11.3269 14.4087 12.8708 30.334 24.6456 1.59047
threshold=-140281.28999999995 0.05050000000000001 0.010130000000000002 0.69803000000000004 0.0055800000000000008 118.50000000000001
decision_type=2 2 2 2 2 2
left_child=-1 5 4 -4 -3 -2
right_child=1 2 3 -5 -6 -7
leaf_value=0.029287719479288404 -0.050042014051647973 -0.0040084600942779467 -0.0081244209474139878 0.0066389051771584455 0.019205983761348012 -0.0052193702448273668
leaf_weight=20.267745181918144 9.8093358725309354 147.93208514899015 568.83397417515516 364.09381912648678 141.90295361727476 2.7826166227459899
leaf_count=32 79 489 2271 765 289 17
internal_value=0 -0.000500086 -3.67871e-05 -0.00234084 0.00730193 -0.0422422
internal_weight=1255.62 1235.35 1222.76 932.928 289.835 12.592
internal_count=3942 3910 3814 3036 778 96
is_linear=0
shrinkage=0.04


Tree=113
num_leaves=14
num_cat=0
split_feature=24 3 3 24 18 24 24 5 16 0 18 6 21
split_gain=11.389 28.5691 34.0535 25.2012 31.4435 25.0868 19.5203 23.3549 16.117 12.3492 9.13529 6.55021 4.80512
threshold=15.010012340000001 8304.8250000000025 19475.315000000006 0.16220795000000002 0.081500000000000017 0.14221643500000003 0.22173855500000003 57.425000000000004 10.500000000000002 0.94000000000000006 0.40272000000000008 0.014095000000000002 6.5000000000000009
decision_type=2 2 2 2 2 2 2 2 2 2 2 2 2
left_child=3 10 12 4 8 -6 9 -8 -1 -5 -2 -4 -3
right_child=1 2 11 6 5 -7 7 -9 -10 -11 -12 -13 -14
leaf_value=-0.045747617938454985 -0.014593295542265201 0.049652640961637053 -0.0073695526433705926 0.039878465554100705 0.00047790636501441209 -0.065346843665388621 -0.0064653398855516525 0.028225469515673177 0.01494893443874365 0 -0.063182380757131493 -0.070822815183218812 0.013596371760506232
leaf_weight=36.400580363348126 11.763394474983217 12.216136038303377 5.2410456985235196 53.686084888875484 921.88502087071538 8.8561109900474531 94.138472780585289 45.381397888064384 7.8159449324011794 15.153417922556399 17.925139836966991 7.338703379034996 15.979537278413771
leaf_count=451 33 10 16 70 2690 44 334 66 19 45 94 32 38
internal_value=0 -0.015573 0.00576575 0.00092473 -0.00175751 -0.000161697 0.0135454 0.00473614 -0.0345241 0.0309482 -0.0451532 -0.0472079 0.0305081
internal_weight=1253.78 70.464 40.7754 1183.32 974.958 930.741 208.359 139.52 44.2165 68.8395 29.6885 12.5797 28.1957
internal_count=3942 223 96 3719 3204 2734 515 400 470 115 127 48 48
is_linear=0
shrinkage=0.04


Tree=114
num_leaves=13
num_cat=0
split_feature=8 11 11 20 5 21 18 18 5 5 0 21
split_gain=11.1082 25.8813 19.6428 41.9293 32.3625 20.7321 39.0213 25.3524 17.1335 16.0533 12.3037 11.2188
threshold=0.0055000000000000005 275.92000000000007 96.845000000000013 13.500000000000002 56.935000000000009 8.5000000000000018 0.21513000000000002 0.081500000000000017 56.845000000000006 57.165000000000006 1.5585000000000002 10.500000000000002
decision_type=2 2 2 2 2 2 2 2 2 2 2 2
left_child=1 9 5 4 -4 7 -7 -2 -5 -1 11 -3
right_child=2 10 3 8 -6 6 -8 -9 -10 -11 -12 -13
leaf_value=0.031631878499482124 -0.03068792369917599 -0.010304154013602115 -0.046265350130067578 0.060677800869307845 -0.0088232644700246832 -0.039715626842773695 0.0011969847901566325 0.015513111333548038 0.0093345473392054141 -0.052720735305717553 0.067975067077927775 0.043182193410429476
leaf_weight=4.7151536196470252 19.887493103742599 11.02048906683922 42.753655459731817 14.501293674111364 275.96777033433318 39.607745127752423 524.33566009253263 243.1857090704143 38.93391165137291 10.266169194132088 12.779792845249174 12.382725425064562
leaf_count=8 192 51 302 12 1051 241 1342 542 97 74 11 19
internal_value=0 0.018149 -0.000793683 -0.00843176 -0.013973 0.00262229 -0.00167366 0.011893 0.0240723 -0.0247159 0.0365371 0.0174703
internal_weight=1250.34 51.1643 1199.17 372.157 318.721 827.017 563.943 263.073 53.4352 14.9813 36.183 23.4032
internal_count=3942 163 3779 1462 1353 2317 1583 734 109 82 81 70
is_linear=0
shrinkage=0.04


Tree=115
num_leaves=12
num_cat=0
split_feature=21 4 21 22 5 5 23 16 14 11 4
split_gain=11.0345 24.1711 16.2911 45.3576 81.6861 35.9396 65.3971 20.8173 20.3193 11.1009 3.41638
threshold=170.50000000000003 1.3495000000000001 20.500000000000004 9.2500000000000018 56.875000000000007 57.065000000000005 1.5000000000000002 12.500000000000002 1.0000000180025095e-35 -42178.724999999999 0.69050000000000011
decision_type=2 2 2 2 2 2 2 2 2 2 2
left_child=2 10 5 8 -5 6 -1 -7 -4 -3 -2
right_child=1 9 3 4 -6 7 -8 -9 -10 -11 -12
leaf_value=-0.062407731247852705 0.019444554035935514 0.019662196934556484 0.024067966773490813 0.016113070240274273 -0.035730205727991952 -0.00090311801112942795 0.026607267654778943 -0.062870173304755902 -0.001692743580908957 -0.049820900752148109 0.048514174209233318
leaf_weight=13.837461933493612 15.824451632797716 5.0640536844730368 66.440268822014332 69.758693151175976 155.14596506394446 550.06992097944021 155.69349935278296 8.3338224217295629 178.12611462548375 9.2225809246301633 19.20399796962738
leaf_count=78 30 8 104 178 742 1766 482 43 443 53 15
internal_value=0 0.0184354 -0.000777967 -0.00659707 -0.0195612 0.00294948 0.0190619 -0.00191914 0.00525877 -0.0240072 0.0364031
internal_weight=1246.72 49.3151 1197.41 469.471 224.905 727.935 169.531 558.404 244.566 14.2866 35.0284
internal_count=3942 106 3836 1467 920 2369 560 1809 547 61 45
is_linear=0
shrinkage=0.04


Tree=116
num_leaves=14
num_cat=0
split_feature=23 23 5 20 5 18 5 24 4 0 4 22 18
split_gain=10.87 41.8507 75.6178 29.7822 35.2309 28.2817 27.4994 26.1049 25.3859 23.009 17.5018 19.1953 8.35392
threshold=2.5000000000000004 5.5000000000000009 57.295000000000009 9.5000000000000018 56.955000000000005 2.5526250000000004 57.065000000000005 17.985280250000006 0.62250000000000016 1.0085000000000002 0.79100000000000015 9.8500000000000032 0.32814000000000004
decision_type=2 2 2 2 2 2 2 2 2 2 2 2 2
left_child=3 2 9 4 -1 6 -3 -6 -4 -2 12 -12 -5
right_child=1 5 8 10 7 -7 -8 -9 -10 -11 11 -13 -14
leaf_value=-0.066521213705616269 -0.061960709881189742 0.013659739486141574 -0.048272769833870612 0.011247268279264856 0.007427662783057066 -0.07030720708477492 -0.0022367898177359136 -0.066830064908546746 0.017825004891611065 0 0.020178856339995416 -0.049817555661052178 0.051190168698240057
leaf_weight=12.300694707781075 57.53585771843791 239.76081920415163 10.46869434788823 12.963623613119124 126.10141338407993 8.1972880363464338 627.59718196839094 7.5334805697202674 57.984016194939613 10.945335850119589 27.332049638032913 7.5361184775829306 37.467848181724548
leaf_count=74 326 753 46 38 378 44 1984 37 93 43 43 46 37
internal_value=0 -0.00180003 -0.0223301 0.00780307 -0.00305966 0.00139888 0.00213973 0.00285887 0.00714966 -0.0519257 0.0265303 0.00399453 0.0415266
internal_weight=1243.72 1012.49 136.934 231.235 145.936 875.555 867.358 133.635 68.4527 68.4812 85.2996 34.8682 50.4315
internal_count=3942 3289 508 653 489 2781 2737 415 139 369 164 89 75
is_linear=0
shrinkage=0.04


Tree=117
num_leaves=14
num_cat=0
split_feature=20 23 18 18 5 23 3 18 4 10 11 11 5
split_gain=10.7947 27.7517 29.201 26.7303 19.6317 36.4848 28.6404 21.5217 14.3808 12.6911 20.3984 9.41296 6.35257
threshold=3.5000000000000004 1.0000000180025095e-35 2.5526250000000004 1.7255800000000001 57.065000000000005 11.500000000000002 33017.520000000011 1.5330200000000003 0.92850000000000021 88.660000000000011 3403.1100000000001 -1339.0349999999996 57.235000000000007
decision_type=2 2 2 2 2 2 2 2 2 2 2 2 2
left_child=4 9 3 -3 5 8 7 -6 -1 12 -11 -7 -2
right_child=1 2 -4 -5 6 11 -8 -9 -10 10 -12 -13 -14
leaf_value=-0.049796488181547194 0.0056987722210556854 -0.0070829584041508173 -0.071068769102530793 0.012843692205543329 0.00022310388808601781 0.011273798275591787 -0.059879618354469949 0.041108271635788771 0.0083605942883128934 -0.053072462542022025 0.042168005840816418 0.052615937227299056 0.038728011675656163
leaf_weight=10.433845877647402 14.300582464784382 646.72126020491123 9.9948452152311784 128.19345644116402 275.68470629677176 13.471074320375918 11.407816480845211 21.856898188591003 16.574668731540442 7.8238188773393613 5.7000779658555984 38.992884285748005 40.053144864737988
leaf_count=97 42 2082 52 274 993 38 71 23 85 53 12 71 49
internal_value=-1.00298e-06 -0.00253447 -0.00468189 -0.00375456 0.00550595 0.0231798 0.000864877 0.00335749 -0.0138762 0.0218575 -0.011432 0.0425848 0.0305337
internal_weight=1241.21 852.787 784.91 774.915 388.422 79.4725 308.949 297.542 27.0085 67.8776 13.5239 52.464 54.3537
internal_count=3942 2564 2408 2356 1378 291 1087 1016 182 156 65 109 91
is_linear=0
shrinkage=0.04


Tree=118
num_leaves=12
num_cat=0
split_feature=19 10 6 23 0 11 23 4 22 21 21
split_gain=10.8213 18.2571 20.122 17.4557 14.7421 28.5583 22.5345 20.146 14.4504 8.43959 8.35701
threshold=63.350000000000009 1799.1100000000004 0.031265000000000008 1.0000000180025095e-35 0.39850000000000008 -2438.2049999999995 4.5000000000000009 15.104500000000002 17.950000000000003 7.5000000000000009 22.500000000000004
decision_type=2 2 2 2 2 2 2 2 2 2 2
left_child=4 2 3 -2 5 9 -7 8 -6 -1 -9
right_child=1 -3 -4 -5 7 6 -8 10 -10 -11 -12
leaf_value=0.047980452691709967 0.021350417526687947 0.017499427539699741 0.01638883641690175 -0.054321563676819888 0.0032791247415071634 0.031582189654718186 -0.06203442566053325 -0.065553891579791024 -0.0072199255145205046 0.0080967224447321372 -0.010251603401290095
leaf_weight=31.063349641859531 5.0624138712882987 18.057234369218349 11.165870815515516 31.491645034402609 811.05774827301502 6.1527647674083701 9.7581854388117772 9.7918812483549136 281.986985841766 13.717142969369887 9.7271357327699643
leaf_count=32 8 38 20 142 2336 8 48 66 1175 28 41
internal_value=0 -0.0157391 -0.0287824 -0.0431552 0.000873633 0.0199911 -0.0247549 -0.000159787 0.000550196 0.0364293 -0.0399379
internal_weight=1239.03 65.7772 47.7199 36.5541 1173.26 60.6914 15.911 1112.56 1093.04 44.7805 19.519
internal_count=3942 208 170 150 3734 116 56 3618 3511 60 107
is_linear=0
shrinkage=0.04


Tree=119
num_leaves=14
num_cat=0
split_feature=23 18 21 22 6 6 5 21 6 19 12 18 24
split_gain=10.8283 32.6267 21.7362 24.4872 17.4224 30.3123 28.2189 26.1262 26.0283 38.764 18.4255 5.13259 0.509741
threshold=20.500000000000004 0.15654500000000002 189.50000000000003 3.2500000000000004 0.010130000000000002 0.012960000000000001 57.165000000000006 19.500000000000004 0.0055800000000000008 4.7500000000000009 24.500000000000004 0.90321500000000021 0.10922377500000001
decision_type=2 2 2 2 2 2 2 2 2 2 2 2 2
left_child=4 12 3 -3 8 6 -6 -7 9 -1 -10 -4 -2
right_child=1 2 11 -5 5 7 -8 -9 10 -11 -12 -13 -14
leaf_value=0.0094426464234202145 -0.044792261228178115 -0.041796394608796333 -0.056571219693898465 0.025631971515537234 0.015761661452095656 0.0037720199945607659 -0.068881855202792872 -0.010851789035699192 0 -0.036827154588836522 0.031570259423027436 0 -0.0051392385235231068
leaf_weight=92.724870555102825 14.986422620713713 8.6128233522176725 6.6119500547647458 121.91194815188646 8.2437910735607165 429.40241672471166 20.71103335916996 356.2230823636055 46.637723635882139 41.353814411908388 82.512782767415047 5.0687513053417206 1.8977256938815106
leaf_count=295 160 30 32 224 16 1418 107 1195 159 176 104 14 12
internal_value=0 0.00971129 0.0160878 0.0208875 -0.00145237 -0.00435874 -0.0442453 -0.00283604 0.00745696 -0.00476351 0.0202675 -0.0345596 -0.0417619
internal_weight=1236.9 159.09 142.205 130.525 1077.81 814.58 28.9548 785.625 263.229 134.079 129.151 11.6807 16.8841
internal_count=3942 472 300 254 3470 2736 123 2613 734 471 263 46 172
is_linear=0
shrinkage=0.04


Tree=120
num_leaves=7
num_cat=0
split_feature=11 4 23 18 6 21
split_gain=10.8803 12.735 11.4236 30.872 18.3973 1.4794
threshold=-140281.28999999995 0.05050000000000001 20.500000000000004 0.15654500000000002 0.010130000000000002 118.50000000000001
decision_type=2 2 2 2 2 2
left_child=-1 5 4 -4 -3 -2
right_child=1 2 3 -5 -6 -7
leaf_value=0.028876263785098832 -0.049043860614094791 0.0075728987044908951 -0.041255676528595464 0.016137029529809121 -0.0046707770131464762 -0.004626187332663771
leaf_weight=20.005858011543751 9.0529836155474168 260.49292809516191 16.15045352652669 140.27769743651152 785.57580306380987 2.6967864111065856
leaf_count=32 79 712 170 294 2638 17
internal_value=-1.19474e-06 -0.000505132 -7.50656e-05 0.00997149 -0.00160058 -0.0410868
internal_weight=1234.25 1214.25 1202.5 156.428 1046.07 11.7498
internal_count=3942 3910 3814 464 3350 96
is_linear=0
shrinkage=0.04


Tree=121
num_leaves=10
num_cat=0
split_feature=24 23 5 18 24 18 16 3 21
split_gain=10.5991 24.7824 29.3637 33.0541 23.4788 28.0247 21.3382 17.2519 7.54096
threshold=15.010012340000001 1.0000000180025095e-35 57.315000000000005 0.35447000000000001 12.932435640000001 0.081500000000000017 11.500000000000002 26913.120000000006 1.5000000000000002
decision_type=2 2 2 2 2 2 2 2 2
left_child=4 -2 3 -3 5 7 -7 -1 -4
right_child=1 2 8 -5 -6 6 -8 -9 -10
leaf_value=-0.035749746325591948 0.034373222623660188 -0.048213833673638573 0 0.038362264462924858 0.040833814086053646 0.0022661856962799022 -0.045990496860409014 0.017960638657693425 -0.063080332726951738
leaf_weight=51.188868610188365 12.384899348020552 11.544973857700827 3.847034469246867 16.471174478530884 22.574946492910385 1065.1773387845606 14.337862230837343 10.877675659954546 24.488413512706757
leaf_count=546 15 49 8 21 33 3048 57 35 130
internal_value=-2.15301e-06 -0.0152232 -0.0266817 0.00176456 0.000885537 6.0511e-05 0.00158574 -0.0259486 -0.0550439
internal_weight=1232.89 68.7365 56.3516 28.0161 1164.16 1141.58 1079.52 62.0665 28.3354
internal_count=3942 223 208 70 3719 3686 3105 581 138
is_linear=0
shrinkage=0.04


Tree=122
num_leaves=12
num_cat=0
split_feature=8 11 0 0 24 0 5 11 21 23 1
split_gain=10.1281 23.5501 18.1439 25.2633 16.9925 16.4176 14.6229 11.7415 8.47176 8.37675 7.33561
threshold=0.0055000000000000005 275.92000000000007 1.8855000000000002 1.6865000000000003 0.020938225000000001 5.089500000000001 57.165000000000006 493.99000000000007 7.5000000000000009 20.500000000000004 10616.270000000002
decision_type=2 2 2 2 2 2 2 2 2 2 2
left_child=1 6 3 4 -2 9 -1 -3 -9 -4 -7
right_child=2 7 5 -5 -6 10 -8 8 -10 -11 -12
leaf_value=0.029965177990918107 0.013045470173302322 0.069787727368450361 -0.060552622794771818 0.042815207542954398 -0.002441228070988496 -0.020793588002026291 -0.051823173637603838 -0.0080470072199498068 0.037454826324749169 0 0.029038201308594042
leaf_weight=4.568173646926879 127.3555149808526 10.754265204071997 18.415354013442997 21.304506134241819 990.90540617145598 9.8108928874135035 9.7907750494778139 10.214999012649061 14.633823961019514 4.565019153058528 8.1503126174211484
leaf_count=8 260 12 91 27 3342 36 74 45 24 12 11
internal_value=-2.90432e-06 0.0175298 -0.000768974 0.000158985 -0.000654574 -0.0267706 -0.0243242 0.0350668 0.0181709 -0.0488155 0.000909424
internal_weight=1230.47 49.962 1180.51 1139.57 1118.26 40.9416 14.3589 35.6031 24.8488 22.9804 17.9612
internal_count=3942 163 3779 3629 3602 150 82 81 69 103 47
is_linear=0
shrinkage=0.04


Tree=123
num_leaves=10
num_cat=0
split_feature=21 4 21 21 11 8 10 20 4
split_gain=10.1715 21.6381 14.1824 19.7456 16.3947 15.7769 15.4654 10.5921 3.21653
threshold=170.50000000000003 1.3495000000000001 114.50000000000001 111.50000000000001 -103100.20499999999 0.80750000000000022 20405.635000000006 6.5000000000000009 0.69050000000000011
decision_type=2 2 2 2 2 2 2 2 2
left_child=2 8 3 6 -4 -6 -1 -3 -2
right_child=1 7 4 -5 5 -7 -8 -9 -10
leaf_value=-0.0011582773791811969 0.018516377981808187 0.018319032806664644 0.01887035159065506 0.044965711233312604 0.027552602777919474 -0.040755035871244842 0.029255791262966731 -0.049671946152062246 0.047148896297536283
leaf_weight=1082.1616187393665 15.478996545076368 5.2496409565210334 12.464950278401373 15.069092422723768 5.5500993877649298 38.977985337376595 26.91027020663023 8.6039935052394849 18.595271602272987
leaf_count=3507 30 10 20 23 8 227 51 51 15
internal_value=-2.49399e-07 0.0179506 -0.000752869 0.000220481 -0.0201342 -0.0315854 -0.000389441 -0.0227737 0.0351763
internal_weight=1229.06 47.9279 1181.13 1124.14 56.993 44.5281 1109.07 13.8536 34.0743
internal_count=3942 106 3836 3581 255 235 3558 61 45
is_linear=0
shrinkage=0.04


Tree=124
num_leaves=13
num_cat=0
split_feature=20 23 18 21 5 4 3 23 4 1 10 11
split_gain=10.0988 25.3228 27.21 25.5033 18.913 33.8192 26.7115 20.2835 20.1272 11.515 14.8675 3.34611
threshold=3.5000000000000004 1.0000000180025095e-35 2.5526250000000004 64.500000000000014 57.065000000000005 0.84300000000000008 33017.520000000011 9.5000000000000018 0.84450000000000014 5901.1000000000013 -16172.869999999997 -3618.3649999999993
decision_type=2 2 2 2 2 2 2 2 2 2 2 2
left_child=4 9 3 -3 5 11 8 -7 -6 10 -2 -1
right_child=1 2 -4 -5 6 7 -8 -9 -10 -11 -12 -13
leaf_value=0 0.036113615383749138 -0.0083130766855847252 -0.069178339635427688 0.0076575433271724273 0.016595880383161288 -0.0094383467286057853 -0.058660900850569318 0.044153856440629913 -0.0049255388462104855 0.044071439766452079 -0.010405290873880433 -0.053167763766517884
leaf_weight=2.5177572146058074 17.907452747225761 543.45459963567555 9.8063757866621 225.05347388237715 111.22712906263769 13.28681595250964 11.104265619069336 54.624568857252598 181.72438015043736 22.744165390729904 25.938544705510139 8.121356647461651
leaf_count=16 25 1735 52 621 307 86 71 117 709 24 107 72
internal_value=0 -0.00245287 -0.00450393 -0.00360822 0.00537585 0.0228156 0.000774703 0.0333839 0.00319186 0.0210771 0.00833579 -0.0413188
internal_weight=1227.51 844.905 778.314 768.508 382.606 78.5505 304.056 67.9114 292.952 66.5902 43.846 10.6391
internal_count=3942 2564 2408 2356 1378 291 1087 203 1016 156 132 88
is_linear=0
shrinkage=0.04


Tree=125
num_leaves=12
num_cat=0
split_feature=19 10 6 23 0 11 4 23 0 12 21
split_gain=9.98742 17.3018 18.7141 15.8077 14.0177 26.4 18.3698 15.9747 13.5694 8.14124 7.91416
threshold=63.350000000000009 1799.1100000000004 0.031265000000000008 3.5000000000000004 0.39850000000000008 -2438.2049999999995 15.104500000000002 5.5000000000000009 0.55150000000000021 22.000000000000004 22.500000000000004
decision_type=2 2 2 2 2 2 2 2 2 2 2
left_child=4 2 3 -2 5 9 8 -7 -6 -1 -8
right_child=1 -3 -4 -5 6 7 10 -9 -10 -11 -12
leaf_value=0.048756696857900322 0 0.017263651296386441 0.015738391777769947 -0.058141410750313337 -0.034406312613575393 0.021341504027311334 -0.063985439528207705 -0.056937676749819144 0.001101883722589705 0.010702208568596269 -0.0095149183684084485
leaf_weight=27.940830782055855 9.9070235006511194 17.854050450026989 11.010155484080313 26.050530433654785 16.985441848635674 6.5003125816583625 9.4876217804849166 9.1772154793143255 1065.418040977791 15.891236454248427 9.5661825090646726
leaf_count=29 25 38 20 125 63 10 66 46 3448 31 41
internal_value=0 -0.0152319 -0.0280577 -0.0420485 0.000842529 0.0196719 -0.0001651 -0.0235883 0.000510579 0.0356876 -0.0386033
internal_weight=1225.79 64.8218 46.9677 35.9576 1160.97 59.5096 1101.46 15.6775 1082.4 43.8321 19.0538
internal_count=3942 208 170 150 3734 116 3618 56 3511 60 107
is_linear=0
shrinkage=0.04


Tree=126
num_leaves=6
num_cat=0
split_feature=11 4 21 23 23
split_gain=9.83552 11.885 10.683 35.2333 33.9233
threshold=-140281.28999999995 0.033000000000000008 8.5000000000000018 2.5000000000000004 11.500000000000002
decision_type=2 2 2 2 2
left_child=-1 -2 4 -4 -3
right_child=1 2 3 -5 -6
leaf_value=0.027750669385889007 -0.045129450499438957 -0.0054006202772587594 0.015379195231509416 -0.0068150225218429044 0.017554200176409268
leaf_weight=19.579971730709076 8.9644314125180227 223.3334802556783 138.26778678968549 645.14290329068899 189.08452695980668
leaf_count=32 85 853 329 2094 549
internal_value=0 -0.000476144 -0.000105965 -0.00286504 0.00508373
internal_weight=1224.37 1204.79 1195.83 783.411 412.418
internal_count=3942 3910 3825 2423 1402
is_linear=0
shrinkage=0.04


Tree=127
num_leaves=11
num_cat=0
split_feature=24 3 3 24 18 16 3 5 3 6
split_gain=9.77031 23.1029 22.3897 21.3734 26.3263 19.4899 16.3128 11.2836 9.23833 5.24413
threshold=15.010012340000001 4967.0600000000004 19475.315000000006 12.932435640000001 0.081500000000000017 11.500000000000002 26913.120000000006 57.315000000000005 42.605000000000011 0.014095000000000002
decision_type=2 2 2 2 2 2 2 2 2 2
left_child=3 8 7 4 6 -6 -1 -3 -2 -4
right_child=1 2 9 -5 5 -7 -8 -9 -10 -11
leaf_value=-0.035199973805011123 0.0031349006923141547 0.037529599396103439 -0.0072252725683987166 0.039538212780177696 0.0021900882657672604 -0.044065180543919447 0.017653683544675117 -0.0075238987802937621 -0.06109993363505499 -0.065745096481248072
leaf_weight=49.722765320912004 3.6996771469712284 19.470423258841038 5.0518058091402036 21.909627862274647 1059.5272852405906 14.249020665884016 10.604964897036551 14.666940525174139 17.306021086871624 7.1380869150161743
leaf_count=546 14 28 16 33 3048 57 35 43 90 32
internal_value=0 -0.0147671 0.000706584 0.000852454 7.03669e-05 0.00153744 -0.0255113 0.017766 -0.0490466 -0.0443093
internal_weight=1223.35 67.333 46.3273 1156.01 1134.1 1073.78 60.3277 34.1374 21.0057 12.1899
internal_count=3942 223 119 3719 3686 3105 581 71 104 48
is_linear=0
shrinkage=0.04


Tree=128
num_leaves=8
num_cat=0
split_feature=6 6 19 6 5 19 0
split_gain=9.671 24.7101 14.5239 37.0919 21.3864 14.2278 13.5309
threshold=0.086185000000000025 0.067275000000000015 4.9500000000000011 0.0055800000000000008 57.055000000000007 3.7500000000000004 0.77650000000000008
decision_type=2 2 2 2 2 2 2
left_child=1 2 4 -4 -1 -2 -3
right_child=5 6 3 -5 -6 -7 -8
leaf_value=0.040077897141553499 -0.018960573365813159 -0.005620051658531959 -0.038226134293762495 -0.00073835041173613101 0.0039211329058856104 0.034847017994963682 -0.090647902564082963
leaf_weight=28.661460354924202 10.043185070157049 6.003004238009451 44.117029145359993 817.36673352122307 280.57020295783877 27.452134862542152 6.9826270043849945
leaf_count=33 26 16 191 2825 783 38 30
internal_value=0 -0.000653096 -1.58512e-05 -0.00270238 0.00739622 0.0198483 -0.05449
internal_weight=1221.2 1183.7 1170.72 861.484 309.232 37.4953 12.9856
internal_count=3942 3878 3832 3016 816 64 46
is_linear=0
shrinkage=0.04


Tree=129
num_leaves=15
num_cat=0
split_feature=23 18 2 4 24 20 23 4 20 4 22 20 15 10
split_gain=9.36587 29.2492 32.4461 31.8006 20.4984 15.1302 23.3392 38.3814 22.7248 21.6346 12.1382 12.0738 6.03239 0.672626
threshold=20.500000000000004 0.48500000000000004 241.31000000000003 0.17950000000000002 0.11018442000000002 1.5000000000000002 2.5000000000000004 0.76350000000000018 9.5000000000000018 5.1455000000000011 21.550000000000004 9.5000000000000018 0.086500000000000007 289.56000000000006
decision_type=2 2 2 2 2 2 2 2 2 2 2 2 2 2
left_child=5 2 3 -2 11 9 8 -8 -7 10 -1 -3 -6 -11
right_child=1 4 -4 -5 12 6 7 -9 -10 13 -12 -13 -14 -15
leaf_value=0.019658760833926255 0.050148543410307389 0.036337794190447914 0.030041672507393015 -0.052317516363448925 -0.051310312073765497 -0.0021415152500669442 -0.021486220297660119 -0.00085483555098418663 0.024734628008538678 -0.062269463003932726 -0.021229538593630696 0.0013357531960062321 0.00077777414071041344 -0.020463700798954782
leaf_weight=113.32780772820115 5.1368688121438018 69.060640260577202 16.589929468929768 30.538363184779882 6.3114875108003599 123.17143759317696 199.65923169255257 524.88062193803489 83.178364031016827 4.7848209179937822 12.066167037934063 21.999201811850071 5.9000105410814285 3.560233898460865
leaf_count=291 11 95 26 248 27 411 810 1658 164 29 85 52 13 22
internal_value=-5.31285e-07 0.00913538 -0.0149295 -0.0365214 0.0215205 -0.00135768 -0.00318328 -0.00657864 0.00862901 0.0111649 0.0154967 0.0281535 -0.0255298 -0.0488601
internal_weight=1220.17 155.537 52.2652 35.6752 103.271 1064.63 930.89 724.54 206.35 133.739 125.394 91.0598 12.2115 8.34505
internal_count=3942 472 285 259 187 3470 3043 2468 575 427 376 147 40 51
is_linear=0
shrinkage=0.04


Tree=130
num_leaves=5
num_cat=0
split_feature=11 4 3 22
split_gain=9.44901 10.9609 9.98457 11.401
threshold=-140281.28999999995 0.033000000000000008 61.100000000000009 8.4500000000000011
decision_type=2 2 2 2
left_child=-1 -2 -3 -4
right_child=1 2 3 -5
leaf_value=0.027308822097429044 -0.044326884775503166 0.027544868204500098 0.0037708423480220681 -0.0041688225915459372
leaf_weight=19.413802191615105 8.5525818280875665 19.980377539992332 519.6883324496448 649.64510535262525
leaf_count=32 85 38 1275 2512
internal_value=-1.73462e-06 -0.000472255 -0.000121584 -0.000622987
internal_weight=1217.28 1197.87 1189.31 1169.33
internal_count=3942 3910 3825 3787
is_linear=0
shrinkage=0.04


Tree=131
num_leaves=11
num_cat=0
split_feature=22 20 22 6 1 10 10 14 24 23
split_gain=9.53781 19.8901 18.6535 23.8904 16.662 19.3541 16.5566 16.3395 9.96568 6.21254
threshold=0.75000000000000011 14.500000000000002 2.6500000000000008 0.0057850000000000011 1207.45 -13125.399999999998 -5457.0099999999993 1.0000000180025095e-35 16.393570385000004 10.500000000000002
decision_type=2 2 2 2 2 2 2 2 2 2
left_child=1 8 3 9 7 -6 -5 -4 -1 -2
right_child=2 -3 4 6 5 -7 -8 -9 -10 -11
leaf_value=-0.062654671597900197 -0.068537261695428481 0.036577366320628794 -0.012032803590693508 -0.021766088353436745 0.0092511680638366883 -0.0054113016086647881 0.028911824650073251 0.022377872365076344 0.0023861619197581923 -0.0014620813053933114
leaf_weight=13.405603986233478 5.2537361010909063 5.5805902183055869 28.688533797860146 10.909392513334749 174.40138881653547 800.0326990056783 84.576928362250328 84.077108174562454 4.3291146457195273 4.6558135785162449
leaf_count=69 25 5 108 34 412 2965 128 167 13 16
internal_value=-2.08872e-07 -0.0250812 0.000483668 0.016521 -0.00105953 -0.00276314 0.0228302 0.0134325 -0.0460511 -0.0405285
internal_weight=1215.91 23.3153 1192.6 105.396 1087.2 974.434 95.4863 112.766 17.7347 9.90955
internal_count=3942 87 3855 203 3652 3377 162 275 82 41
is_linear=0
shrinkage=0.04


Tree=132
num_leaves=13
num_cat=0
split_feature=8 11 11 20 5 18 21 16 5 5 11 21
split_gain=9.37943 21.5662 16.2742 35.5223 28.8177 17.3841 24.0569 16.4617 16.3351 13.497 11.5164 7.47495
threshold=0.0055000000000000005 275.92000000000007 96.845000000000013 13.500000000000002 56.935000000000009 0.081500000000000017 8.5000000000000018 15.500000000000002 56.845000000000006 57.165000000000006 493.99000000000007 7.5000000000000009
decision_type=2 2 2 2 2 2 2 2 2 2 2 2
left_child=1 9 5 4 -4 7 -7 -2 -5 -1 -3 -12
right_child=2 10 3 8 -6 6 -8 -9 -10 -11 11 -13
leaf_value=0.028791461442614963 -0.047728170422904115 0.068063590959161757 -0.044552043178770734 0.058174129003079916 -0.0081686971426652051 0.014103666933163964 -0.0011474891351843024 0.040883039152091898 0.0077461765620834575 -0.050991718003079008 -0.0080081484207994522 0.035308376414757307
leaf_weight=4.4331832975149146 18.411040795966986 10.785179100930689 40.137613888829947 14.343162879347799 267.57777001336217 235.41617463156581 547.50128925964236 3.433517485857009 38.092489909380674 9.3485210575163347 9.9396591484546679 14.107677809894083
leaf_count=8 243 12 302 12 1051 542 1529 3 97 74 45 24
internal_value=-9.05024e-07 0.0171055 -0.000738983 -0.00781338 -0.0130439 0.00240503 0.00341894 -0.0323021 0.0223372 -0.0238178 0.033971 0.0167909
internal_weight=1213.53 48.6142 1164.91 360.151 307.715 804.762 782.917 21.8446 52.4357 13.7817 34.8325 24.0473
internal_count=3942 163 3779 1462 1353 2317 2071 246 109 82 81 69
is_linear=0
shrinkage=0.04


Tree=133
num_leaves=11
num_cat=0
split_feature=22 20 22 5 2 1 1 14 24 10
split_gain=9.14391 18.0619 17.3731 22.9282 37.4933 15.2104 18.8884 14.9614 9.43324 7.58127
threshold=0.75000000000000011 14.500000000000002 2.6500000000000008 57.205000000000005 237.32000000000002 1207.45 1689.0400000000002 1.0000000180025095e-35 16.393570385000004 -561.70499999999993
decision_type=2 2 2 2 2 2 2 2 2 2
left_child=1 8 3 9 -5 7 -7 -4 -1 -2
right_child=2 -3 5 4 -6 6 -8 -9 -10 -11
leaf_value=-0.061222812490187739 0.0059764662726111443 0.034805842098187482 -0.011469513376893194 -0.035649672730114067 0.035256427463466265 -0.037152461003296326 -0.001717383756528989 0.021529684541561386 0.0021183035783936825 0.041496148047168911
leaf_weight=13.151778854429727 14.393278449773787 5.4152289777994147 28.588676288723946 26.636513106524944 20.690696641802788 24.286939486861229 946.96210317313671 83.161386549472809 4.3255892917513838 42.700631648302078
leaf_count=69 36 5 108 94 27 95 3282 167 13 46
internal_value=0 -0.0247811 0.00047216 0.0160251 -0.00418798 -0.00101567 -0.00264271 0.0128959 -0.0448107 0.0330186
internal_weight=1210.31 22.8926 1187.42 104.421 47.3272 1083 971.249 111.75 17.4774 57.0939
internal_count=3942 87 3855 203 121 3652 3377 275 82 82
is_linear=0
shrinkage=0.04


Tree=134
num_leaves=14
num_cat=0
split_feature=24 23 24 2 20 20 18 4 5 6 5 2 18
split_gain=9.16393 18.8097 18.5235 43.3524 28.532 18.4876 29.9522 18.4586 12.7855 10.6958 11.3461 9.13535 7.38201
threshold=0.020938225000000001 4.5000000000000009 0.054121440000000014 237.32000000000002 7.5000000000000009 3.5000000000000004 0.20166500000000004 6.1935000000000011 58.115000000000002 0.0043100000000000005 57.495000000000012 259.96000000000009 0.18028000000000002
decision_type=2 2 2 2 2 2 2 2 2 2 2 2 2
left_child=1 8 3 4 -2 7 -7 -4 12 -3 -11 -5 -1
right_child=2 9 5 11 -6 6 -8 -9 -10 10 -12 -13 -14
leaf_value=0 -0.046613362580047384 -0.02633610380349383 0.012304046902235981 0.044869520304167673 -0.00039067288288336305 -0.03246869760971588 -0.00037543366000949898 -0.029916177070605478 0.0053630799751789105 0.033916577741479069 0.0062464890170015244 0.0043059273532311294 -0.066704529154058292
leaf_weight=4.1792357992380884 59.859883356839418 7.4450569897890082 254.40787746571004 13.7966331243515 34.450647383928299 49.955731198191643 616.57579074800014 17.004111150279641 14.966630086302755 52.4256821423769 47.211844094097614 27.246850788593292 8.9196333736181241
leaf_count=32 269 32 942 14 79 367 1801 100 27 87 87 62 43
internal_value=0 0.00978264 -0.0012511 -0.0150623 -0.0300308 0.00072763 -0.0028333 0.00953523 -0.0187937 0.0175107 0.0211019 0.0187986 -0.0470481
internal_weight=1208.45 135.148 1073.3 135.354 94.3105 937.944 666.532 271.412 28.0655 107.083 99.6375 41.0435 13.0989
internal_count=3942 308 3634 424 348 3210 2168 1042 102 206 174 76 75
is_linear=0
shrinkage=0.04


Tree=135
num_leaves=11
num_cat=0
split_feature=21 4 21 21 18 21 14 4 20 4
split_gain=9.09179 20.3621 12.5816 18.7983 16.183 15.7408 13.1287 9.77013 9.72891 2.82248
threshold=170.50000000000003 1.3495000000000001 114.50000000000001 110.50000000000001 1.7709250000000003 100.50000000000001 1.0000000180025095e-35 0.21500000000000002 6.5000000000000009 0.69050000000000011
decision_type=2 2 2 2 2 2 2 2 2 2
left_child=2 9 3 5 6 -1 -4 -6 -3 -2
right_child=1 8 4 -5 7 -7 -8 -9 -10 -11
leaf_value=0.00016289662387052202 0.018216856946566815 0.016975811351391056 0.024758324998149152 0.040845168168978478 0.039712212963934027 -0.037396044840246653 -0.052859317107253945 -0.012085134253666294 -0.048891182986411395 0.045796980969844955
leaf_weight=1068.999925436452 15.126656040549276 5.1129594445228568 3.417658448219302 17.427262902259827 7.3322633318603065 17.643247671425343 22.821112792938948 22.039399787783623 8.3635406047105771 17.916315659880638
leaf_count=3473 30 10 4 29 12 79 167 72 51 15
internal_value=0 0.0172272 -0.000714651 0.000206392 -0.019196 -0.00044545 -0.0417276 0.000624165 -0.0227571 0.0342271
internal_weight=1206.2 46.5195 1159.68 1104.07 55.6104 1086.64 26.2388 29.3717 13.4765 33.043
internal_count=3942 106 3836 3581 255 3552 171 84 61 45
is_linear=0
shrinkage=0.04


Tree=136
num_leaves=9
num_cat=0
split_feature=15 2 12 21 24 24 18 18
split_gain=8.9962 9.68886 18.5716 25.0025 15.769 49.0707 25.9097 8.09529
threshold=0.7330000000000001 237.32000000000002 24.500000000000004 19.500000000000004 0.066341060000000021 0.022083955000000006 0.73354500000000011 0.18445000000000003
decision_type=2 2 2 2 2 2 2 2
left_child=1 4 3 -3 5 -1 -6 -4
right_child=-2 2 7 -5 6 -7 -8 -9
leaf_value=0.0057223262695954178 -0.044876965900808655 0.0072203679292339364 -0.0042866375945964695 -0.039794345699484888 -0.0044904731645507784 -0.032123177315184791 0.010533951163492096 0.033509312663184909
leaf_weight=124.00054477527738 6.6090057976543894 125.45362121239305 9.8357813581824285 20.625247117131948 472.81097444333136 96.607079457491636 298.96996140852571 49.535089947283268
leaf_count=286 33 316 21 92 2101 364 670 59
internal_value=0 0.000253149 0.00816268 0.000332695 -0.00136747 -0.0107954 0.00130679 0.0269302
internal_weight=1204.45 1197.84 205.45 146.079 992.389 220.608 771.781 59.3709
internal_count=3942 3909 488 408 3421 650 2771 80
is_linear=0
shrinkage=0.04


Tree=137
num_leaves=12
num_cat=0
split_feature=8 11 0 0 1 0 5 11 4 21 1
split_gain=9.1183 20.0222 14.9314 24.1886 15.9517 15.5156 12.0962 10.2682 8.26301 7.02939 6.62368
threshold=0.0055000000000000005 275.92000000000007 1.8855000000000002 1.6865000000000003 11982.170000000002 5.089500000000001 57.165000000000006 493.99000000000007 4.9540000000000015 7.5000000000000009 10616.270000000002
decision_type=2 2 2 2 2 2 2 2 2 2 2
left_child=1 6 3 4 -2 8 -1 -3 -4 -9 -7
right_child=2 7 5 -5 -6 10 -8 9 -10 -11 -12
leaf_value=0.027088696401495704 0.00084222011808848341 0.065308643372918349 -0.058532583038067465 0.042356640678100917 -0.015834969145854624 -0.018295993990747713 -0.050026083742720093 -0.0075228255358208177 0 0.034728340978520504 0.029288959281214801
leaf_weight=4.2289723753929129 993.30972721427679 10.806868761777876 17.716157905757431 20.801224410533905 100.48224115371704 9.5974896699190158 8.862303573638199 9.8041085600852984 4.730443760752677 13.876773670315741 8.0475284904241544
leaf_count=8 3296 12 90 27 306 36 74 45 13 24 11
internal_value=0 0.0170541 -0.000724215 0.000125733 -0.000678104 -0.024557 -0.0235635 0.0331602 -0.0462993 0.016615 0.00251334
internal_weight=1202.26 47.579 1154.68 1114.59 1093.79 40.0916 13.0913 34.4878 22.4466 23.6809 17.645
internal_count=3942 163 3779 3629 3602 150 82 81 103 69 47
is_linear=0
shrinkage=0.04


Tree=138
num_leaves=14
num_cat=0
split_feature=6 6 6 19 0 12 5 18 21 23 5 8 2
split_gain=8.95616 28.664 21.2942 40.6804 37.4692 23.3571 50.9803 21.088 40.2894 26.6486 19.5588 15.5029 10.3987
threshold=0.010130000000000002 0.012430000000000002 0.0055800000000000008 4.7500000000000009 0.41850000000000004 24.500000000000004 57.155000000000008 0.69803000000000004 19.500000000000004 20.500000000000004 57.165000000000006 0.87050000000000016 53.350000000000001
decision_type=2 2 2 2 2 2 2 2 2 2 2 2 2
left_child=2 10 3 11 -5 6 -4 8 -3 -9 -2 -1 -7
right_child=1 7 5 4 -6 12 -8 9 -10 -11 -12 -13 -14
leaf_value=-0.0015077083177350709 0.013429091275407597 0.0017463028322805905 0.040346677856616324 0.030310501026750779 -0.056398346888846096 -0.0040063738747505417 -0.040711940436431421 0.0013368474480503559 -0.021572281094243317 0.029088292751371606 -0.06867455302086943 0.03144750774051986 0.03521054047825644
leaf_weight=65.684780826792121 5.7069255560636547 361.20775781944394 21.876699931919575 9.7031533010303956 33.882539328187704 11.438070535659788 27.257990758866072 295.4954882375896 174.96937408111989 68.162987917661667 16.22379083558917 33.651348166167736 76.251092374324799
leaf_count=254 12 1431 33 18 174 24 148 704 807 102 84 62 89
internal_value=0 -0.00191461 0.00625057 -0.00443216 -0.0365165 0.0175306 -0.00417563 -0.000778191 -0.00583894 0.00662621 -0.0465944 0.00955754 0.0298746
internal_weight=1201.51 921.766 279.746 142.922 43.5857 136.824 49.1347 899.836 536.177 363.658 21.9307 99.3361 87.6892
internal_count=3942 3140 802 508 192 294 181 3044 2238 806 96 316 113
is_linear=0
shrinkage=0.04


Tree=139
num_leaves=13
num_cat=0
split_feature=24 21 24 24 18 24 24 5 16 6 0 14
split_gain=8.64858 21.8105 24.6117 19.195 24.8823 21.5436 15.7394 19.4962 13.8222 13.7656 9.77703 8.14524
threshold=15.010012340000001 6.5000000000000009 21.697062730000003 0.16220795000000002 0.081500000000000017 0.14221643500000003 0.22173855500000003 57.425000000000004 10.500000000000002 -0.0087199999999999969 0.94000000000000006 1.0000000180025095e-35
decision_type=2 2 2 2 2 2 2 2 2 2 2 2
left_child=3 11 9 4 8 -6 10 -8 -1 -3 -5 -2
right_child=1 2 -4 6 5 -7 7 -9 -10 -11 -12 -13
leaf_value=-0.044765218634014142 -0.0081095292241170746 0.022020808747425326 0.029134380177413176 0.036722058147081522 0.00040953297078920065 -0.062286792394530707 -0.0064351767729642186 0.026250816856662966 0.014019523172726946 -0.055371344395167672 0 0.037154534667170787
leaf_weight=30.765806846320629 10.814515382051468 3.5097414031624785 7.8958766460418692 49.818779312074184 890.08051426149905 8.3542585074901563 89.009551886469126 42.512055709958076 7.1949681155383578 30.249974939972162 14.611533157527445 12.782722599804401
leaf_count=451 33 10 9 70 2690 44 334 66 19 152 45 19
internal_value=0 -0.0141135 -0.0315441 0.00080841 -0.00155676 -0.000185532 0.0121879 0.00403791 -0.0330659 -0.0465377 0.0283571 0.0158424
internal_weight=1197.6 65.2528 41.6556 1132.35 936.396 898.435 195.952 131.522 37.9608 33.7597 64.4303 23.5972
internal_count=3942 223 171 3719 3204 2734 515 400 470 162 115 52
is_linear=0
shrinkage=0.04


Tree=140
num_leaves=7
num_cat=0
split_feature=11 4 4 22 22 21
split_gain=8.67124 10.3802 10.05 28.2738 23.1455 1.64722
threshold=-140281.28999999995 0.05050000000000001 0.18750000000000003 16.250000000000004 17.950000000000003 141.50000000000003
decision_type=2 2 2 2 2 2
left_child=-1 5 3 -3 -4 -2
right_child=1 2 4 -5 -6 -7
leaf_value=0.026534737458912473 -0.047340419134277861 -0.0089044901049965246 0.0020486793312929586 0.038921794760423241 -0.011906579936164919 0
leaf_weight=18.871588230133057 8.1892154179513437 40.454892542213202 842.95512362569571 37.004512347280979 244.6385805606842 2.2674585431814185
leaf_count=32 83 139 2477 66 1132 13
internal_value=0 -0.00044664 -6.49756e-05 0.01379 -0.001076 -0.0392018
internal_weight=1194.38 1175.51 1165.05 77.4594 1087.59 10.4567
internal_count=3942 3910 3814 205 3609 96
is_linear=0
shrinkage=0.04


Tree=141
num_leaves=13
num_cat=0
split_feature=8 11 11 20 5 10 18 21 16 5 11 21
split_gain=8.62332 18.504 13.7518 31.3894 27.631 15.5904 15.4478 21.506 15.037 11.4273 9.04503 6.51132
threshold=0.0055000000000000005 275.92000000000007 96.845000000000013 13.500000000000002 56.935000000000009 2128.1950000000002 0.081500000000000017 8.5000000000000018 15.500000000000002 57.165000000000006 493.99000000000007 7.5000000000000009
decision_type=2 2 2 2 2 2 2 2 2 2 2 2
left_child=1 9 6 4 -4 -5 8 -8 -2 -1 -3 -12
right_child=2 10 3 5 -6 -7 7 -9 -10 -11 11 -13
leaf_value=0.026359332124004899 -0.046993529687510138 0.062351099590300114 -0.043742063928501398 -0.0041536219532608328 -0.0074849139598754909 0.039376185159027272 0.013345789461780198 -0.0011871473072806015 0.039071272458697202 -0.049442647440581154 -0.0068791788187373259 0.033886131773342869
leaf_weight=4.145410642027854 17.221000686287883 10.790358856320379 38.609207494184375 21.392440930008888 263.22033410519361 30.521644029766321 231.45778908580542 540.44375991635025 3.3233490437269202 8.5249414779245836 9.7298711389303225 13.73598016053438
leaf_count=8 243 12 302 59 1051 50 542 1529 3 74 45 24
internal_value=0 0.0167043 -0.000701122 -0.00726636 -0.0122537 0.0211886 0.00220707 0.00315054 -0.0315234 -0.0230645 0.0321092 0.0163578
internal_weight=1193.12 46.9266 1146.19 353.744 301.83 51.9141 792.446 771.902 20.5443 12.6704 34.2562 23.4659
internal_count=3942 163 3779 1462 1353 109 2317 2071 246 82 81 69
is_linear=0
shrinkage=0.04


Tree=142
num_leaves=11
num_cat=0
split_feature=22 20 22 5 2 1 1 14 24 10
split_gain=8.74301 15.8447 15.8358 21.7928 32.7522 13.5852 16.7681 13.2443 8.50276 6.99559
threshold=0.75000000000000011 14.500000000000002 2.6500000000000008 57.205000000000005 237.32000000000002 1207.45 1689.0400000000002 1.0000000180025095e-35 16.393570385000004 -561.70499999999993
decision_type=2 2 2 2 2 2 2 2 2 2
left_child=1 8 3 9 -5 7 -7 -4 -1 -2
right_child=2 -3 5 4 -6 6 -8 -9 -10 -11
leaf_value=-0.059589593353723463 0.0059633981414577613 0.032268199884973842 -0.010735196962416083 -0.033621365291057546 0.033554846116346293 -0.035376909580554401 -0.0016297093536831717 0.020585980005037335 0.0013631679154942394 0.040482658612461461
leaf_weight=12.675848662853246 14.175275318324564 5.1629930585622779 28.086508378386497 26.498917616903782 19.758150942623615 23.762509137392044 932.8979256991297 81.154307402670383 4.1706655323505393 41.736301690340042
leaf_count=69 36 5 108 94 27 95 3282 167 13 46
internal_value=0 -0.0247025 0.000465461 0.0154806 -0.00444813 -0.000961597 -0.00250689 0.0123386 -0.0437423 0.0322159
internal_weight=1190.08 22.0095 1168.07 102.169 46.2571 1065.9 956.66 109.241 16.8465 55.9116
internal_count=3942 87 3855 203 121 3652 3377 275 82 82
is_linear=0
shrinkage=0.04


Tree=143
num_leaves=14
num_cat=0
split_feature=20 23 18 21 5 4 4 8 18 23 1 10 11
split_gain=8.40599 21.6708 25.1573 23.5197 17.9755 29.386 23.3419 28.795 25.3934 16.8351 10.6488 13.0455 2.73804
threshold=3.5000000000000004 1.0000000180025095e-35 2.5526250000000004 64.500000000000014 57.065000000000005 0.84300000000000008 0.84450000000000014 0.63250000000000017 1.5330200000000003 9.5000000000000018 5901.1000000000013 -16172.869999999997 -3618.3649999999993
decision_type=2 2 2 2 2 2 2 2 2 2 2 2 2
left_child=4 10 3 -3 5 12 7 -6 -8 -7 11 -2 -1
right_child=1 2 -4 -5 6 9 8 -9 -10 -11 -12 -13 -14
leaf_value=0 0.034052385335627267 -0.0078827368199115757 -0.067497330791266297 0.0076514830726050719 -0.029109811194870581 -0.0073886229690382065 -0.013393850389383911 0.024933236903995796 0.033943027589973633 0.042248192798353956 0.042480489982980582 -0.010137202963819446 -0.051468122439414662
leaf_weight=2.3045040443539619 17.293149098753929 529.29099908843637 9.4396936260163766 219.44029610231519 18.425789631903172 12.777463652193545 163.97038571536541 88.414524640887976 19.713127985596657 52.562099162489176 21.812294587492943 25.398664135485888 7.3824326097965223
leaf_count=16 25 1735 52 621 93 86 751 218 25 117 24 107 72
internal_value=0 -0.00225109 -0.00417076 -0.00330116 0.00503457 0.0224253 0.000443963 0.0153344 -0.00812666 0.0322553 0.0198633 0.00748658 -0.0402451
internal_weight=1188.23 822.675 758.171 748.731 365.55 75.0265 290.524 106.84 183.684 65.3396 64.5041 42.6918 9.68694
internal_count=3942 2564 2408 2356 1378 291 1087 311 776 203 156 132 88
is_linear=0
shrinkage=0.04


Tree=144
num_leaves=14
num_cat=0
split_feature=6 6 6 19 0 12 5 18 21 23 5 8 2
split_gain=8.4301 27.3611 20.1607 37.4772 33.9727 21.1476 45.7309 18.9463 36.9113 25.1037 17.1687 14.2177 9.80721
threshold=0.010130000000000002 0.012430000000000002 0.0055800000000000008 4.7500000000000009 0.41850000000000004 24.500000000000004 57.155000000000008 0.69803000000000004 19.500000000000004 20.500000000000004 57.165000000000006 0.87050000000000016 53.350000000000001
decision_type=2 2 2 2 2 2 2 2 2 2 2 2 2
left_child=2 10 3 11 -5 6 -4 8 -3 -9 -2 -1 -7
right_child=1 7 5 4 -6 12 -8 9 -10 -11 -12 -13 -14
leaf_value=-0.00157900065055721 0.011366955653092949 0.0017245892409800897 0.038858764420125771 0.028900388289450671 -0.05470581010104919 -0.0038765951323396718 -0.038908680224379516 0.0011496573783225865 -0.020725546964606458 0.028266588567130789 -0.066798970482970912 0.030163037698792989 0.034200951941389938
leaf_weight=64.65795224905014 5.4550758898258236 356.5858314409852 21.335913807153702 9.4278632812201959 33.094641968607903 11.438518136739729 26.50621909275651 292.99322701990604 172.99438543990254 67.169354379177094 15.889807745814322 33.299318477511406 75.220852121710777
leaf_count=254 12 1431 33 18 174 24 148 704 807 102 84 62 89
internal_value=0 -0.00186145 0.00612342 -0.00435734 -0.0355838 0.0171938 -0.0037702 -0.000752313 -0.00558395 0.00629452 -0.0461038 0.00910655 0.0289521
internal_weight=1186.07 911.088 274.981 140.48 42.5225 134.502 47.8421 889.743 529.58 360.163 21.3449 97.9573 86.6594
internal_count=3942 3140 802 508 192 294 181 3044 2238 806 96 316 113
is_linear=0
shrinkage=0.04


Tree=145
num_leaves=12
num_cat=0
split_feature=8 11 0 0 1 0 5 11 23 1 21
split_gain=8.39354 17.5459 12.4515 22.941 14.8278 14.1623 10.2056 8.36487 8.03951 5.90783 5.85988
threshold=0.0055000000000000005 275.92000000000007 1.8855000000000002 1.6865000000000003 11982.170000000002 5.089500000000001 57.165000000000006 493.99000000000007 20.500000000000004 10616.270000000002 7.5000000000000009
decision_type=2 2 2 2 2 2 2 2 2 2 2
left_child=1 6 3 4 -2 8 -1 -3 -4 -7 -9
right_child=2 7 5 -5 -6 9 -8 10 -10 -11 -12
leaf_value=0.024403989377080437 0.00078043875161610762 0.06059938598168705 -0.055704104511296093 0.041651234892189491 -0.015413647381192433 -0.01645867703873051 -0.048628924757044549 -0.0059198192450261745 0 0.02885611118779623 0.032825107053885569
leaf_weight=3.9492850452661505 977.45572717860341 10.77251600474119 17.473167631775144 20.360965736210346 99.057733245193958 9.3337710574269313 8.140742836520074 9.6280953846871871 4.4840007051825514 7.9013690948486319 13.623122543096541
leaf_count=8 3296 12 91 27 306 36 74 45 12 11 24
internal_value=0 0.0166289 -0.000689321 8.89138e-05 -0.000697589 -0.0227004 -0.023162 0.0314782 -0.0437104 0.00341582 0.0161523
internal_weight=1182.18 46.1138 1136.07 1096.87 1076.51 39.1923 12.09 34.0237 21.9572 17.2351 23.2512
internal_count=3942 163 3779 3629 3602 150 82 81 103 47 69
is_linear=0
shrinkage=0.04


Tree=146
num_leaves=6
num_cat=0
split_feature=11 4 23 23 21
split_gain=8.24616 9.73372 8.70591 31.2138 21.8855
threshold=-140281.28999999995 0.033000000000000008 2.5000000000000004 5.5000000000000009 13.500000000000002
decision_type=2 2 2 2 2
left_child=-1 -2 4 -4 -3
right_child=1 2 3 -5 -6
leaf_value=0.026090684627534402 -0.043396287644583462 -0.0048852457258587376 -0.020277644114741141 0.0010641629340219227 0.020366740736065911
leaf_weight=18.562865726649761 7.8786354381591073 113.82668691501021 126.06248751655221 811.39458555541933 103.67544474266469
leaf_count=32 85 408 484 2705 228
internal_value=0 -0.000432207 -0.000103163 -0.00179369 0.00707883
internal_weight=1181.4 1162.84 1154.96 937.457 217.502
internal_count=3942 3910 3825 3189 636
is_linear=0
shrinkage=0.04


Tree=147
num_leaves=11
num_cat=0
split_feature=1 1 14 22 20 0 3 5 23 22
split_gain=8.24507 18.5285 26.5588 23.8933 19.122 16.2632 13.137 11.6155 15.469 17.9001
threshold=25798.135000000006 11982.170000000002 1.0000000180025095e-35 15.350000000000003 18.500000000000004 1.8335000000000001 12745.705000000002 57.185000000000009 1.0000000180025095e-35 8.4500000000000011
decision_type=2 2 2 2 2 2 2 2 2 2
left_child=1 4 3 -3 5 -1 -4 -2 -9 -10
right_child=7 2 6 -5 -6 -7 -8 8 9 -11
leaf_value=0.0020166151727950958 0.036584652208229637 0.018394020107324899 -0.01663379241645634 -0.04497128408998681 -0.055226250490551257 -0.029206461573891555 -0.070077860511451304 0.039970995413193385 0.0082083210121748264 -0.061086649300284804
leaf_weight=1009.5926540289074 22.758247166872025 32.871381625533104 15.057748809456823 12.819925136864184 9.1999308466911298 26.865564774721861 17.639753729104996 10.202700216323136 14.84990741312504 8.9482018761336786
leaf_count=3387 33 63 47 69 41 120 80 15 34 53
internal_value=0 -0.000758647 -0.0194598 0 0.000632816 0.00117432 -0.0466896 0.0148017 0 -0.0177447
internal_weight=1180.81 1124.05 78.3888 45.6913 1045.66 1036.46 32.6975 56.7591 34.0008 23.7981
internal_count=3942 3807 259 132 3548 3507 127 135 102 87
is_linear=0
shrinkage=0.04


Tree=148
num_leaves=11
num_cat=0
split_feature=22 20 22 4 6 1 10 14 1 6
split_gain=8.12879 14.9245 14.595 20.2173 15.4223 13.0447 15.4463 12.209 7.69944 2.04223
threshold=0.75000000000000011 14.500000000000002 2.6500000000000008 0.53800000000000014 0.0057850000000000011 1207.45 -13125.399999999998 1.0000000180025095e-35 7781.0850000000009 0.0086300000000000005
decision_type=2 2 2 2 2 2 2 2 2 2
left_child=1 8 3 9 -5 7 -7 -4 -1 -2
right_child=2 -3 5 4 -6 6 -8 -9 -10 -11
leaf_value=-0.058442217197809114 -0.01079875495527082 0.031415136948995177 -0.010042886010616068 -0.031963363677533968 0.02516024921531216 0.0084346303648134835 -0.0048384225025977111 0.020136033432520368 0 -0.065331371419588738
leaf_weight=12.226824447512632 3.0893991962075225 5.076214835047721 27.854694452136755 7.5660394914448252 85.827729875221848 169.73874445259571 779.5976729337126 80.359369371086359 4.1146185249090186 4.108261376619339
leaf_count=69 11 5 108 31 130 412 2965 167 13 31
internal_value=0 -0.024141 0.000448169 0.0149803 0.020174 -0.000921617 -0.00244099 0.0121734 -0.0430065 -0.0467447
internal_weight=1179.56 21.4177 1158.14 100.591 93.3938 1057.55 949.336 108.214 16.3414 7.19766
internal_count=3942 87 3855 203 161 3652 3377 275 82 42
is_linear=0
shrinkage=0.04


Tree=149
num_leaves=12
num_cat=0
split_feature=6 6 18 18 20 18 21 18 5 5 12
split_gain=8.25199 25.5541 19.5998 30.932 20.3758 16.9286 34.6263 23.9098 15.5207 14.3095 23.639
threshold=0.010130000000000002 0.012430000000000002 0.66749000000000003 1.5330200000000003 11.500000000000002 0.69803000000000004 19.500000000000004 1.8876250000000001 57.165000000000006 57.055000000000007 24.500000000000004
decision_type=2 2 2 2 2 2 2 2 2 2 2
left_child=2 8 9 4 -4 6 -3 -7 -2 -1 -11
right_child=1 5 3 -5 -6 7 -8 -9 -10 10 -12
leaf_value=0.044681226675871398 0.0099425806006953731 0.0017265236064378507 -0.047172125318156254 0.042981325808458051 0.0093784824406756406 0.012102117595386534 -0.020086451753039147 -0.011276684783921149 -0.064976791180877305 -0.0036934877008882052 0.024177140836257209
leaf_weight=18.925702974200249 5.3461225032806423 355.23480368219316 31.560725342482328 11.206477612257002 13.951355934143065 264.0422100648284 171.66674014553428 93.932198610156775 15.532570403069256 111.22868576087058 84.604928731918335
leaf_count=20 12 1431 137 10 27 524 807 282 84 484 124
internal_value=0 -0.00184387 0.00610053 -0.0145701 -0.0294888 -0.000776388 -0.00535462 0.00590457 -0.0450738 0.0116738 0.00827635
internal_weight=1177.23 905.755 271.478 56.7186 45.5121 884.876 526.902 357.974 20.8787 214.759 195.834
internal_count=3942 3140 802 174 164 3044 2238 806 96 628 608
is_linear=0
shrinkage=0.04


Tree=150
num_leaves=12
num_cat=0
split_feature=5 5 18 21 18 20 22 4 19 5 10
split_gain=7.9978 43.8211 59.5508 34.1874 69.1879 31.0611 17.6675 15.8785 27.5529 26.7089 14.9472
threshold=56.875000000000007 56.915000000000006 0.25073000000000006 111.50000000000001 0.73354500000000011 2.5000000000000004 3.3500000000000001 0.84450000000000014 64.250000000000014 57.065000000000005 -6609.3049999999994
decision_type=2 2 2 2 2 2 2 2 2 2 2
left_child=3 2 5 4 6 -2 -1 8 -3 -9 -6
right_child=1 7 -4 -5 10 -7 -8 9 -10 -11 -12
leaf_value=0.021393482631363897 -0.049824407079665622 0.0091469554728343602 -0.063078625905365449 0.071866405417708917 0.046185186471125371 0.044821635153517086 -0.051194114725672091 0.017123538267729273 -0.041518895696364362 -0.0068816640954914299 0.005292865618711391
leaf_weight=5.6934886872768393 7.4561882019042995 399.39210207387805 39.709541084244847 12.252167075872419 33.89417690038681 17.24010331183672 32.435853155329823 86.394749404862523 17.335918758064508 495.47034394368529 26.804733999073505
leaf_count=14 84 1073 220 12 30 78 254 224 75 1816 62
internal_value=0 -0.00107713 -0.0329344 0.0101797 0.00200749 0.0150311 -0.0397009 0.000972994 0.00694409 -0.00327141 0.0286447
internal_weight=1174.08 1063 64.4058 111.08 98.8283 24.6963 38.1293 998.593 416.728 581.865 60.6989
internal_count=3942 3570 382 372 360 162 268 3188 1148 2040 92
is_linear=0
shrinkage=0.04


Tree=151
num_leaves=14
num_cat=0
split_feature=24 23 24 2 20 20 18 4 12 2 19 2 3
split_gain=8.15849 17.0793 14.9374 34.3867 25.2285 17.724 25.5273 16.7267 10.9565 9.93216 11.1002 7.99665 2.79707
threshold=0.020938225000000001 4.5000000000000009 0.054121440000000014 237.32000000000002 7.5000000000000009 3.5000000000000004 0.20166500000000004 6.1935000000000011 36.000000000000007 165.62000000000003 38.20000000000001 259.96000000000009 4082.4050000000002
decision_type=2 2 2 2 2 2 2 2 2 2 2 2 2
left_child=1 8 3 4 -2 7 -7 -4 -1 10 -3 -5 -11
right_child=2 9 5 11 -6 6 -8 -9 -10 12 -12 -13 -14
leaf_value=-0.053254186404743685 -0.043222672244026594 0.013399136584581393 0.012066446288056676 0.04221247243804311 0 -0.031011891424274091 -0.00064127681698089307 -0.029174172618731987 0 0.046072310881772063 -0.034375410683954485 0.0033075036944311201 0.020792511840480029
leaf_weight=8.952936779707672 57.769410137087107 57.168715368956327 245.41903183050454 13.016166925430296 34.185076147317886 47.463760750368237 599.17558761686087 16.087992068380117 18.246809065341949 17.037119783461094 8.3474055640399438 26.315262023359537 21.944131638854742
leaf_count=66 269 112 942 14 79 367 1801 100 36 18 35 62 41
internal_value=0 0.0093517 -0.00119795 -0.0137891 -0.0272182 0.000606862 -0.00292364 0.00940214 -0.0183018 0.016793 0.00679497 0.0170529 0.0327914
internal_weight=1171.13 131.697 1039.43 131.286 91.9545 908.146 646.639 261.507 27.1997 104.497 65.5161 39.3314 38.9813
internal_count=3942 308 3634 424 348 3210 2168 1042 102 206 147 76 59
is_linear=0
shrinkage=0.04


Tree=152
num_leaves=14
num_cat=0
split_feature=6 6 6 19 0 12 5 18 21 23 5 8 4
split_gain=8.01834 23.5301 18.3293 33.0102 31.6609 18.7966 40.7045 15.0148 31.315 23.3427 14.4247 12.9908 9.94269
threshold=0.010130000000000002 0.012430000000000002 0.0055800000000000008 4.7500000000000009 0.41850000000000004 24.500000000000004 57.155000000000008 0.69803000000000004 19.500000000000004 20.500000000000004 57.165000000000006 0.87050000000000016 1.276
decision_type=2 2 2 2 2 2 2 2 2 2 2 2 2
left_child=2 10 3 11 -5 6 -4 8 -3 -9 -2 -1 -7
right_child=1 7 5 4 -6 12 -8 9 -10 -11 -12 -13 -14
leaf_value=-0.0016304768065741313 0.0093356931478171968 0.0016075150772305224 0.03736580495003728 0.028460058941307251 -0.052720543480272095 0.036374741493477587 -0.037056263769779572 0.00054172732602025407 -0.019229851848084137 0.026927404352587933 -0.063180496881877962 0.028955164098492248 0.0047773591484781951
leaf_weight=63.617372179403901 5.3057972490787533 353.35741922818124 20.746734410524368 9.3600976020097715 32.059514980763197 61.335059463977814 25.709155663847923 289.94264436140656 169.76149022951722 65.805585652589798 15.194489594548939 32.728680700063705 23.763324275612831
leaf_count=254 12 1431 33 18 174 69 148 704 807 102 84 62 44
internal_value=0 -0.00182236 0.00603921 -0.00403814 -0.0337774 0.0167192 -0.00335021 -0.000798863 -0.00512829 0.00550958 -0.0436844 0.00864878 0.0278644
internal_weight=1168.69 899.367 269.32 137.766 41.4196 131.554 46.4559 878.867 523.119 355.748 20.5003 96.3461 85.0984
internal_count=3942 3140 802 508 192 294 181 3044 2238 806 96 316 113
is_linear=0
shrinkage=0.04


Tree=153
num_leaves=13
num_cat=0
split_feature=8 11 11 20 5 18 21 5 16 5 0 21
split_gain=8.01201 16.0371 11.3394 27.5335 25.3411 14.9258 18.4355 14.6297 12.6895 9.18384 7.59677 7.3098
threshold=0.0055000000000000005 275.92000000000007 96.845000000000013 13.500000000000002 56.935000000000009 0.081500000000000017 8.5000000000000018 56.845000000000006 15.500000000000002 57.165000000000006 1.5585000000000002 10.500000000000002
decision_type=2 2 2 2 2 2 2 2 2 2 2 2
left_child=1 9 5 4 -4 8 -7 -5 -2 -1 11 -3
right_child=2 10 3 7 -6 6 -8 -9 -10 -11 -12 -13
leaf_value=0.022852262756544874 -0.046493124520629245 -0.0090443097890102169 -0.042485596892544983 0.054454060398105575 -0.0069135099896582407 0.012465827438707958 -0.0011364985309425346 0.0061441212416106141 0.035224184671001482 -0.047826123115386511 0.055550353989961665 0.036148857455415781
leaf_weight=3.7914983034133893 16.360201373696331 9.9530657939612883 36.636360295116901 13.936528518795965 257.01378505304456 226.2723251208663 529.43618407100439 37.369051357731223 3.0392179191112509 7.6399216838181019 12.353310555219648 11.084478855133055
leaf_count=8 243 51 302 12 1051 542 1529 97 3 74 11 19
internal_value=0 0.016482 -0.000672759 -0.0067137 -0.0114842 0.00199252 0.00291538 0.0200519 -0.0321224 -0.0227325 0.0306345 0.0141253
internal_weight=1164.89 44.8223 1120.06 344.956 293.65 775.108 755.709 51.3056 19.3994 11.4314 33.3909 21.0375
internal_count=3942 163 3779 1462 1353 2317 2071 109 246 82 81 70
is_linear=0
shrinkage=0.04


Tree=154
num_leaves=12
num_cat=0
split_feature=5 5 18 21 18 20 22 22 22 24 10
split_gain=7.93876 40.0009 56.4653 32.3773 63.1887 29.0938 16.6982 14.9354 16.1154 15.1657 14.7275
threshold=56.875000000000007 56.915000000000006 0.25073000000000006 111.50000000000001 0.73354500000000011 2.5000000000000004 3.3500000000000001 0.75000000000000011 2.6500000000000008 18.565380695000005 -6609.3049999999994
decision_type=2 2 2 2 2 2 2 2 2 2 2
left_child=3 2 5 4 6 -2 -1 9 -9 -3 -6
right_child=1 7 -4 -5 10 -7 -8 8 -10 -11 -12
leaf_value=0.020692211003826452 -0.049570928364686247 -0.058268550091987462 -0.061845794024789277 0.070253746569985204 0.045076559976002725 0.043229412383312321 -0.050392492229136894 0.017100854732091452 -0.00012184694921179019 0.022883132394157832 0.0043108466336008993
leaf_weight=5.6288696452975264 7.143676862120631 12.45748968422413 38.522718252614141 12.236788630485533 33.379598036408424 17.310798771679401 30.945754040032625 95.724964402616024 877.4783201245591 4.4169646054506293 26.605307869613171
leaf_count=14 84 73 220 12 30 78 254 183 2924 8 62
internal_value=0 -0.00106904 -0.0318594 0.0102567 0.0021246 0.0148689 -0.0387815 0.000884384 0.00155956 -0.0358284 0.0275114
internal_weight=1161.85 1053.05 62.9772 108.796 96.5595 24.4545 36.5746 990.078 973.203 16.8745 59.9849
internal_count=3942 3570 382 372 360 162 268 3188 3107 81 92
is_linear=0
shrinkage=0.04


Tree=155
num_leaves=8
num_cat=0
split_feature=16 24 21 24 24 18 14
split_gain=7.94126 11.1124 25.164 24.4113 17.6218 25.3243 6.47809
threshold=21.000000000000004 15.010012340000001 6.5000000000000009 21.697062730000003 12.932435640000001 0.081500000000000017 1.0000000180025095e-35
decision_type=2 2 2 2 2 2 2
left_child=1 4 6 -4 5 -1 -3
right_child=-2 2 3 -5 -6 -7 -8
leaf_value=-0.028158126564506163 0.04554016385833326 -0.0061741873473384525 -0.053046031978645707 0.025467581658140923 0.037477287521948809 0.0013016089623779507 0.034820738251739043
leaf_weight=48.413089230656624 5.5931509733200064 10.325560510158539 30.087502203881741 7.2872055172920218 19.913250021636486 1024.8251349125057 12.303810104727745
leaf_count=579 6 33 160 9 33 3103 19
internal_value=0 -0.000245238 -0.0169447 -0.0370755 0.000660452 -2.11677e-05 0.0155214
internal_weight=1158.75 1153.16 60.0041 37.3747 1093.15 1073.24 22.6294
internal_count=3942 3936 221 169 3715 3682 52
is_linear=0
shrinkage=0.04


Tree=156
num_leaves=7
num_cat=0
split_feature=10 4 4 22 22 21
split_gain=7.85835 9.04955 11.4932 25.9721 17.7934 1.9113
threshold=-141488.20999999996 0.05050000000000001 0.17950000000000002 16.250000000000004 17.950000000000003 150.00000000000003
decision_type=2 2 2 2 2 2
left_child=-1 5 3 -3 -4 -2
right_child=1 2 4 -5 -6 -7
leaf_value=0.035279046900319772 -0.046495290096512217 -0.0074131337255680932 0.0017422776197579379 0.038932674579478202 -0.010580242936046633 0
leaf_weight=9.5133854374289495 7.6634761877357942 38.661114070564508 820.18828153423965 36.854187961667776 242.04497577250004 1.9409229233860967
leaf_count=17 85 136 2484 62 1147 11
internal_value=0 -0.000310389 6.74187e-06 0.0150495 -0.00105042 -0.0379988
internal_weight=1156.87 1147.35 1137.75 75.5153 1062.23 9.6044
internal_count=3942 3925 3829 198 3631 96
is_linear=0
shrinkage=0.04


Tree=157
num_leaves=6
num_cat=0
split_feature=5 2 2 4 8
split_gain=7.73993 11.0636 11.8916 29.6669 14.9465
threshold=58.275000000000013 10.135000000000002 48.020000000000003 1.8285000000000002 0.97750000000000015
decision_type=2 2 2 2 2
left_child=1 -1 3 -3 -4
right_child=-2 2 4 -5 -6
leaf_value=-0.051675630349355801 0.033155491475857855 0.022800478864733301 0.00081377926581261209 -0.039243614147719978 -0.012184271156630982
leaf_weight=6.1743600815534583 10.655036263167856 81.70132371224463 875.4234582008794 13.845725342631338 167.90875865891576
leaf_count=50 17 190 3100 74 511
internal_value=0 -0.000325415 -6.91446e-06 0.0134439 -0.00126374
internal_weight=1155.71 1145.05 1138.88 95.547 1043.33
internal_count=3942 3925 3875 264 3611
is_linear=0
shrinkage=0.04


Tree=158
num_leaves=13
num_cat=0
split_feature=6 6 5 1 8 2 18 8 5 1 4 19
split_gain=7.70944 22.0802 28.6321 26.0848 18.606 13.0012 18.9032 13.0801 6.61767 8.02537 13.9792 4.63316
threshold=0.029725000000000005 0.017130000000000003 57.235000000000007 10535.015000000001 0.94650000000000001 75.920000000000016 0.73354500000000011 0.49850000000000005 58.275000000000013 17401.995000000006 1.4470000000000003 1.5500000000000003
decision_type=2 2 2 2 2 2 2 2 2 2 2 2
left_child=1 5 3 -3 -4 7 -7 -1 9 10 -2 -11
right_child=8 2 4 -5 -6 6 -8 -9 -10 11 -12 -13
leaf_value=-0.013437930113761662 -0.0098882321749348013 0.023788331228495215 -0.018525412181801544 -0.064392345423709502 -0.068338131142866035 -0.0071334766919739665 0.0060536413888240964 0.018813260015607101 0.038133657752811738 0.040221099414469087 0.012143749130714452 0.0089570905796063967
leaf_weight=24.070889694616199 87.873448081314564 28.496459294110537 31.927888497710228 6.0350065752863875 20.989734925329685 422.40984364878386 293.80169112794101 99.332720838487148 9.8535111248493177 14.043531402945517 95.244348548352718 21.309632033109665
leaf_count=145 213 66 112 32 108 2098 701 215 12 15 186 39
internal_value=0 -0.00162529 -0.0206976 0.00710712 -0.0391127 0.000348496 -0.00169555 0.0123321 0.00657256 0.00497393 0.00146412 0.0223218
internal_weight=1155.39 927.064 87.4491 34.5315 52.9176 839.615 716.212 123.404 228.324 218.471 183.118 35.3532
internal_count=3942 3477 318 98 220 3159 2799 360 465 453 399 54
is_linear=0
shrinkage=0.04


Tree=159
num_leaves=14
num_cat=0
split_feature=24 23 24 2 21 20 18 0 12 2 19 2 3
split_gain=7.65969 15.706 13.8954 31.249 23.7866 16.1638 23.1205 15.7343 10.2086 9.70015 10.0097 7.45697 2.56993
threshold=0.020938225000000001 4.5000000000000009 0.054121440000000014 237.32000000000002 48.500000000000007 3.5000000000000004 0.20166500000000004 1.0115000000000001 36.000000000000007 165.62000000000003 30.400000000000002 259.96000000000009 4082.4050000000002
decision_type=2 2 2 2 2 2 2 2 2 2 2 2 2
left_child=1 8 3 4 -2 7 -7 -4 -1 10 -3 -5 -11
right_child=2 9 5 11 -6 6 -8 -9 -10 12 -12 -13 -14
leaf_value=-0.052297237074329594 -0.035556657173642273 0.013246149613996743 0.013807690809858829 0.040964780929225494 0.017677056343188263 -0.030015863600939722 -0.0006276471806471298 -0.011622390483469422 0 0.045279249779810932 -0.029798757755623208 0.002964035900724242 0.02059956646124049
leaf_weight=8.5549012944102305 75.443047791719437 54.928963245823979 209.4007537458092 12.648995742201803 15.449175678193567 45.825785396620631 591.80484799481928 46.541541881859303 18.148422107100487 16.638268828392029 9.5599715001881105 26.021701402962208 21.694530919194221
leaf_count=66 320 107 848 14 28 367 1801 194 36 18 40 62 41
internal_value=0 0.00914234 -0.00116433 -0.0133865 -0.0262423 0.000591946 -0.00279295 0.00909175 -0.0176051 0.0163339 0.00637717 0.0162687 0.0322718
internal_weight=1152.66 129.525 1023.14 129.563 90.8922 893.573 637.631 255.942 26.7033 102.822 64.4889 38.6707 38.3328
internal_count=3942 308 3634 424 348 3210 2168 1042 102 206 147 76 59
is_linear=0
shrinkage=0.04


Tree=160
num_leaves=13
num_cat=0
split_feature=8 11 11 10 10 0 10 10 5 11 3 8
split_gain=7.90504 14.7048 10.629 19.2534 29.3384 16.8494 21.4019 16.79 8.45572 7.12713 5.18378 2.00014
threshold=0.0055000000000000005 275.92000000000007 4585.3550000000005 1749.2100000000003 88.660000000000011 1.0425000000000002 7208.2600000000011 3013.1850000000004 57.165000000000006 493.99000000000007 11681.140000000001 0.95850000000000002
decision_type=2 2 2 2 2 2 2 2 2 2 2 2
left_child=1 8 3 4 -2 6 -4 -5 -1 -3 -11 -7
right_child=2 9 5 7 -6 11 -8 -9 -10 10 -12 -13
leaf_value=0.022092020371513619 0.0016993407194026728 0.057250564454684814 -0.032234997848411918 0.028011032617851601 -0.017803006730055325 -0.064398824338685878 0.010170606849083637 -0.0018830364828343997 -0.047062045227826498 -0.0027643545232062723 0.033883785202484529 -0.019682392043243842
leaf_weight=3.6498866826295835 746.03748821746558 10.547840937972067 30.24735489487648 70.545412745326757 147.14090018346906 9.8004899919033033 48.6755446549505 49.947259526699781 7.1792062986642122 10.879078380763533 11.331340141594408 4.3525945246219626
leaf_count=8 2340 12 163 175 721 50 147 163 74 45 24 20
internal_value=0 0.0166082 -0.000663461 0.000508032 -0.00149923 -0.0135702 -0.00593023 0.0154973 -0.0220423 0.0301257 0.0153865 -0.0531526
internal_weight=1150.33 43.5874 1106.75 1013.67 893.178 93.076 78.9229 120.493 10.8291 32.7583 22.2104 14.1531
internal_count=3942 163 3779 3399 3061 380 310 338 82 81 69 70
is_linear=0
shrinkage=0.04


Tree=161
num_leaves=12
num_cat=0
split_feature=5 5 21 20 21 18 22 21 4 19 5
split_gain=7.52136 37.0235 54.6457 36.2771 30.1382 57.9044 15.9276 14.273 14.1072 24.9753 23.3415
threshold=56.875000000000007 56.915000000000006 12.500000000000002 2.5000000000000004 111.50000000000001 0.73354500000000011 3.3500000000000001 78.500000000000014 0.84450000000000014 64.250000000000014 57.065000000000005
decision_type=2 2 2 2 2 2 2 2 2 2 2
left_child=4 2 3 -2 5 6 -1 -7 9 -3 -10
right_child=1 8 -4 -5 -6 7 -8 -9 10 -11 -12
leaf_value=0.020078039863593956 -0.052198015284212751 0.008611038415296219 -0.059530139927313305 0.052419415756429145 0.067947392052382566 0.037289619466359947 -0.049738456216127949 -0.0075052963446483271 0.016069223807607197 -0.040320361334084807 -0.0066129243178980751
leaf_weight=5.5870185121893874 7.3412466868758228 393.27762589603662 39.022116156294942 15.414291366934775 12.218092560768126 45.178969502449036 29.649016981944442 14.038103654980658 84.496364641003311 16.819485761225224 485.77422230504453
leaf_count=14 81 1073 242 59 12 53 254 39 224 75 1816
internal_value=0 -0.00104081 -0.0309555 0.0174118 0.0100871 0.00207353 -0.0379827 0.0263616 0.000838683 0.00650883 -0.00320596
internal_weight=1148.82 1042.15 61.7777 22.7555 106.671 94.4531 35.236 59.2171 980.368 410.097 570.271
internal_count=3942 3570 382 140 372 360 268 92 3188 1148 2040
is_linear=0
shrinkage=0.04


Tree=162
num_leaves=9
num_cat=0
split_feature=15 8 11 24 24 23 5 10
split_gain=7.39753 7.76656 14.2336 10.4329 14.7823 12.9399 8.11419 6.7119
threshold=0.7330000000000001 0.0055000000000000005 275.92000000000007 0.020938225000000001 0.083535725000000019 4.5000000000000009 57.165000000000006 462.55500000000006
decision_type=2 2 2 2 2 2 2 2
left_child=1 2 6 5 -5 -3 -1 -4
right_child=-2 3 7 4 -6 -7 -8 -9
leaf_value=0.021651503226826532 -0.041616047411477383 -0.014776914365883669 0.050067766075358289 -0.012703208084591824 0.0004040403835295788 0.017127145559971406 -0.046534688829186904 0.011255444542669742
leaf_weight=3.6200831681489927 6.2954023014754048 24.550467941910028 14.846422031521795 164.76992059126496 809.34823188651353 98.17897105962038 6.9704956654459238 17.182472348213196
leaf_count=8 33 81 18 507 2972 190 74 59
internal_value=0 0.000242663 0.0169054 -0.000393974 -0.00179788 0.0105488 -0.0214985 0.0303541
internal_weight=1145.76 1139.47 42.6195 1096.85 974.118 122.729 10.5906 32.0289
internal_count=3942 3909 159 3750 3479 271 82 77
is_linear=0
shrinkage=0.04


Tree=163
num_leaves=5
num_cat=0
split_feature=4 0 15 20
split_gain=7.36147 10.6046 12.2504 8.96265
threshold=84.881500000000003 0.13250000000000003 0.70150000000000012 3.5000000000000004
decision_type=2 2 2 2
left_child=1 -1 3 -3
right_child=-2 2 -4 -5
leaf_value=0.028300326279420029 -0.042275625824354755 0.0054999271232183946 -0.048580958490331422 -0.0022951492760122818
leaf_weight=20.661001801490784 6.0539971999824038 339.36609782185405 7.838346740230917 771.19254921749234
leaf_count=33 58 1328 42 2481
internal_value=0 0.000238573 -0.000274374 7.02836e-05
internal_weight=1145.11 1139.06 1118.4 1110.56
internal_count=3942 3884 3851 3809
is_linear=0
shrinkage=0.04


Tree=164
num_leaves=7
num_cat=0
split_feature=10 4 4 22 10 21
split_gain=7.2331 8.57916 9.97151 23.747 16.6791 1.84037
threshold=-141488.20999999996 0.05050000000000001 0.17950000000000002 16.250000000000004 -56385.104999999989 150.00000000000003
decision_type=2 2 2 2 2 2
left_child=-1 5 3 -3 -4 -2
right_child=1 2 4 -5 -6 -7
leaf_value=0.034254435745884861 -0.046144084842254171 -0.0074114634116675265 -0.043620763084568179 0.037094590569650081 -0.00036837198057674381 0
leaf_weight=9.2753186225891096 7.3778589731082302 38.424428623169661 13.985535986721514 36.414464801549911 1037.2048797961324 1.9486328586935995
leaf_count=17 85 136 55 62 3576 11
internal_value=0 -0.000301035 5.95497e-06 0.0140809 -0.000983304 -0.037515
internal_weight=1144.63 1135.36 1126.03 74.8389 1051.19 9.32649
internal_count=3942 3925 3829 198 3631 96
is_linear=0
shrinkage=0.04


Tree=165
num_leaves=14
num_cat=0
split_feature=6 6 1 4 16 4 22 1 5 4 0 1 19
split_gain=7.29473 20.7634 28.2161 14.9578 20.1094 14.9828 14.6351 5.98942 9.8682 14.3041 8.57649 5.77746 5.47052
threshold=0.029725000000000005 0.015205000000000002 1207.45 7.331500000000001 1.5000000000000002 5.5965000000000016 9.9500000000000011 17714.995000000006 58.095000000000006 1.9905000000000002 1.0045000000000002 773.5150000000001 1.5500000000000003
decision_type=2 2 2 2 2 2 2 2 2 2 2 2 2
left_child=1 3 11 5 -5 -1 -4 8 9 -2 -10 -3 -9
right_child=7 2 6 4 -6 -7 -8 12 10 -11 -12 -13 -14
leaf_value=0.00064098393462550549 -0.012735558589813579 4.8109321113822e-06 -0.040732388242606839 0.017350578183618685 -0.047360286286710615 0.030016847613407577 -0.0067273052969000924 0.041811703152527448 0.030336092248290637 0.012878860757771471 -0.0026635495212845063 0.043179825783531404 0.0071038108108450824
leaf_weight=746.17786211892962 81.74781896173954 10.773997917771341 54.343995455652475 10.773008201271294 22.061034701764584 28.44299678876996 34.950774248689413 13.328173249959944 33.642503991723061 59.743110828101635 18.188419356942177 10.473787531256674 19.547332853078842
leaf_count=2841 211 33 196 27 161 48 157 14 44 123 36 14 37
internal_value=0 -0.00159394 -0.0178176 0.000612017 -0.0255866 0.00176409 -0.0277568 0.00641805 0.00358248 -0.00177201 0.0184589 0.0227104 0.0221897
internal_weight=1144.19 917.997 110.543 807.455 32.834 774.621 89.2948 226.197 193.322 141.491 51.8309 21.2478 32.8755
internal_count=3942 3477 400 3077 188 2889 353 465 414 334 80 47 51
is_linear=0
shrinkage=0.04


Tree=166
num_leaves=14
num_cat=0
split_feature=23 23 5 0 10 20 5 8 18 5 4 22 20
split_gain=7.26133 29.7743 57.3378 20.8297 20.5354 19.8478 30.2082 20.4399 19.6676 22.8465 16.3652 14.1389 7.61597
threshold=2.5000000000000004 5.5000000000000009 57.295000000000009 1.0085000000000002 -3623.7149999999997 9.5000000000000018 56.955000000000005 0.70950000000000013 2.5526250000000004 57.065000000000005 0.79100000000000015 9.8500000000000032 11.500000000000002
decision_type=2 2 2 2 2 2 2 2 2 2 2 2 2
left_child=5 2 3 -2 -4 6 -1 -8 9 -3 12 -12 -7
right_child=1 8 4 -5 -6 10 7 -9 -10 -11 11 -13 -14
leaf_value=-0.063280839641610576 -0.057695730171368816 0.012916531341518052 -0.037545972801627484 0.0037556152246258413 0.018187657332347278 0.055541329156017588 -0.028773001339394044 0.011473534484520513 -0.063063200928886093 -0.0022402373386853011 0.014211912861837385 -0.048748990709692019 0.0212528552828481
leaf_weight=11.505879316478966 50.788008186966181 218.29349564854056 12.694334566593168 9.8627907261252385 50.89224623516202 20.841901049017906 24.77120759524405 98.077905433252454 7.0166551191359749 578.59324160031974 24.350262641906742 6.9072275310754767 27.792303517460823
leaf_count=74 326 753 41 43 98 18 119 296 44 1984 43 46 57
internal_value=0 -0.00153574 -0.0197284 -0.0474267 0.00654287 0.0066259 -0.00263864 0.00311237 0.00126146 0.00189211 0.0223745 0 0.0367697
internal_weight=1142.39 928.141 124.237 60.6508 63.5866 214.247 134.355 122.849 803.903 796.887 79.8917 31.2575 48.6342
internal_count=3942 3289 508 369 139 653 489 415 2781 2737 164 89 75
is_linear=0
shrinkage=0.04


Tree=167
num_leaves=14
num_cat=0
split_feature=6 6 6 19 0 12 5 2 21 2 5 8 14
split_gain=7.16061 22.3072 17.8463 29.4784 28.1964 16.4466 36.5301 12.6178 26.5742 21.8625 12.3269 11.4859 9.61197
threshold=0.010130000000000002 0.012430000000000002 0.0055800000000000008 4.7500000000000009 0.41850000000000004 24.500000000000004 57.155000000000008 54.795000000000009 8.5000000000000018 80.88000000000001 57.165000000000006 0.87050000000000016 1.0000000180025095e-35
decision_type=2 2 2 2 2 2 2 2 2 2 2 2 2
left_child=2 10 3 11 -5 6 -4 8 -3 -9 -2 -1 -7
right_child=1 7 5 4 -6 12 -8 9 -10 -11 -12 -13 -14
leaf_value=-0.0020046599277873732 0.0067520549650728831 0.036289144305453144 0.036276598333741528 0.026999372443716585 -0.051017836264256856 0.036044359469395826 -0.035425670038922281 -0.038263033764065833 -0.022072370666840598 -0.00081230152784506364 -0.061448315261898666 0.02712269729013099 0.0057628035001411424
leaf_weight=61.813079836778343 5.0586481690406826 38.242855727672577 20.151283942162991 8.9700496159493905 31.065438389778137 57.469506427645683 24.683618672192097 25.33037256076932 17.56831393763423 776.66422915551811 14.689856966957448 31.922898136079311 26.290904313325882
leaf_count=254 12 57 33 18 174 63 148 96 58 2833 84 62 50
internal_value=0 -0.00174063 0.00578484 -0.00432136 -0.0329271 0.0164288 -0.00271288 -0.000736923 0.01753 -0.00204318 -0.0432555 0.00779405 0.0268675
internal_weight=1139.92 877.554 262.367 133.771 40.0355 128.595 44.8349 857.806 55.8112 801.995 19.7485 93.736 83.7604
internal_count=3942 3140 802 508 192 294 181 3044 115 2929 96 316 113
is_linear=0
shrinkage=0.04


Tree=168
num_leaves=12
num_cat=0
split_feature=8 0 0 11 11 22 0 10 4 19 23
split_gain=7.21622 13.2195 18.6683 9.68607 18.7728 16.0246 15.54 19.3896 2.61221 2.49257 2.13106
threshold=0.0055000000000000005 1.5585000000000002 0.90650000000000019 4585.3550000000005 4158.0500000000002 22.450000000000003 1.0425000000000002 7208.2600000000011 0.48900000000000005 -1.0000000180025095e-35 8.5000000000000018
decision_type=2 2 2 2 2 2 2 2 2 2 2
left_child=1 2 10 4 5 -2 7 -5 -8 -4 -1
right_child=3 -3 9 6 -6 -7 8 -9 -10 -11 -12
leaf_value=0.038483981577556656 0.0016065646075967353 0.050022506791189303 -0.048075833581972399 -0.031011697851860115 0.040239919310489931 -0.014123096301588122 -0.011344209649280486 0.0096729584389529284 -0.062031103367864555 0 0.0078107255893389719
leaf_weight=9.8562523443251902 867.76981791201979 12.380609052255748 8.7435037232935411 29.664219312369823 18.156093776226044 117.11511931009591 3.4464534223079673 48.101751714944839 10.339900515973566 2.301525902003049 9.1173088960349542
leaf_count=16 2806 19 84 163 30 563 11 147 59 13 31
internal_value=0 0.0160864 0.000844514 -0.000637334 0.000482852 -0.000249809 -0.0130632 -0.00568984 -0.0516003 -0.0387954 0.0253507
internal_weight=1136.99 42.3992 30.0186 1094.59 1003.04 984.885 91.5523 77.766 13.7864 11.045 18.9736
internal_count=3942 163 144 3779 3399 3369 380 310 70 97 47
is_linear=0
shrinkage=0.04


Tree=169
num_leaves=7
num_cat=0
split_feature=10 4 4 22 22 21
split_gain=6.94445 7.88497 9.56017 21.5994 15.6573 1.76018
threshold=-141488.20999999996 0.05050000000000001 0.17950000000000002 16.250000000000004 17.950000000000003 150.00000000000003
decision_type=2 2 2 2 2 2
left_child=-1 5 3 -3 -4 -2
right_child=1 2 4 -5 -6 -7
leaf_value=0.033713516550149314 -0.045551851363206886 -0.0067186431017267102 0.0016514621029782737 0.035842686232402755 -0.010039361697910068 0
leaf_weight=9.1885145679116231 6.9851123010739666 38.182648397982121 806.90012064762414 36.168165624141693 236.14604429900646 1.9441800117492674
leaf_count=17 85 136 2484 62 1147 11
internal_value=0 -0.000296631 0 0.0138194 -0.000979721 -0.0367215
internal_weight=1135.51 1126.33 1117.4 74.3508 1043.05 8.92929
internal_count=3942 3925 3829 198 3631 96
is_linear=0
shrinkage=0.04


Tree=170
num_leaves=8
num_cat=0
split_feature=6 6 24 19 19 6 5
split_gain=6.94297 20.6632 18.0305 14.1222 11.022 23.1996 18.5175
threshold=0.086185000000000025 0.064330000000000012 0.069800625000000019 3.7500000000000004 4.7500000000000009 0.0055800000000000008 57.055000000000007
decision_type=2 2 2 2 2 2 2
left_child=1 4 -3 -2 6 -6 -1
right_child=3 2 -4 -5 5 -7 -8
leaf_value=0.038745134711840525 -0.022110438630362519 -0.0057802840647978972 -0.091880552279670152 0.033458816108869714 -0.032025299319750587 -0.00068420901958011842 0.003521449071084563
leaf_weight=26.137226581573486 9.4196047484874708 9.6092410460114497 6.8335341811180106 24.96284693479538 39.361212072893977 763.22108500637114 254.86624561529607
leaf_count=31 26 22 34 38 192 2824 775
internal_value=0 -0.000563396 -0.0443991 0.0175627 0.000103507 -0.00226516 0.00693179
internal_weight=1134.41 1100.03 16.4428 34.3825 1083.59 802.582 281.003
internal_count=3942 3878 56 64 3822 3016 806
is_linear=0
shrinkage=0.04


Tree=171
num_leaves=11
num_cat=0
split_feature=22 22 5 2 10 6 6 22 11 11
split_gain=6.76225 12.1032 18.1216 28.1847 11.7418 11.1259 26.7135 26.6763 6.14528 5.30406
threshold=0.75000000000000011 2.6500000000000008 57.205000000000005 237.32000000000002 4975.0350000000008 0.009955000000000002 0.012430000000000002 4.4500000000000011 -113.33499999999999 -103100.20499999999
decision_type=2 2 2 2 2 2 2 2 2 2
left_child=4 2 8 -4 9 7 -7 -3 -2 -1
right_child=1 5 3 -5 -6 6 -8 -9 -10 -11
leaf_value=0 0.03802632429769591 -0.051825363289835988 -0.031913463454629462 0.031942415447883329 0.02300314586920725 -0.051345675122330958 -0.0019852352373465917 0.010043844140807716 0.0049784994106758405 -0.057174824324506351
leaf_weight=3.9791738688945779 38.462438395246863 11.175239287316797 25.58078483864665 18.570148527622223 5.4695013090968123 17.507210047915578 769.85504413675517 218.70698683429509 13.834832563996313 10.130452321842313
leaf_count=11 48 55 94 27 17 96 2846 655 34 59
internal_value=0 0.000406089 0.0139227 -0.00455044 -0.0230151 -0.000862025 -0.00314005 0.00684344 0.0297925 -0.0423995
internal_weight=1133.27 1113.69 96.4482 44.1509 19.5791 1017.24 787.362 229.882 52.2973 14.1096
internal_count=3942 3855 203 121 87 3652 2942 710 82 70
is_linear=0
shrinkage=0.04


Tree=172
num_leaves=13
num_cat=0
split_feature=6 6 20 20 23 23 19 3 6 18 16 2
split_gain=6.7925 19.287 11.6073 20.1136 6.65026 5.88427 7.81329 29.6125 10.3853 3.62963 3.50355 11.2129
threshold=0.029725000000000005 0.026475000000000002 17.500000000000004 14.500000000000002 6.5000000000000009 17.500000000000004 0.15000000000000005 6315.4400000000014 0.086185000000000025 0.17637000000000003 5.5000000000000009 223.49500000000003
decision_type=2 2 2 2 2 2 2 2 2 2 2 2
left_child=1 2 3 -1 -4 6 7 -2 -8 -3 11 -7
right_child=5 9 4 -5 -6 10 8 -9 -10 -11 -12 -13
leaf_value=-0.0018616761966073828 -0.069393538651604261 -0.014771180343508628 -0.062102951116957315 0.022391178679477194 -0.0068102785231624685 -0.01875541791078297 0.001364180895972052 0.011920444200848607 0.028866805428619718 -0.071325349566935162 0.032628296283997008 0.030388957634311965
leaf_weight=823.47390564810485 10.236410439014437 4.2075915560126287 7.1296814233064643 58.08473951369524 8.3723492771387082 12.259982585906984 118.7918436229229 20.377234354615211 26.996121361851692 6.801690548658371 18.407304704189301 16.532938420772552
leaf_count=3250 44 21 34 117 26 31 253 43 44 29 26 24
internal_value=0 -0.00154834 -0.000865056 -0.000229227 -0.0346362 0.00622707 0.00271501 -0.0153043 0.00667492 -0.0530296 0.0187674 0.00881764
internal_weight=1131.67 908.07 897.061 881.559 15.502 223.602 176.402 30.6136 145.788 11.0093 47.2002 28.7929
internal_count=3942 3477 3427 3367 60 465 384 87 297 50 81 55
is_linear=0
shrinkage=0.04


Tree=173
num_leaves=11
num_cat=0
split_feature=21 4 21 21 18 21 14 20 11 4
split_gain=6.77162 18.3423 11.3484 16.552 14.0585 12.9871 12.0308 9.40426 9.37344 3.31924
threshold=170.50000000000003 1.3495000000000001 114.50000000000001 110.50000000000001 1.7709250000000003 82.500000000000014 1.0000000180025095e-35 6.5000000000000009 -75102.979999999996 0.69050000000000011
decision_type=2 2 2 2 2 2 2 2 2 2
left_child=2 9 3 5 6 -1 -4 -3 -6 -2
right_child=1 7 4 -5 8 -7 -8 -9 -10 -11
leaf_value=0.00066507164697494068 0.014360998719924772 0.016860233014001191 0.023379586371725179 0.03898096594460488 0.030760503191190156 -0.019589156682355655 -0.052292954556849777 -0.048837521934494532 -0.01669832354537891 0.044585539801594756
leaf_weight=964.99877143185586 13.354023538529875 4.9330334067344657 3.296741500496867 16.880749478936195 10.008899807929994 52.915239699184895 20.779913282953203 8.1273920089006406 17.625153604894876 17.16858933866024
leaf_count=3341 30 10 4 29 15 211 167 51 69 15
internal_value=0 0.015357 -0.000634899 0.000263968 -0.0188357 -0.000377286 -0.0408527 -0.0228413 2.1304e-05 0.0324512
internal_weight=1130.09 43.583 1086.51 1034.79 51.7107 1017.91 24.0767 13.0604 27.6341 30.5226
internal_count=3942 106 3836 3581 255 3552 171 61 84 45
is_linear=0
shrinkage=0.04


Tree=174
num_leaves=14
num_cat=0
split_feature=23 23 5 0 1 18 5 21 9 21 18 5 5
split_gain=6.77337 27.7977 52.6906 19.5764 19.5591 18.0987 20.3389 18.0958 33.9111 23.0415 17.2414 14.9822 13.7701
threshold=2.5000000000000004 5.5000000000000009 57.295000000000009 1.0085000000000002 5998.4750000000013 2.5526250000000004 57.065000000000005 13.500000000000002 1.0000000180025095e-35 15.500000000000002 0.58502000000000021 57.215000000000011 57.265000000000008
decision_type=2 2 2 2 2 2 2 2 2 2 2 2 2
left_child=7 2 3 -2 -4 6 -3 8 10 -9 -1 -11 -10
right_child=1 5 4 -5 -6 -7 -8 9 12 11 -12 -13 -14
leaf_value=-0.013381731805142287 -0.056458946423465148 0.01225277165414777 0.016304760493807309 0.003499803351107274 -0.04268845968034185 -0.06124297907451761 -0.0021114790820075443 0.049335574698806894 0.036337829710518091 -0.01706208564475574 -0.067871659037560053 0.020179504447632859 -0.0067060289740033877
leaf_weight=50.310119267553091 49.248227658681571 216.4576904559508 52.203659813851118 9.7450701296329481 10.246895141899584 6.8394685145467511 572.52193140238523 27.943542033433914 30.540773959830403 26.389056339859962 11.507658548653124 46.553782355040312 17.933697000145912
leaf_count=259 326 753 99 43 40 44 1984 33 55 97 56 102 51
internal_value=0 -0.00149647 -0.0192902 -0.046272 0.00604525 0.00120419 0.0018093 0.00644112 -0.00460835 0.0186812 -0.0243094 0.00640959 0.020099
internal_weight=1128.44 917.263 121.444 58.9933 62.4506 795.819 788.98 211.179 110.292 100.886 61.8178 72.9428 48.4745
internal_count=3942 3289 508 369 139 2781 2737 653 421 232 315 199 106
is_linear=0
shrinkage=0.04


Tree=175
num_leaves=14
num_cat=0
split_feature=24 6 14 5 24 24 8 2 20 18 4 4 0
split_gain=6.78165 14.2034 11.8089 23.9205 15.6792 11.3633 27.9164 25.3401 13.6985 21.3347 14.5105 9.70856 6.85447
threshold=0.020938225000000001 0.0043100000000000005 1.0000000180025095e-35 57.405000000000008 0.014187635000000002 0.054121440000000014 0.99950000000000017 244.07000000000002 3.5000000000000004 0.20166500000000004 6.1935000000000011 5.3210000000000006 0.87450000000000017
decision_type=2 2 2 2 2 2 2 2 2 2 2 2 2
left_child=1 12 4 -4 -3 6 7 -2 10 -10 -7 -8 -1
right_child=5 2 3 -5 -6 8 11 -9 9 -11 -12 -13 -14
leaf_value=0.0059086718626288484 -0.016070756784294132 -0.010870975732581636 0.029274506721982695 -0.017192029894931828 0.0422687329830621 0.010933268077600039 -0.058376238075342403 0.027113149404509956 -0.029236858730734082 -0.00056327787892678893 -0.028765075056799896 -0.00072146737937207688 -0.058054660560909965
leaf_weight=3.3200802356004697 65.470670936629176 11.013087119907139 30.293281771242619 41.026550024747849 33.844414383172989 234.67118408996612 22.724591653794054 31.84594140201807 44.375282905995846 579.24591844528913 14.998375874012707 6.7553252577781668 6.6299349553883076
leaf_count=11 252 50 63 105 36 942 102 54 367 1801 100 16 43
internal_value=0 0.00870834 0.0128051 0.00233268 0.0288053 -0.00111673 -0.0122878 -0.00166841 0.000488455 -0.00265745 0.0084158 -0.0460641 -0.0355363
internal_weight=1126.21 126.127 116.177 71.3198 44.8575 1000.09 126.797 97.3166 873.291 623.621 249.67 29.4799 9.95002
internal_count=3942 308 254 168 86 3634 424 306 3210 2168 1042 118 54
is_linear=0
shrinkage=0.04


Tree=176
num_leaves=12
num_cat=0
split_feature=8 6 2 11 20 5 18 18 21 16 24
split_gain=6.54124 12.0971 12.449 9.58782 22.321 22.2402 13.3569 14.7031 13.2803 10.8627 4.7372
threshold=0.0055000000000000005 -0.0052349999999999992 80.88000000000001 96.845000000000013 13.500000000000002 56.935000000000009 0.081500000000000017 0.093780000000000016 20.500000000000004 15.500000000000002 0.089979665000000014
decision_type=2 2 2 2 2 2 2 2 2 2 2
left_child=1 -1 -3 6 5 -5 9 -8 -6 -2 -4
right_child=3 2 10 4 8 -7 7 -9 -10 -11 -12
leaf_value=0.038959276632566521 -0.045551360648966845 -0.048959801058045982 -0.013665293982985389 -0.041002328781437399 0.046256267561313708 -0.0064079683457416905 0.051810233088544488 0.002054213655766076 0.0024086495297444169 0.032595693233583078 0.029398583779490478
leaf_weight=18.700728386640549 15.103748069144787 6.4620516421273377 5.2161953262984779 33.772884343750775 17.077435716986656 249.17032710276544 9.175811938941477 722.64348352700472 32.809079971164465 2.7949143499135962 11.079000473022459
leaf_count=35 243 76 30 302 20 1051 58 2013 89 3 22
internal_value=0 0.0154793 -0.00337821 -0.000617171 -0.00627562 -0.0106729 0.00187069 0.00274033 0.0181258 -0.0317073 0.0144263
internal_weight=1124.01 41.458 22.7572 1082.55 332.83 282.943 749.718 731.819 49.8865 17.8987 16.2952
internal_count=3942 163 128 3779 1462 1353 2317 2071 109 246 52
is_linear=0
shrinkage=0.04


Tree=177
num_leaves=11
num_cat=0
split_feature=22 22 5 2 20 1 1 14 1 11
split_gain=6.57957 11.5939 16.8088 25.7014 10.9163 10.5193 12.8087 10.1627 6.24738 5.96689
threshold=0.75000000000000011 2.6500000000000008 57.205000000000005 237.32000000000002 14.500000000000002 1207.45 1689.0400000000002 1.0000000180025095e-35 7781.0850000000009 -113.33499999999999
decision_type=2 2 2 2 2 2 2 2 2 2
left_child=4 2 9 -4 8 7 -7 -3 -1 -2
right_child=1 5 3 -5 -6 6 -8 -9 -10 -11
leaf_value=-0.054406318746979938 0.037353228202861417 -0.0096583302625475077 -0.030065479874976809 0.031238959108342072 0.026641445872817304 -0.032020091781721362 -0.001461675357842707 0.018655035518171454 0.00095022522435559765 0.0045705952575022151
leaf_weight=11.066741162911059 37.766327789053321 26.165777649730444 25.630740839987993 18.196685750037432 4.5390414744615546 22.109074719250202 882.97343973629177 76.395012684166431 3.5522210299968711 13.673408612608908
leaf_count=69 48 108 94 27 5 95 3282 167 13 34
internal_value=0 0.000393525 0.013706 -0.00409607 -0.0229528 -0.00085143 -0.0022475 0.0112257 -0.040046 0.0291521
internal_weight=1122.07 1102.91 95.2672 43.8274 19.158 1007.64 905.083 102.561 14.619 51.4397
internal_count=3942 3855 203 121 87 3652 3377 275 82 82
is_linear=0
shrinkage=0.04


Tree=178
num_leaves=10
num_cat=0
split_feature=23 18 10 18 21 18 11 5 8
split_gain=6.582 25.7535 20.6756 16.3779 23.2918 19.4274 11.4514 9.23113 4.07877
threshold=1.0000000180025095e-35 2.5526250000000004 88.660000000000011 1.7255800000000001 17.500000000000004 1.6150750000000003 3403.1100000000001 57.215000000000011 0.80550000000000022
decision_type=2 2 2 2 2 2 2 2 2
left_child=2 3 7 5 -5 -2 -4 -1 -9
right_child=1 -3 6 4 -6 -7 -8 8 -10
leaf_value=-0.011203041608436224 -0.0015616807592288957 -0.062745015991557046 -0.050772353618383406 0.039565334052502933 0.0019177865311791064 -0.065635806639817426 0.0089942347063665367 0.0042942562681487773 0.035143148283351307
leaf_weight=9.7465814501047117 894.89375404920429 10.15318047441542 10.846598265692593 37.247419334948063 90.97247152030468 7.1573813855648032 8.2451378405094129 10.24411219358444 40.802324409596622
leaf_count=39 3294 59 88 49 238 41 31 27 76
internal_value=0 -0.000865037 0.0110145 -0.000205675 0.0131208 -0.00212832 -0.0243693 0.0225611 0.029442
internal_weight=1120.31 1040.42 79.8848 1030.27 128.22 902.051 19.0917 60.793 51.0464
internal_count=3942 3681 261 3622 287 3335 119 142 103
is_linear=0
shrinkage=0.04


Tree=179
num_leaves=15
num_cat=0
split_feature=23 18 2 4 18 10 6 6 6 6 22 16 12 5
split_gain=6.67051 22.8338 25.3827 25.6937 16.7402 26.6111 11.781 19.5708 18.0083 21.6725 16.6716 15.8047 9.75574 8.44659
threshold=20.500000000000004 0.48500000000000004 241.31000000000003 0.17950000000000002 0.93500500000000009 23.905000000000005 0.010130000000000002 0.012960000000000001 0.0055800000000000008 0.0016350000000000002 3.0500000000000003 10.500000000000002 24.500000000000004 57.355000000000011
decision_type=2 2 2 2 2 2 2 2 2 2 2 2 2 2
left_child=6 2 3 -2 13 -6 8 11 9 -1 -9 -8 -10 -3
right_child=1 4 -4 -5 5 -7 7 10 12 -11 -12 -13 -14 -15
leaf_value=0.0043927029694620498 0.042193047363882741 0.034824259288848074 0.027509194933743483 -0.050195412118309114 0.020371003563894475 -0.070655242831501319 -0.053969399098334848 0.01305175995268126 0.0012581597089674241 -0.037241746789621381 -0.0048608410733931712 0.02659320735782458 0.026169454583830593 0
leaf_weight=93.745039926841855 5.197283409535884 60.280819803476334 14.918729096651075 27.166763795539737 14.01547569781542 7.3435475453734389 19.779341567307714 95.031109707430005 40.146541643887758 24.742455984465778 622.84169076662511 4.1354231089353553 75.983321398496628 13.460511349141596
leaf_count=324 11 94 26 248 25 38 117 212 159 147 2401 6 104 30
internal_value=0 0.00805774 -0.014319 -0.0343341 0.0194091 -0.0109105 -0.00119533 -0.00368362 0.00657792 -0.00425324 -0.00245432 -0.0389597 0.0177713 0.0284748
internal_weight=1118.79 142.383 47.2828 32.364 95.1004 21.359 976.405 741.788 234.617 118.487 717.873 23.9148 116.13 73.7413
internal_count=3942 472 285 259 187 63 3470 2736 734 471 2613 123 263 124
is_linear=0
shrinkage=0.04


Tree=180
num_leaves=12
num_cat=0
split_feature=5 5 21 20 21 18 22 10 22 22 1
split_gain=6.51576 30.2817 49.5858 33.295 26.788 53.8139 14.6675 14.0876 12.2166 13.0508 12.1177
threshold=56.875000000000007 56.915000000000006 12.500000000000002 2.5000000000000004 111.50000000000001 0.73354500000000011 3.3500000000000001 -6609.3049999999994 0.75000000000000011 2.6500000000000008 8030.2000000000016
decision_type=2 2 2 2 2 2 2 2 2 2 2
left_child=4 2 3 -2 5 6 -1 -7 10 -10 -3
right_child=1 8 -4 -5 -6 7 -8 -9 9 -11 -12
leaf_value=0.018209176533302288 -0.051432393933144097 -0.055108119517480889 -0.0571660545622973 0.050248713633216202 0.064195461452564537 0.043075445873396907 -0.049216292924091028 0.0025939383345162333 0.015689930062944616 -0.00020198360403046319 0.020302657203338233
leaf_weight=5.5218846425414077 6.9953572563827064 11.325382569804786 36.666449639946222 15.454575806856154 12.118509590625761 31.808088645339012 28.51157003082335 26.003729082643986 90.875094193965197 846.00607397779822 4.0231015458703032
leaf_count=14 81 73 242 59 12 30 254 62 183 2924 8
internal_value=0 -0.000993849 -0.0286577 0.0172634 0.00949896 0.00175695 -0.0375922 0.0253882 0.000716725 0.0013257 -0.0340628
internal_weight=1115.31 1011.35 59.1164 22.4499 103.964 91.8453 34.0335 57.8118 952.23 936.881 15.3485
internal_count=3942 3570 382 140 372 360 268 92 3188 3107 81
is_linear=0
shrinkage=0.04


Tree=181
num_leaves=6
num_cat=0
split_feature=11 4 21 18 23
split_gain=6.42418 7.15078 7.14081 27.388 23.2501
threshold=-140281.28999999995 0.033000000000000008 8.5000000000000018 0.20166500000000004 11.500000000000002
decision_type=2 2 2 2 2
left_child=-1 -2 4 -4 -3
right_child=1 2 3 -5 -6
leaf_value=0.024159038339969463 -0.041036203202651861 -0.0048997941070311034 -0.027866240785409488 -3.1629382407149984e-05 0.015130206880493061
leaf_weight=16.819639280438423 6.3860532976686946 197.84528861939907 61.535712745971978 657.404226526618 172.16335025243461
leaf_count=32 85 853 456 1967 549
internal_value=0 -0.000393771 -0.000118344 -0.00245957 0.00437394
internal_weight=1112.15 1095.33 1088.95 718.94 370.009
internal_count=3942 3910 3825 2423 1402
is_linear=0
shrinkage=0.04


Tree=182
num_leaves=15
num_cat=0
split_feature=24 23 24 8 2 6 20 18 22 2 20 8 5 3
split_gain=6.29905 13.2784 10.7888 25.5015 20.7605 15.851 12.9841 18.7941 13.3283 8.78606 9.96386 8.57579 7.66981 2.22341
threshold=0.020938225000000001 4.5000000000000009 0.054121440000000014 0.95750000000000013 244.07000000000002 0.034455000000000006 3.5000000000000004 0.20166500000000004 23.150000000000002 165.62000000000003 9.5000000000000018 0.79950000000000021 58.115000000000002 4082.4050000000002
decision_type=2 2 2 2 2 2 2 2 2 2 2 2 2 2
left_child=1 11 3 4 -2 -5 8 -8 -4 10 -3 -1 -13 -11
right_child=2 9 6 5 -6 -7 7 -9 -10 13 -12 12 -14 -15
leaf_value=-0.061165438760590725 -0.014102213381490907 0.012212766559714648 0.010831086276933717 -0.059767428180380965 0.026650367847730817 -0.0043381007314111956 -0.028021447671982825 -0.00063262627055157622 -0.025727619703353501 0.043416791527546891 -0.033106980572896565 -0.033264781486669844 0.015279719356427838 0.019531610429107941
leaf_weight=5.0411823689937618 58.376174349337816 54.255601696670055 229.64398469496518 23.044343411922455 29.782807324081659 14.099980711936949 42.766004666686058 572.39322775788605 16.387419939041138 15.637316115200518 8.4034850001335126 8.1643646806478518 12.151462160050867 20.724258489906788
leaf_count=38 225 123 908 113 51 35 367 1801 134 18 24 45 19 41
internal_value=0 0.00845057 -0.00108443 -0.0120327 -3.65041e-05 -0.0395948 0.000491398 -0.0025904 0.00826765 0.0151639 0.0056041 -0.0167783 -0.00359858 0.0307956
internal_weight=1110.87 124.378 986.494 125.303 88.159 37.1443 861.191 615.159 246.031 99.0207 62.6591 25.357 20.3158 36.3616
internal_count=3942 308 3634 424 276 148 3210 2168 1042 206 147 102 64 59
is_linear=0
shrinkage=0.04


Tree=183
num_leaves=13
num_cat=0
split_feature=2 4 20 8 8 14 12 20 6 6 5 21
split_gain=6.39029 28.3015 14.1822 12.5353 9.87902 15.5521 19.6117 16.3888 15.4352 25.7713 13.607 7.79741
threshold=49.585000000000001 1.8080000000000003 7.5000000000000009 0.77050000000000007 0.97750000000000015 1.0000000180025095e-35 24.500000000000004 18.500000000000004 0.030015000000000003 0.009955000000000002 57.355000000000011 2.5000000000000004
decision_type=2 2 2 2 2 2 2 2 2 2 2 2
left_child=1 2 3 -1 5 6 -2 -7 9 -6 -10 -3
right_child=4 11 -4 -5 8 7 -8 -9 10 -11 -12 -13
leaf_value=-0.0023785427760544446 0.0011017314154684588 0.0031470693560595592 -0.024103619874342945 0.033984376602067622 -0.0016530142680263634 -0.0011073741511284641 0.030831130437573066 -0.058471984782634483 -0.01654930119739563 -0.044212232133183552 0.018930103210143389 -0.055539389579135616
leaf_weight=19.132999576628208 97.700073931366205 4.2388307452201834 10.082415431737898 57.247410386800766 52.912855515256524 680.85326041094959 56.672386072576046 7.5856926888227454 28.75525139272213 40.924533989280462 41.06627444922924 11.413822669535874
leaf_count=105 357 15 34 91 164 2639 70 39 79 200 68 81
internal_value=0 0.0094914 0.0186371 0.0246592 -0.000986607 0.000739442 0.0122093 -0.00181046 -0.00997243 -0.020562 0.0040201 -0.0388031
internal_weight=1108.59 102.115 86.4628 76.3804 1006.47 842.811 154.372 688.439 163.659 93.8374 69.8215 15.6527
internal_count=3942 326 230 196 3616 3105 427 2678 511 364 147 96
is_linear=0
shrinkage=0.04


Tree=184
num_leaves=12
num_cat=0
split_feature=8 0 0 8 24 20 6 23 17 19 23
split_gain=6.41402 11.2374 16.7074 8.72919 21.8169 18.1808 15.0417 18.9932 18.7966 2.41358 2.27732
threshold=0.0055000000000000005 1.5585000000000002 0.90650000000000019 0.75050000000000006 0.012134855000000002 10.500000000000002 0.0091550000000000017 14.500000000000002 3.5000000000000004 -1.0000000180025095e-35 8.5000000000000018
decision_type=2 2 2 2 2 2 2 2 2 2 2
left_child=1 2 10 4 -2 -6 7 -5 -8 -4 -1
right_child=3 -3 9 6 5 -7 8 -9 -10 -11 -12
leaf_value=0.038004230666330949 0.047172126785629209 0.047152285800135453 -0.04748472593589937 0.020355517182207787 -0.020294353094169205 0.012658689411211746 5.3638625675087197e-05 -0.015569571068657683 -0.029848697240163379 0 0.0061560137394555325
leaf_weight=9.5029718754813128 9.6924904696643335 12.008867371827362 8.1323283277451974 112.48928507231176 119.78601972013712 33.301299154758453 726.91389347799122 28.710977472364902 34.701967642642558 2.1807876564562312 8.7118193171918374
leaf_count=16 13 19 84 257 462 66 2676 108 197 13 31
internal_value=-2.77162e-06 0.0154968 0.000899788 -0.000618151 -0.00914042 -0.0129779 0.000900502 0.0128804 -0.00130127 -0.0379858 0.0244119
internal_weight=1106.13 40.5368 28.5279 1065.6 162.78 153.087 902.816 141.2 761.616 10.3131 18.2148
internal_count=3942 163 144 3779 541 528 3238 365 2873 97 47
is_linear=0
shrinkage=0.04


Tree=185
num_leaves=12
num_cat=0
split_feature=5 5 21 20 21 18 22 10 4 4 5
split_gain=6.49818 28.1009 46.6792 30.9434 24.5735 50.1982 14.0842 13.0467 11.8108 22.4748 19.5109
threshold=56.875000000000007 56.915000000000006 12.500000000000002 2.5000000000000004 111.50000000000001 0.73354500000000011 3.3500000000000001 -6609.3049999999994 0.84450000000000014 0.76350000000000018 57.065000000000005
decision_type=2 2 2 2 2 2 2 2 2 2 2
left_child=4 2 3 -2 5 6 -1 -7 9 -3 -10
right_child=1 8 -4 -5 -6 7 -8 -9 10 -11 -12
leaf_value=0.017781164071828354 -0.050896299783832533 0.00036279978751201975 -0.056249700643001978 0.047792428664013391 0.06200110474442215 0.042047021717275132 -0.048639785628915515 0.0028744094003447023 0.01492558663797154 0.022412150599130948 -0.0063075965176517691
leaf_weight=5.4871317967772475 6.8179191965609816 298.73202151618898 35.553730947896838 15.580050751566885 12.077412381768225 31.231822818517685 27.347118855454028 25.991446673870087 80.415526250377297 98.6686822026968 466.79480914957821
leaf_count=14 81 973 242 59 12 30 254 62 224 175 1816
internal_value=0 -0.000997557 -0.0279198 0.0164228 0.00956955 0.00201371 -0.0368396 0.0247799 0.000646855 0.00590887 -0.00313997
internal_weight=1104.7 1002.56 57.9517 22.398 102.135 90.0575 32.8343 57.2233 944.611 397.401 547.21
internal_count=3942 3570 382 140 372 360 268 92 3188 1148 2040
is_linear=0
shrinkage=0.04


Tree=186
num_leaves=10
num_cat=0
split_feature=23 18 10 18 21 18 4 5 8
split_gain=6.30516 23.5557 19.1287 15.332 21.7902 18.2115 10.7331 8.56237 3.69807
threshold=1.0000000180025095e-35 2.5526250000000004 88.660000000000011 1.7255800000000001 17.500000000000004 1.6150750000000003 0.7855000000000002 57.215000000000011 0.80550000000000022
decision_type=2 2 2 2 2 2 2 2 2
left_child=2 3 7 5 -5 -2 -4 -1 -9
right_child=1 -3 6 4 -6 -7 -8 8 -10
leaf_value=-0.010535921000156137 -0.0015492962627596996 -0.061104936325031292 0.0077240154454151083 0.03860747184820882 0.0018665720588021087 -0.06433017003465058 -0.050509330694578483 0.0045386909886200519 0.034211172613162942
leaf_weight=9.6848992966115457 879.84029482398182 9.7806551940739137 8.4272063747048396 36.54164656996727 89.743485875427723 6.9775947052985421 10.200074752792714 10.193723257631062 40.131185784004629
leaf_count=39 3294 59 35 49 238 41 84 27 76
internal_value=0 -0.000854627 0.0108643 -0.000223374 0.0127659 -0.00210178 -0.023605 0.0220009 0.0286981
internal_weight=1101.52 1022.88 78.6371 1013.1 126.285 886.818 18.6273 60.0098 50.3249
internal_count=3942 3681 261 3622 287 3335 119 142 103
is_linear=0
shrinkage=0.04


Tree=187
num_leaves=12
num_cat=0
split_feature=5 5 18 20 21 18 22 10 11 4 5
split_gain=6.25483 26.0737 44.7831 22.8872 22.7091 47.3911 13.5701 12.379 11.778 11.7872 4.47507
threshold=56.875000000000007 56.915000000000006 0.25073000000000006 2.5000000000000004 111.50000000000001 0.73354500000000011 3.3500000000000001 -6609.3049999999994 33944.260000000002 0.84450000000000014 57.315000000000005
decision_type=2 2 2 2 2 2 2 2 2 2 2
left_child=4 2 3 -2 5 6 -1 -7 9 -3 -10
right_child=1 8 -4 -5 -6 7 -8 -9 10 -11 -12
leaf_value=0.017203103487406134 -0.048043167033658706 0.0063790670107974866 -0.056589033628048208 0.038517673107271888 0.059951550193773802 0.041264843122210265 -0.048157988324915441 0.0029092869889244533 -0.065595811173018326 -0.002714869383088308 -0.0053556609682749992
leaf_weight=5.4813268482685116 6.1195703279227045 391.98207484651357 33.523673478513956 17.271045703440905 12.021343588829039 30.693010851740837 26.503317000344396 25.936636723577976 5.3343475908040983 540.84792053047568 4.3213599435985088
leaf_count=14 84 1124 220 78 12 30 254 62 34 2012 18
internal_value=0 -0.00097354 -0.0271516 0.0145025 0.00946484 0.00209347 -0.0362488 0.0242271 0.000599638 0.00108641 -0.042196
internal_weight=1100.04 999.4 56.9143 23.3906 100.636 88.6143 31.9846 56.6296 942.486 932.83 9.65571
internal_count=3942 3570 382 162 372 360 268 92 3188 3136 52
is_linear=0
shrinkage=0.04


Tree=188
num_leaves=11
num_cat=0
split_feature=21 4 20 21 4 23 18 23 4 4
split_gain=6.13928 16.2447 11.7544 9.52025 14.702 7.33315 22.974 17.0895 3.0537 2.02989
threshold=170.50000000000003 1.3495000000000001 5.5000000000000009 144.50000000000003 1.8950000000000002 20.500000000000004 0.15654500000000002 18.500000000000004 0.69050000000000011 0.26350000000000007
decision_type=2 2 2 2 2 2 2 2 2 2
left_child=3 8 -3 5 9 7 -7 -1 -2 -5
right_child=1 2 -4 4 -6 6 -8 -9 -10 -11
leaf_value=-0.00027795760594326871 0.013668451625184192 0.029217097356598581 -0.048250472412063455 -0.012054475697470762 0.023321643840972624 -0.038717371456352061 0.015984336977270398 -0.031397648396495163 0.043323237619543542 -0.059568145415282957
leaf_weight=891.97547038458288 12.973862379789354 4.0538919717073432 8.5341975986957532 3.322082087397578 5.4779696054756633 13.307590883225201 102.33330930024385 28.713864840567112 16.373116090893745 10.376002278178929
leaf_count=3187 30 5 56 17 13 172 221 159 15 67
internal_value=0 0.0149007 -0.0216115 -0.000616198 -0.0281825 -7.3482e-05 0.00937765 -0.00128672 0.031332 -0.050284
internal_weight=1097.44 41.9351 12.5881 1055.51 19.1761 1036.33 115.641 920.689 29.347 13.6981
internal_count=3942 106 61 3836 97 3739 393 3346 45 84
is_linear=0
shrinkage=0.04


Tree=189
num_leaves=12
num_cat=0
split_feature=8 11 0 0 1 0 4 18 16 6 6
split_gain=6.11427 10.4763 8.10245 20.2039 13.7676 12.9116 10.2985 7.27837 5.73469 5.32492 6.99464
threshold=0.0055000000000000005 229.54000000000005 1.8855000000000002 1.6865000000000003 11982.170000000002 5.089500000000001 5.9095000000000004 1.8625550000000002 3.5000000000000004 -0.0052349999999999992 0.029725000000000005
decision_type=2 2 2 2 2 2 2 2 2 2 2
left_child=1 7 3 4 -2 6 -4 -1 -7 -3 -11
right_child=2 9 5 -5 -6 8 -8 -9 -10 10 -12
leaf_value=-0.045564992494695346 0.00074887268848585137 0.040602711546003041 -0.05397508638061007 0.040164819489544909 -0.015481828538620937 -0.015710826111390314 0.011773249639420771 0.030840095215356834 0.029701265729858504 -0.024125830764561963 0.030040194269496827
leaf_weight=6.0815774630755168 908.17533151153475 17.497254226356745 16.360137049108747 19.215709503740072 91.45990489795804 7.9532031975686577 4.1206075400114051 2.1353023052215576 8.354821749031542 6.0300671905279186 8.2276680767536146
leaf_count=74 3296 28 93 27 306 31 10 2 16 48 11
internal_value=-2.21608e-08 0.0152392 -0.000602934 4.7729e-05 -0.000723128 -0.0189182 -0.0398283 -0.0227853 0.00655595 0.0258991 0.00573513
internal_weight=1095.61 39.9719 1055.64 1018.85 999.635 36.7888 20.4807 8.21688 16.308 31.755 14.2577
internal_count=3942 163 3779 3629 3602 150 103 76 47 87 59
is_linear=0
shrinkage=0.04


Tree=190
num_leaves=8
num_cat=0
split_feature=11 24 20 24 24 10 12
split_gain=5.97583 6.83721 16.0871 18.7057 14.0232 15.9885 12.2245
threshold=-140281.28999999995 15.010012340000001 6.5000000000000009 21.697062730000003 12.932435640000001 -71456.304999999978 22.000000000000004
decision_type=2 2 2 2 2 2 2
left_child=-1 4 6 -4 5 -2 -3
right_child=1 2 3 -5 -6 -7 -8
leaf_value=0.023647180187996497 -0.068851954344904306 -0.036191369250300566 -0.061396408016954583 0.021312444765232069 0.035094366191468697 8.6893819237302409e-05 0.016924101569449651
leaf_weight=16.313688114285469 4.9095083661377421 8.8341619372367841 16.434986621141437 5.1885695010423651 17.760894954204559 999.35476591344923 25.882015649229288
leaf_count=32 23 52 90 7 33 3633 72
internal_value=0 -0.00038425 -0.0138958 -0.0406133 0.000347454 -0.000264315 0.00251804
internal_weight=1094.68 1078.36 56.3397 21.6236 1022.03 1004.26 34.7162
internal_count=3942 3910 221 97 3689 3656 124
is_linear=0
shrinkage=0.04


Tree=191
num_leaves=15
num_cat=0
split_feature=6 6 1 1 4 16 4 21 6 19 19 6 3 4
split_gain=5.83573 17.5147 23.5417 13.453 12.916 17.9351 13.3514 6.72263 5.47081 12.9182 15.2652 9.79887 6.61467 5.43378
threshold=0.029725000000000005 0.015205000000000002 1207.45 4891.3100000000004 7.331500000000001 1.5000000000000002 5.5965000000000016 5.5000000000000009 0.041320000000000003 4.4500000000000011 1.4500000000000002 0.086185000000000025 22405.755000000001 0.8640000000000001
decision_type=2 2 2 2 2 2 2 2 2 2 2 2 2 2
left_child=1 4 7 -4 6 -6 -1 -3 12 10 -10 -11 13 -2
right_child=8 2 3 -5 5 -7 -8 -9 9 11 -12 -13 -14 -15
leaf_value=0.00060210343353047605 0.017693111073842523 0.040823459923308707 -0.045978475522054696 -0.012705093617385801 0.016397437308160179 -0.046555256775899098 0.028787430351823511 -0.0029452666008869008 -0.0015626894294550348 -0.00035200089930369742 -0.050544976155858255 0.034601033680392794 0.029527703134026657 -0.00235993109154838
leaf_weight=711.13948054984212 36.857428550720215 11.489108502864839 32.994353126734495 53.4532988704741 10.262856863439085 20.089873152785003 27.540280163288116 8.9623238146305066 43.471686311066151 29.144058972597122 13.192772731184958 20.966402724385262 26.434065759181976 47.685525983572006
leaf_count=2841 66 19 163 190 27 161 48 28 109 62 45 33 40 110
internal_value=0 -0.00147225 -0.0166103 -0.0258259 0.000615445 -0.0247007 0.00169876 0.0210758 0.00583759 -0.000452016 -0.0136591 0.0140747 0.0120433 0.00619986
internal_weight=1093.68 875.932 106.899 86.4477 769.032 30.3527 738.68 20.4514 217.752 106.775 56.6645 50.1105 110.977 84.543
internal_count=3942 3477 400 353 3077 188 2889 47 465 249 154 95 216 176
is_linear=0
shrinkage=0.04


Tree=192
num_leaves=15
num_cat=0
split_feature=24 23 24 8 2 20 18 0 4 2 20 8 5 3
split_gain=5.87458 12.3384 9.62002 22.9054 21.2519 12.1522 16.9149 13.1274 8.64901 8.21794 8.81292 7.8932 6.88418 2.14302
threshold=0.020938225000000001 4.5000000000000009 0.054121440000000014 0.99950000000000017 244.07000000000002 3.5000000000000004 0.20166500000000004 1.0115000000000001 5.3210000000000006 165.62000000000003 9.5000000000000018 0.79950000000000021 58.115000000000002 4082.4050000000002
decision_type=2 2 2 2 2 2 2 2 2 2 2 2 2 2
left_child=1 11 3 4 -2 7 -7 -4 -5 10 -3 -1 -13 -11
right_child=2 9 5 8 -6 6 -8 -9 -10 13 -12 12 -14 -15
leaf_value=-0.059801931983174947 -0.014936281409371291 0.011780606752006961 0.012479194208053249 -0.05444939662870027 0.02532596013998727 -0.027028837356539517 -0.00069781393658138887 -0.011415493339932947 0 0.042630521110695138 -0.03058454331515716 -0.031829339834154723 0.014424562165163229 0.018891024310015318
leaf_weight=4.8512853570282486 64.195761637762189 53.752259247004986 197.5648151692003 21.93899300321937 30.444416977465153 41.617298299446702 562.64307504892349 43.914067866280675 6.6660887449979773 15.199090413749216 8.5284115523099882 8.0919355340302008 11.905385531485079 20.360861033201218
leaf_count=38 252 123 848 102 54 367 1801 194 16 18 24 45 19 41
internal_value=0 0.00821328 -0.00105996 -0.0114829 -0.00170924 0.000441164 -0.00256523 0.00803657 -0.042547 0.0147074 0.00546338 -0.016354 -0.00363625 0.0300428
internal_weight=1091.67 122.689 968.985 123.245 94.6402 845.739 604.26 241.479 28.6051 97.8406 62.2807 24.8486 19.9973 35.56
internal_count=3942 308 3634 424 306 3210 2168 1042 118 206 147 102 64 59
is_linear=0
shrinkage=0.04


Tree=193
num_leaves=12
num_cat=0
split_feature=5 5 21 20 21 18 22 21 22 22 1
split_gain=5.90685 24.5579 42.5081 27.3728 21.0358 44.5354 12.9187 11.9384 10.9174 11.6537 11.2025
threshold=56.875000000000007 56.915000000000006 12.500000000000002 2.5000000000000004 111.50000000000001 0.73354500000000011 3.3500000000000001 70.500000000000014 0.75000000000000011 2.6500000000000008 8030.2000000000016
decision_type=2 2 2 2 2 2 2 2 2 2 2
left_child=4 2 3 -2 5 6 -1 -7 10 -10 -3
right_child=1 8 -4 -5 -6 7 -8 -9 9 -11 -12
leaf_value=0.016338844057494244 -0.049800417564630078 -0.053775130873066533 -0.05465942059647487 0.044207292643641427 0.057969988585840383 0.03871604634167241 -0.047699445702501599 0.00037249914224775674 0.0148778733762413 -0.00029977988287410755 0.020042020882792021
leaf_weight=5.4519621133804348 6.5024671144783524 10.817963832989333 33.792766640894115 15.805084083229302 11.949671655893324 33.109509229660034 25.621373769827187 22.937063530087471 88.92806894890964 830.88939670845866 3.8588881567120543
leaf_count=14 81 73 242 59 12 38 254 54 183 2924 8
internal_value=0 -0.000950811 -0.026543 0.0154369 0.00926928 0.00206837 -0.0357494 0.0235197 0.000577545 0.00115315 -0.0330282
internal_weight=1089.66 990.595 56.1003 22.3076 99.0696 87.1199 31.0733 56.0466 934.494 919.817 14.6769
internal_count=3942 3570 382 140 372 360 268 92 3188 3107 81
is_linear=0
shrinkage=0.04


Tree=194
num_leaves=12
num_cat=0
split_feature=21 4 20 21 18 11 21 5 21 21 4
split_gain=5.80484 15.4174 10.9608 8.77268 16.6408 10.5352 9.94619 19.476 10.1746 3.99139 2.91935
threshold=170.50000000000003 1.3495000000000001 5.5000000000000009 117.50000000000001 1.7709250000000003 -75102.979999999996 110.50000000000001 56.875000000000007 82.500000000000014 122.50000000000001 0.69050000000000011
decision_type=2 2 2 2 2 2 2 2 2 2 2
left_child=3 10 -3 6 9 -6 8 -8 -1 -5 -2
right_child=1 2 -4 4 5 -7 7 -9 -10 -11 -12
leaf_value=0.00055585059360381561 0.013409756317062947 0.027888700154436612 -0.047538624782226709 0 0.03779734852769872 -0.014630487615801038 0.0611982086037305 -0.01736383369775479 -0.017785753161539335 -0.051472958612238939 0.042706202546084197
leaf_weight=929.76398703455925 12.874746046960356 3.9864633679389945 8.2978523820638639 3.0424345508217838 8.9083424657583254 16.711061084643006 11.360663592815401 7.9373100409284225 50.495400555431843 17.287422933615744 15.954353399574755
leaf_count=3341 30 5 56 15 11 66 10 35 211 147 15
internal_value=0 0.0146332 -0.0213634 -0.000600343 -0.0175978 0.0032085 0.000169434 0.0282528 -0.000377161 -0.0442255 0.0307563
internal_weight=1086.62 41.1134 12.2843 1045.51 45.9493 25.6194 999.557 19.298 980.259 20.3299 28.8291
internal_count=3942 106 61 3836 239 77 3597 45 3552 162 45
is_linear=0
shrinkage=0.04


Tree=195
num_leaves=12
num_cat=0
split_feature=8 0 0 8 24 20 18 18 14 19 23
split_gain=5.76978 10.1299 15.1542 7.68833 19.7535 17.0574 14.8935 21.0107 14.3054 2.2295 2.04553
threshold=0.0055000000000000005 1.5585000000000002 0.90650000000000019 0.75050000000000006 0.012134855000000002 10.500000000000002 0.12644500000000003 -0.28516999999999998 1.0000000180025095e-35 -1.0000000180025095e-35 8.5000000000000018
decision_type=2 2 2 2 2 2 2 2 2 2 2
left_child=1 2 10 4 -2 -6 7 -5 -8 -4 -1
right_child=3 -3 9 6 5 -7 8 -9 -10 -11 -12
leaf_value=0.036554320777048614 0.045493655658800744 0.045236943697376811 -0.0469570879819746 0.037441289362191099 -0.019411640438405157 0.012567734164503965 0.012828224090737509 -0.026989761504081139 -0.00029003461805886472 0 0.005700479623207526
leaf_weight=9.0862285867333465 9.4971910752356035 11.752053707838057 7.6617919225245714 8.7935620918869954 118.59990936517715 33.219301789999008 165.52319202572107 55.220842999406159 655.0853224368766 2.0337533559650165 8.5146296024322492
leaf_count=16 13 19 84 18 462 66 363 775 2082 13 31
internal_value=0 0.0149815 0.000656584 -0.000582575 -0.00861063 -0.0122647 0.00086283 -0.0176074 0.00233786 -0.0376199 0.0233031
internal_weight=1084.99 39.0485 27.2964 1045.94 161.316 151.819 884.623 64.0144 820.609 9.69555 17.6009
internal_count=3942 163 144 3779 541 528 3238 793 2445 97 47
is_linear=0
shrinkage=0.04


Tree=196
num_leaves=8
num_cat=0
split_feature=16 24 21 24 24 18 14
split_gain=6.73064 8.28264 21.0241 17.7187 12.4719 20.1754 6.13268
threshold=21.000000000000004 15.010012340000001 6.5000000000000009 21.697062730000003 12.932435640000001 0.081500000000000017 1.0000000180025095e-35
decision_type=2 2 2 2 2 2 2
left_child=1 4 6 -4 5 -1 -3
right_child=-2 2 3 -5 -6 -7 -8
leaf_value=-0.026793782077246839 0.042535261901822954 -0.0071657600447408085 -0.049132476708483301 0.021016472739357434 0.033923863918619554 0.0011657439257817361 0.034160395328548795
leaf_weight=42.641890824772418 5.416479378938674 9.3506549149751663 27.231087725609541 6.5188890546560279 17.110094249248505 962.66476970072836 11.717896394431591
leaf_count=579 6 33 160 9 33 3103 19
internal_value=0 -0.000244895 -0.0153331 -0.0348901 0.00055163 -1.30551e-05 0.0151508
internal_weight=1082.65 1077.24 54.8185 33.75 1022.42 1005.31 21.0686
internal_count=3942 3936 221 169 3715 3682 52
is_linear=0
shrinkage=0.04


Tree=197
num_leaves=11
num_cat=0
split_feature=23 18 10 18 21 18 11 10 10 10
split_gain=5.74532 21.269 17.2146 14.0601 20.4615 16.7351 10.017 8.23722 15.5309 0.21962
threshold=1.0000000180025095e-35 2.5526250000000004 88.660000000000011 1.7255800000000001 17.500000000000004 1.6150750000000003 3403.1100000000001 -1040.635 -11076.549999999997 -81.919999999999987
decision_type=2 2 2 2 2 2 2 2 2 2
left_child=2 3 7 5 -5 -2 -4 8 -1 -9
right_child=1 -3 6 4 -6 -7 -8 9 -10 -11
leaf_value=0.027531559821071142 -0.0014944154903948953 -0.059200637868968238 -0.049013898744132832 0.037633215135669661 0.0016537173797572967 -0.062534107259049343 0.0080600599957521054 0.027014869124274345 -0.026970482293351385 0.048132206756164718
leaf_weight=23.311514817178249 864.79931624699384 9.3875941690057498 9.9095650836825389 35.832791566848755 87.632677271962166 6.769335536286234 8.1336703877896053 10.850721298716964 12.157248800620435 12.175927143543957
leaf_count=47 3294 59 88 49 238 41 31 28 55 12
internal_value=0 -0.000815968 0.0105185 -0.000215595 0.0123669 -0.00202702 -0.0226835 0.0212043 0.00817921 0.0398169
internal_weight=1080.96 1004.42 76.5386 995.034 123.465 871.569 18.0432 58.4954 35.4688 23.0266
internal_count=3942 3681 261 3622 287 3335 119 142 102 40
is_linear=0
shrinkage=0.04


Tree=198
num_leaves=12
num_cat=0
split_feature=23 18 2 4 18 10 21 23 11 6 5
split_gain=5.69176 19.5276 22.6747 23.3077 15.0781 24.299 10.1526 12.5001 13.283 11.7106 7.84544
threshold=20.500000000000004 0.48500000000000004 241.31000000000003 0.17950000000000002 0.93500500000000009 23.905000000000005 181.00000000000003 18.500000000000004 -37744.384999999987 0.010130000000000002 57.355000000000011
decision_type=2 2 2 2 2 2 2 2 2 2 2
left_child=6 2 3 -2 10 -6 7 9 -9 -1 -3
right_child=1 4 -4 -5 5 -7 -8 8 -10 -11 -12
leaf_value=0.0074229267633386933 0.039016290046311755 0.033341029458544565 0.026595664796920108 -0.049382934183598799 0.019261828363646146 -0.069168340891437682 0.036370537942220414 0.026682385552674028 -0.0342142185689982 -0.0032227443208114486 0
leaf_weight=217.97763269580901 5.2058263793587711 57.832198388874531 14.248401783406733 25.307035548612475 13.599449202418329 7.0621806904673567 10.877639599144457 6.1758394092321387 32.425816886126995 675.53398869652301 13.145832143723963
leaf_count=689 11 94 26 248 25 38 21 11 187 2562 30
internal_value=0 0.00761319 -0.0136886 -0.0332703 0.0182529 -0.0109388 -0.00111451 -0.00159267 -0.0237433 -0.000600598 0.0270474
internal_weight=1079.39 136.401 44.7613 30.5129 91.6397 20.6616 942.991 932.113 38.6017 893.512 70.978
internal_count=3942 472 285 259 187 63 3470 3449 198 3251 124
is_linear=0
shrinkage=0.04


Tree=199
num_leaves=12
num_cat=0
split_feature=5 5 18 20 21 18 22 10 11 5 5
split_gain=5.66007 22.046 41.554 20.5314 17.9657 41.8309 12.4894 11.5222 10.6394 11.0283 4.39352
threshold=56.875000000000007 56.915000000000006 0.25073000000000006 2.5000000000000004 111.50000000000001 0.73354500000000011 3.3500000000000001 -6609.3049999999994 33944.260000000002 57.065000000000005 57.315000000000005
decision_type=2 2 2 2 2 2 2 2 2 2 2
left_child=4 2 3 -2 5 6 -1 -7 9 -3 -10
right_child=1 8 -4 -5 -6 7 -8 -9 10 -11 -12
leaf_value=0.016039400669170898 -0.047164412944355735 0.011484726588154106 -0.054981663554093452 0.036936186887946032 0.054542489813560295 0.039958645646556191 -0.047202614874194346 0.0026133268397132807 -0.064572673645335005 -0.00082723600259930995 -0.0038186798044000298
leaf_weight=5.4352555945515659 5.66717326268554 135.94864553678781 31.680804600007832 17.231377519667149 11.757661834359167 29.732055142521858 24.577145472168922 25.790056295692921 5.0999633744358999 780.10901463683695 4.1283082477748394
leaf_count=14 84 391 220 78 12 30 254 62 34 2745 18
internal_value=0 -0.000921337 -0.025514 0.0147043 0.00917038 0.00242028 -0.0350188 0.0231469 0.000520692 0.000983383 -0.0410431
internal_weight=1077.16 979.865 54.5794 22.8986 97.2922 85.5345 30.0124 55.5221 925.286 916.058 9.22827
internal_count=3942 3570 382 162 372 360 268 92 3188 3136 52
is_linear=0
shrinkage=0.04


Tree=200
num_leaves=9
num_cat=0
split_feature=15 20 4 10 18 4 18 23
split_gain=5.53442 6.04819 14.7976 13.513 10.4917 36.6635 16.0339 0.632013
threshold=0.7330000000000001 1.5000000000000002 5.1455000000000011 -48.85499999999999 0.18445000000000003 0.82250000000000012 0.22030500000000003 14.500000000000002
decision_type=2 2 2 2 2 2 2 2
left_child=1 2 3 -1 5 -3 -6 -4
right_child=-2 4 7 -5 6 -7 -8 -9
leaf_value=-0.00064716661281784727 -0.037429881763933213 -0.050501050902187698 -0.056352556945759726 0.026339010195273072 0.024110422654018616 0.00027255409820858985 -0.00055232213876380682 -0.013292202424907779
leaf_weight=60.038637826219201 5.7863187510520211 29.166555968113244 4.4872955838218322 55.601220522075891 44.034947961568832 94.367217566817999 778.5970384478569 2.6641099974513054
leaf_count=292 33 345 37 137 97 612 2372 17
internal_value=0 0.000211767 0.00855995 0.0122135 -0.000854464 -0.0117092 0.000757405 -0.0448421
internal_weight=1074.74 1068.96 122.791 115.64 946.166 123.534 822.632 7.15141
internal_count=3942 3909 483 429 3426 957 2469 54
is_linear=0
shrinkage=0.04


Tree=201
num_leaves=6
num_cat=0
split_feature=11 4 3 1 21
split_gain=5.52765 6.61116 6.84289 8.10233 1.64547
threshold=-140281.28999999995 0.05050000000000001 61.100000000000009 604.50500000000011 150.00000000000003
decision_type=2 2 2 2 2
left_child=-1 4 -3 -4 -2
right_child=1 2 3 -5 -6
leaf_value=0.023184892896187526 -0.044811003543133679 0.023830692665742077 -0.021567361484127058 5.7630353810202255e-05 0
leaf_weight=15.686951026320456 6.1479784147813907 18.296533897519112 27.961375702172518 1003.2814971506596 1.8104836270213125
leaf_count=32 85 35 139 3640 11
internal_value=0 -0.000367797 -6.4811e-05 -0.000519498 -0.0355944
internal_weight=1073.18 1057.5 1049.54 1031.24 7.95846
internal_count=3942 3910 3814 3779 96
is_linear=0
shrinkage=0.04


Tree=202
num_leaves=8
num_cat=0
split_feature=0 15 11 18 20 10 23
split_gain=5.64116 9.58977 8.9916 8.76504 7.20255 13.3708 11.1522
threshold=0.13250000000000003 0.70150000000000012 -2004.2149999999999 0.51953500000000019 1.5000000000000002 -48.85499999999999 1.0000000180025095e-35
decision_type=2 2 2 2 2 2 2
left_child=2 4 -1 -4 5 -2 -6
right_child=1 -3 3 -5 6 -7 -8
leaf_value=0.040309433966947451 -0.0034490017875727736 -0.044653749139961001 -0.048247655399721562 0.028544819160223601 0.013938640554130117 0.022857981118978583 -0.0025878481994186897
leaf_weight=13.199576251208784 62.917220752686262 7.2896375749260178 4.4037551768124086 3.8764815628528595 70.02465330529958 58.058660626411438 852.93606461212039
leaf_count=18 314 42 30 10 226 157 3145
internal_value=0 -0.000431267 0.0200435 -0.0104404 -8.20907e-05 0.0090537 -0.00130546
internal_weight=1072.71 1051.23 21.4798 8.28024 1043.94 120.976 922.961
internal_count=3942 3884 58 40 3842 471 3371
is_linear=0
shrinkage=0.04


Tree=203
num_leaves=10
num_cat=0
split_feature=23 21 18 22 21 23 11 6 0
split_gain=5.55818 19.274 21.5506 14.0941 9.31795 11.4321 12.4244 10.7981 1.67198
threshold=20.500000000000004 191.50000000000003 0.15654500000000002 19.750000000000004 181.00000000000003 18.500000000000004 -37744.384999999987 0.010130000000000002 0.99950000000000017
decision_type=2 2 2 2 2 2 2 2 2
left_child=4 2 8 -4 5 7 -7 -1 -2
right_child=1 -3 3 -5 -6 6 -8 -9 -10
leaf_value=0.0071082323316545805 0 -0.049895845595298555 0.0098950452804365124 0.045825621664793127 0.035143445772272484 0.026167920296784553 -0.033038260171365089 -0.0031380822000254866 -0.042771114055778874
leaf_weight=217.007009874098 1.4795129448175419 8.127594165503977 92.211926281452179 22.002751879394054 10.666546180844305 6.0933478772640219 32.099794123321772 671.61895243916661 10.697016354650257
leaf_count=689 10 41 220 39 21 11 187 2562 162
internal_value=0 0.00757658 0.011612 0.0171608 -0.00110359 -0.00156104 -0.0228595 -0.000610796 -0.037481
internal_weight=1072 134.519 126.391 114.215 937.486 926.819 38.1931 888.626 12.1765
internal_count=3942 472 431 259 3470 3449 198 3251 172
is_linear=0
shrinkage=0.04


Tree=204
num_leaves=12
num_cat=0
split_feature=5 5 21 4 21 18 22 21 22 22 24
split_gain=5.69722 20.2691 39.8037 24.662 16.6347 39.0407 12.1068 10.8917 10.1427 11.2353 10.3111
threshold=56.875000000000007 56.915000000000006 12.500000000000002 1.4470000000000003 111.50000000000001 0.73354500000000011 3.3500000000000001 70.500000000000014 0.75000000000000011 2.6500000000000008 18.565380695000005
decision_type=2 2 2 2 2 2 2 2 2 2 2
left_child=4 2 3 -2 5 6 -1 -7 10 -10 -3
right_child=1 8 -4 -5 -6 7 -8 -9 9 -11 -12
leaf_value=0.015856334950904948 -0.012952253502149895 -0.052978717640913733 -0.053149715107406029 0.074424180636419202 0.053084133603650149 0.03743030303365804 -0.046722864908315835 0.00049286489226724585 0.01455159995626042 -0.00043727975399109341 0.019349749484212912
leaf_weight=5.4127231463789967 14.645413789898159 10.347646752372382 31.744007980450988 7.1908477265387765 11.667903587222098 32.232303574681282 23.557508043013513 22.799625691026449 87.948659570887685 819.44419112801552 3.6575872749090186
leaf_count=14 99 73 242 41 12 38 254 54 183 2924 8
internal_value=0 -0.00092597 -0.0247325 0.015948 0.0092784 0.00267901 -0.0342814 0.0226296 0.000449375 0.0010007 -0.0326948
internal_weight=1070.65 974.978 53.5803 21.8363 95.6701 84.0022 28.9702 55.0319 921.398 907.393 14.0052
internal_count=3942 3570 382 140 372 360 268 92 3188 3107 81
is_linear=0
shrinkage=0.04


Tree=205
num_leaves=13
num_cat=0
split_feature=6 6 19 4 6 19 15 6 2 10 0 18
split_gain=5.54857 16.3266 9.67691 9.65004 5.34973 11.7963 13.1077 9.39635 6.28541 8.75389 4.64101 2.72836
threshold=0.029725000000000005 0.026475000000000002 126.50000000000001 6.3500000000000005 0.041320000000000003 4.4500000000000011 0.19150000000000003 0.086185000000000025 84.235000000000014 44.540000000000006 1.6120000000000003 0.17637000000000003
decision_type=2 2 2 2 2 2 2 2 2 2 2 2
left_child=1 2 3 -1 8 6 -6 -7 9 -2 -10 -3
right_child=4 11 -4 -5 5 7 -8 -9 10 -11 -12 -13
leaf_value=0.00052135639702965573 -0.035496942817181146 -0.013448196771688507 -0.050475457728208988 -0.019796814054092077 -0.026244373177818865 -0.00062585886242594768 0.014847300577612783 0.034013820254037583 0.011712817116959198 0.017944817474642275 0.036950788365388142 -0.065889460768161573
leaf_weight=798.51788493990898 9.3537979349493998 3.8519359529018384 5.7345568835735312 38.693124840967357 38.669509015977383 28.779686890542507 17.127577796578407 20.275834888219833 76.534692190587521 8.8250604346394521 14.95268641412258 6.6337056308984756
leaf_count=3172 30 21 37 218 118 62 36 33 153 16 17 29
internal_value=0 -0.00145513 -0.000799125 -0.000405063 0.00573402 -0.000549742 -0.0132557 0.0134867 0.0118987 -0.00869663 0.0162336 -0.0499344
internal_weight=1067.95 853.431 842.946 837.211 214.519 104.853 55.7971 49.0555 109.666 18.1789 91.4874 10.4856
internal_count=3942 3477 3427 3390 465 249 154 95 216 46 170 50
is_linear=0
shrinkage=0.04


Tree=206
num_leaves=14
num_cat=0
split_feature=24 23 24 8 2 20 18 0 6 2 11 12 3
split_gain=5.5216 11.6047 9.25966 21.1388 18.853 11.3672 14.3847 12.3769 8.42476 7.56868 8.12915 7.49005 1.87336
threshold=0.020938225000000001 4.5000000000000009 0.054121440000000014 0.99950000000000017 244.07000000000002 3.5000000000000004 0.20166500000000004 1.0115000000000001 0.034455000000000006 165.62000000000003 -4478.5949999999984 36.000000000000007 4082.4050000000002
decision_type=2 2 2 2 2 2 2 2 2 2 2 2 2
left_child=1 11 3 4 -2 7 -7 -4 -5 10 -3 -1 -11
right_child=2 9 5 8 -6 6 -8 -9 -10 12 -12 -13 -14
leaf_value=-0.04916042056517575 -0.014289654909504903 -0.025490504325863028 0.012290212713530896 -0.056177517522362219 0.024055679138439021 -0.025661654380054348 -0.00076222501519325708 -0.011157924489124598 -0.0063818595986471893 0.041531759916523532 0.012268471103456113 -0.00032342628368431408 0.018629321079397389
leaf_weight=7.0956587297841933 63.612637946382165 10.343305371701716 192.15908967796713 19.229317257180814 29.556967347860336 39.498645965475589 549.53859688341618 43.015367554500699 9.0283086150884611 14.637627772986887 51.61997683160007 17.403278924524784 19.996735837310553
leaf_count=66 252 32 848 94 54 367 1801 194 24 18 115 36 41
internal_value=0 0.00801312 -0.00104177 -0.0113368 -0.00184806 0.000456639 -0.00248616 0.00790192 -0.0413509 0.0143522 0.00549172 -0.0159685 0.0293312
internal_weight=1066.74 121.097 945.639 121.427 93.1696 824.212 589.037 235.174 28.2576 96.5976 61.9633 24.4989 34.6344
internal_count=3942 308 3634 424 306 3210 2168 1042 118 206 147 102 59
is_linear=0
shrinkage=0.04


Tree=207
num_leaves=12
num_cat=0
split_feature=2 4 20 8 4 4 12 4 20 2 21
split_gain=5.48014 23.2339 13.5705 11.2927 8.73051 11.6913 31.259 22.877 9.54228 8.6479 7.53233
threshold=49.585000000000001 1.8080000000000003 7.5000000000000009 0.77050000000000007 0.091500000000000012 0.17950000000000002 22.000000000000004 0.24250000000000002 2.5000000000000004 91.070000000000007 2.5000000000000004
decision_type=2 2 2 2 2 2 2 2 2 2 2
left_child=1 2 3 -1 8 6 -6 -7 -2 -10 -3
right_child=4 10 -4 -5 5 7 -8 -9 9 -11 -12
leaf_value=-0.0026499518895236498 0.018314364019154622 0.0049314808904165246 -0.024966009861306381 0.032491802059785059 0.034708755615731446 -0.050831669282369298 -0.051023058729229666 -0.00051816192106422354 0.0085518759225328388 -0.057286083097571279 -0.053823319302711205
leaf_weight=18.407556222751737 4.8777362275868681 4.1373681724071494 9.798076391220091 54.853342775255442 37.599939912557602 14.221290800720451 7.6658320575952521 887.05135338567197 3.440565697848796 12.208457838278262 10.490754641592501
leaf_count=105 18 15 34 91 89 66 33 3289 12 109 81
internal_value=0 0.00898931 0.0173689 0.0234328 -0.000928388 -0.00034048 0.0193541 -0.00136199 -0.0264343 -0.041756 -0.0362695
internal_weight=1064.75 97.6871 83.059 73.2609 967.065 946.538 45.2658 901.273 20.5268 15.649 14.6281
internal_count=3942 326 230 196 3616 3477 122 3355 139 121 96
is_linear=0
shrinkage=0.04


Tree=208
num_leaves=12
num_cat=0
split_feature=5 5 18 20 21 18 22 10 11 5 5
split_gain=5.37542 18.7591 37.9502 19.3694 15.5036 36.6 11.5922 10.7699 9.89178 10.3026 4.12153
threshold=56.875000000000007 56.915000000000006 0.25073000000000006 2.5000000000000004 111.50000000000001 0.73354500000000011 3.3500000000000001 -6609.3049999999994 33944.260000000002 57.065000000000005 57.315000000000005
decision_type=2 2 2 2 2 2 2 2 2 2 2
left_child=4 2 3 -2 5 6 -1 -7 9 -3 -10
right_child=1 8 -4 -5 -6 7 -8 -9 10 -11 -12
leaf_value=0.015234031788283774 -0.046644518374385088 0.011045610596577811 -0.053440648954731981 0.035313960267179513 0.051539369520502094 0.038551674454625401 -0.046313504108191593 0.002145772432277258 -0.063343361260893905 -0.00089987733195945926 -0.0036784837671047822
leaf_weight=5.3747519180178669 5.595945822075012 134.99446639884263 29.907268520444632 17.352019984275103 11.56091323494911 28.795931249856949 22.757669073995203 25.701212853193283 4.9441801048815233 772.14510230347514 4.0692368857562542
leaf_count=14 84 391 220 78 12 30 254 62 34 2745 18
internal_value=0 -0.000906881 -0.0239696 0.0139067 0.00907792 0.00262218 -0.0337955 0.0219217 0.000414195 0.000860841 -0.0401181
internal_weight=1063.2 969.008 52.8552 22.948 94.1905 82.6296 28.1324 54.4971 916.153 907.14 9.01342
internal_count=3942 3570 382 162 372 360 268 92 3188 3136 52
is_linear=0
shrinkage=0.04


Tree=209
num_leaves=13
num_cat=0
split_feature=8 0 0 6 24 18 6 18 23 4 19 23
split_gain=5.32471 9.56662 13.7613 7.36028 29.7522 22.7444 22.0782 18.0716 11.4636 10.9626 2.18574 1.83763
threshold=0.0055000000000000005 1.5585000000000002 0.90650000000000019 0.0055800000000000008 0.18626825500000002 1.5330200000000003 0.0080700000000000025 0.57343500000000003 14.500000000000002 0.18750000000000003 -1.0000000180025095e-35 8.5000000000000018
decision_type=2 2 2 2 2 2 2 2 2 2 2 2
left_child=1 2 11 4 5 -2 8 -6 -5 -8 -4 -1
right_child=3 -3 10 6 7 -7 9 -9 -10 -11 -12 -13
leaf_value=0.035299222096474299 -0.041797997451970707 0.044121589176476336 -0.046513060267824972 0.029121653192753165 0.021520316618980153 0.033789496490866162 0.013372371978566442 -0.0511509185421965 -0.011818804869517243 -0.0026726569365894998 0 0.0053437097077782972
leaf_weight=8.581726681441074 45.824180293828249 11.568795435130594 7.30616420134902 59.403655275702477 41.358194097876549 6.7054218202829352 73.936232391279191 5.6969540249556294 12.325987935066221 777.86743625346571 1.9173975791782121 8.3561258167028409
leaf_count=16 221 19 84 103 123 7 247 45 48 2985 13 31
internal_value=-1.3496e-06 0.0146364 0.000264667 -0.000567578 -0.0108805 -0.0315445 0.000528104 0.0118562 0.0217765 -0.00124946 -0.0371105 0.0222449
internal_weight=1060.85 37.7302 26.1614 1023.12 99.5848 52.5296 923.533 47.0551 71.7296 851.804 9.22356 16.9379
internal_count=3942 163 144 3779 396 228 3383 168 151 3232 97 47
is_linear=0
shrinkage=0.04


Tree=210
num_leaves=13
num_cat=0
split_feature=16 1 5 18 1 24 14 1 1 24 23 10
split_gain=5.33633 20.3054 13.9285 12.4325 18.2084 14.8801 13.4411 12.403 10.9185 10.5097 6.19828 5.22575
threshold=6.5000000000000009 11740.020000000002 57.155000000000008 0.081500000000000017 572.43000000000018 10.695887090000001 1.0000000180025095e-35 23843.610000000004 5147.8650000000007 0.053274075000000011 14.500000000000002 2839.4550000000004
decision_type=2 2 2 2 2 2 2 2 2 2 2 2
left_child=3 2 -2 5 9 -1 -6 -3 -4 -5 -9 -7
right_child=1 7 8 4 6 11 -8 10 -10 -11 -12 -13
leaf_value=-0.043409112675772105 0.042292113057319045 -0.059586855230218463 -0.0017322535531141706 0.011822598370347307 0.010267363952607958 -0.019425691087675213 -0.0019830957711840743 -0.025066609753761595 0.025123830321366392 -0.056714086294642162 0.027833146125463108 0.032044726652013973
leaf_weight=22.6241808347404 21.682207927107811 9.9105938933789748 71.642658174037933 4.0062064975500133 181.17286307364702 4.4777246676385385 674.40249649435282 7.3253241777420026 35.158945303410292 13.509786825627087 5.9546630457043648 7.1233224011957645
leaf_count=453 27 65 245 9 460 38 2424 33 70 76 14 28
internal_value=0 0.00691455 0.0132501 -0.00117929 -0.000222498 -0.0246567 0.000592127 -0.0268814 0.00699822 -0.0400354 0 0.0105438
internal_weight=1058.99 151.674 128.484 907.317 873.091 34.2252 855.575 23.1906 106.802 17.516 13.28 11.601
internal_count=3942 454 342 3488 2969 519 2884 112 315 85 47 66
is_linear=0
shrinkage=0.04


Tree=211
num_leaves=12
num_cat=0
split_feature=1 4 4 1 18 16 1 8 8 21 23
split_gain=5.43216 11.6024 10.4969 15.1245 12.7319 9.54195 19.4643 11.4735 6.22327 4.37574 9.03145
threshold=1207.45 12.799500000000002 4.2170000000000014 1884.7850000000001 0.83097500000000013 7.5000000000000009 604.50500000000011 0.9295000000000001 0.93250000000000022 18.500000000000004 16.500000000000004
decision_type=2 2 2 2 2 2 2 2 2 2 2
left_child=5 2 3 -2 -4 6 7 -1 -8 10 -7
right_child=1 -3 4 -5 -6 9 8 -9 -10 -11 -12
leaf_value=-0.054035169564305985 -0.032521159608095235 -0.046376672847820613 0.021484086450070539 -0.00093308759528571111 -0.01545625806870188 -0.0094996985846039113 0.02611026639554866 -0.00036681498962948521 -0.00093744411019198385 0.047233961833408784 0.043344905058004049
leaf_weight=12.35651507973671 24.562250349670649 8.4405368221923691 64.29406875371933 831.08327951934189 18.359586499631405 10.698597364127641 31.687041245400906 14.174233678728342 21.140097547322512 11.321149423718451 8.5685698837041837
leaf_count=90 121 78 153 3197 60 44 69 48 61 12 9
internal_value=0 -0.000997723 -0.000543727 -0.00188168 0.0129945 0.00837595 0.000751825 -0.0266395 0.0150041 0.0271823 0.0134917
internal_weight=1056.69 946.74 938.299 855.646 82.6537 109.946 79.3579 26.5307 52.8271 30.5883 19.2672
internal_count=3942 3609 3531 3318 213 333 268 138 130 65 53
is_linear=0
shrinkage=0.04


Tree=212
num_leaves=12
num_cat=0
split_feature=5 5 21 20 21 18 22 21 11 4 5
split_gain=5.36481 17.1833 36.9233 23.0263 14.3859 34.4386 11.2097 10.173 9.23817 9.98972 3.9427
threshold=56.875000000000007 56.915000000000006 12.500000000000002 2.5000000000000004 111.50000000000001 0.73354500000000011 3.3500000000000001 70.500000000000014 33944.260000000002 0.84450000000000014 57.315000000000005
decision_type=2 2 2 2 2 2 2 2 2 2 2
left_child=4 2 3 -2 5 6 -1 -7 9 -3 -10
right_child=1 8 -4 -5 -6 7 -8 -9 10 -11 -12
leaf_value=0.014820990739950107 -0.048000506498311973 0.0057272068708193033 -0.051792128911663016 0.040933980414015435 0.050209975333125996 0.036110385659762462 -0.045904369349792563 0.00016401735761565711 -0.062251074822793059 -0.0027855329323430689 -0.0034257247228587375
leaf_weight=5.3734710440039661 5.8767768070101765 380.13264616485685 30.021457756869495 15.931112024933098 11.45888479053974 31.319815710186958 21.894021298736334 22.731677945703268 4.814775735139845 521.5421427031979 4.0481035374104977
leaf_count=14 81 1124 242 59 12 38 254 54 34 2012 18
internal_value=-2.41079e-06 -0.000908644 -0.0232044 0.0155327 0.00913785 0.00283435 -0.0331659 0.0214996 0.000350551 0.000782328 -0.0391366
internal_weight=1055.14 962.367 51.8293 21.8079 92.7779 81.319 27.2675 54.0515 910.538 901.675 8.86288
internal_count=3942 3570 382 140 372 360 268 92 3188 3136 52
is_linear=0
shrinkage=0.04


Tree=213
num_leaves=14
num_cat=0
split_feature=24 23 24 8 2 20 20 0 6 2 2 12 11
split_gain=5.18503 10.8349 8.23973 19.7948 17.4454 10.1115 14.1706 11.692 8.18103 7.60704 13.5761 6.96014 6.82352
threshold=0.020938225000000001 4.5000000000000009 0.054121440000000014 0.99950000000000017 220.19500000000002 3.5000000000000004 9.5000000000000018 1.0115000000000001 0.034455000000000006 112.87000000000002 70.300000000000026 36.000000000000007 -4478.5949999999984
decision_type=2 2 2 2 2 2 2 2 2 2 2 2 2
left_child=1 11 3 4 -2 7 -7 -4 -5 10 -3 -1 -11
right_child=2 9 5 8 -6 6 -8 -9 -10 12 -12 -13 -14
leaf_value=-0.048319906773487457 -0.014581359103041423 0.013148328772107771 0.011790294087428932 -0.054966521178052688 0.021604197661978741 -0.0076882320600400317 0.0049377774940652366 -0.011129984915142443 -0.0057456112298424388 0.0052794628274930155 -0.040770387422956987 -0.00052083861897307779 0.035773255395088521
leaf_weight=6.8140889322385219 59.605722464621067 33.226842386648059 188.93058401346207 18.785144522786144 32.412456665188074 339.48063102737069 242.28198806755245 42.570398025214672 9.0197033733129484 21.496714260429144 9.0755318701267225 17.318528734147549 31.653060659766197
leaf_count=66 236 70 848 94 70 1424 744 194 24 53 36 36 47
internal_value=-4.15847e-06 0.00780038 -0.00102946 -0.0108052 -0.00157132 0.000392034 -0.00239591 0.00747441 -0.0400897 0.0139591 0.000772234 -0.0155362 0.0239768
internal_weight=1052.67 119.585 933.087 119.823 92.0182 813.264 581.763 231.501 27.8048 95.4521 42.3024 24.1326 53.1498
internal_count=3942 308 3634 424 306 3210 2168 1042 118 206 106 102 100
is_linear=0
shrinkage=0.04


Tree=214
num_leaves=8
num_cat=0
split_feature=16 24 21 24 24 18 14
split_gain=5.6182 7.63149 18.5102 15.7275 10.3175 17.6848 5.79307
threshold=21.000000000000004 15.010012340000001 6.5000000000000009 21.697062730000003 12.932435640000001 0.081500000000000017 1.0000000180025095e-35
decision_type=2 2 2 2 2 2 2
left_child=1 4 6 -4 5 -1 -3
right_child=-2 2 3 -5 -6 -7 -8
leaf_value=-0.026012028816168754 0.039327284261207879 -0.0080828455412243344 -0.047724097250816895 0.019604602244373031 0.031943346186488239 0.0011102688347111537 0.032791214725026135
leaf_weight=39.609941058792174 5.2723209410905829 9.0091367810964584 25.900828067213297 6.2548032999038687 15.948669917881487 937.52108315564692 11.308837093412876
leaf_count=579 6 33 160 9 33 3103 19
internal_value=-6.29237e-06 -0.000242459 -0.0150483 -0.0339155 0.000526923 0 0.0139478
internal_weight=1050.83 1045.55 52.4736 32.1556 993.08 977.131 20.318
internal_count=3942 3936 221 169 3715 3682 52
is_linear=0
shrinkage=0.04


Tree=215
num_leaves=9
num_cat=0
split_feature=0 15 11 8 2 4 3 23
split_gain=5.25391 8.23626 7.78483 7.18606 6.25428 19.0291 11.972 0.117418
threshold=0.13250000000000003 0.70150000000000012 -2004.2149999999999 0.82700000000000007 42.035000000000004 1.8080000000000003 1075.5050000000003 4.5000000000000009
decision_type=2 2 2 2 2 2 2 2
left_child=2 4 -1 -4 5 -2 -6 -3
right_child=1 7 3 -5 6 -7 -8 -9
leaf_value=0.039024636698800151 0.019332094112506228 -0.016123811723578914 0.024182970996652849 -0.046713013596536505 -0.020624599104651201 -0.032935290420760086 0 -0.052091988991717381
leaf_weight=12.616483360528948 66.902871039696038 2.8972402960062018 3.9842872247099868 3.8878226205706596 46.881353389471769 12.658372536301611 895.25336691364646 4.1653616447001696
leaf_count=18 189 13 15 25 203 84 3366 29
internal_value=-3.35282e-06 -0.000426385 0.0197889 -0.00914047 -9.88618e-05 0.0106127 -0.00102979 -0.0420232
internal_weight=1049.25 1028.76 20.4886 7.87211 1021.7 79.5612 942.135 7.0626
internal_count=3942 3884 58 40 3842 273 3569 42
is_linear=0
shrinkage=0.04


Tree=216
num_leaves=12
num_cat=0
split_feature=1 4 4 4 21 16 1 8 18 21 23
split_gain=5.20895 10.9675 10.0355 14.1018 12.1014 8.86517 17.6991 10.9148 5.92439 4.13961 8.25726
threshold=1207.45 12.799500000000002 4.2170000000000014 2.6505000000000005 17.500000000000004 7.5000000000000009 604.50500000000011 0.9295000000000001 0.20772500000000002 18.500000000000004 16.500000000000004
decision_type=2 2 2 2 2 2 2 2 2 2 2
left_child=5 2 3 -2 -4 6 7 -1 -8 10 -7
right_child=1 -3 4 -5 -6 9 8 -9 -10 -11 -12
leaf_value=-0.052605082705019006 -0.00072217299498597012 -0.045797020736643886 0.021808745887953628 -0.025790166965727248 -0.012713961349844394 -0.0085689467648726973 -0.012079252297459946 0 0.021061029162342065 0.046238334787911874 0.042379420947713971
leaf_weight=12.048585798591375 812.81225733924657 8.1684011863544566 61.109481368213892 37.194821752607822 20.902759123593569 10.723681654781108 9.6194510105997306 14.086662400513887 42.597466848790646 11.119682937860487 8.2525428831577283
leaf_count=90 3140 78 126 178 87 44 56 48 74 12 9
internal_value=-5.32242e-06 -0.000983305 -0.000544757 -0.00185714 0.0127437 0.0082553 0.000854407 -0.0254576 0.0145198 0.0265404 0.0130802
internal_weight=1048.64 940.188 932.019 850.007 82.0122 108.448 78.3522 26.1352 52.2169 30.0959 18.9762
internal_count=3942 3609 3531 3318 213 333 268 138 130 65 53
is_linear=0
shrinkage=0.04


Tree=217
num_leaves=7
num_cat=0
split_feature=10 4 4 22 10 21
split_gain=5.17019 5.84354 6.56773 16.697 11.8 1.73056
threshold=-141488.20999999996 0.05050000000000001 0.17950000000000002 16.250000000000004 -56385.104999999989 171.50000000000003
decision_type=2 2 2 2 2 2
left_child=-1 5 3 -3 -4 -2
right_child=1 2 4 -5 -6 -7
leaf_value=0.030795762120074587 -0.043952762272082356 -0.0066000382715595707 -0.038866295441995248 0.03193992325723842 -0.00034606802296021706 0
leaf_weight=8.1350245401263219 5.8160576871596268 36.269657451659441 12.421273369342087 33.680343931540847 949.03427800070494 1.5326459631323812
leaf_count=17 88 136 55 62 3576 8
internal_value=-7.58109e-06 -0.000282763 -1.71437e-06 0.0117677 -0.000884454 -0.0346673
internal_weight=1046.89 1038.75 1031.41 69.95 961.456 7.3487
internal_count=3942 3925 3829 198 3631 96
is_linear=0
shrinkage=0.04


Tree=218
num_leaves=8
num_cat=0
split_feature=16 24 21 24 24 18 14
split_gain=5.38997 6.84078 16.9274 15.1494 9.38403 16.5142 5.46923
threshold=21.000000000000004 15.010012340000001 6.5000000000000009 21.697062730000003 12.932435640000001 0.081500000000000017 1.0000000180025095e-35
decision_type=2 2 2 2 2 2 2
left_child=1 4 6 -4 5 -1 -3
right_child=-2 2 3 -5 -6 -7 -8
leaf_value=-0.025382409637745146 0.03871077362868719 -0.0079759635762339347 -0.046585837465596844 0.019621545130659959 0.030834675752411961 0.0010522766801568774 0.031911988399290221
leaf_weight=38.90390018094331 5.2149966955184928 8.9458553642034531 25.207248974591497 6.2611405700445166 15.535402223467825 935.23094798019156 11.138507805764675
leaf_count=579 6 33 160 9 33 3103 19
internal_value=-8.31117e-06 -0.000239923 -0.0143866 -0.0326863 0.000483683 0 0.0134115
internal_weight=1046.44 1041.22 51.5528 31.4684 989.67 974.135 20.0844
internal_count=3942 3936 221 169 3715 3682 52
is_linear=0
shrinkage=0.04


Tree=219
num_leaves=14
num_cat=0
split_feature=6 6 1 16 6 4 21 24 5 6 5 22 24
split_gain=5.19438 16.1433 19.5709 12.1471 11.8819 9.24834 5.56752 5.05441 12.9489 14.2398 7.69409 8.01905 6.55847
threshold=0.029725000000000005 0.015205000000000002 1207.45 2.5000000000000004 0.014730000000000002 7.331500000000001 5.5000000000000009 0.033053405000000001 57.495000000000012 0.041320000000000003 57.285000000000004 7.3500000000000005 0.65425271500000015
decision_type=2 2 2 2 2 2 2 2 2 2 2 2 2
left_child=1 4 6 -4 5 -1 -3 10 9 -9 -2 -12 -10
right_child=7 2 3 -5 -6 -7 -8 8 12 -11 11 -13 -14
leaf_value=0.00089907172097352078 0.033860599421647646 0.037607053605995908 0.0042364039076077473 -0.032671249245286277 0.0427985288237753 -0.022544280771327214 -0.0035178445632145427 0.0076211063758574969 0.0043874356890970904 -0.02347437078872017 0.017274468840250051 -0.014393390216677966 0.036691982497839067
leaf_weight=695.5063247284852 21.725516274571419 10.839113220572473 16.887698695063591 65.542104577645659 10.026137877255676 27.507659556344151 8.1853109672665578 46.731359086930752 25.234408646821976 45.399099409580231 33.230591520667076 19.605792693793774 18.482522144913673
leaf_count=2878 34 19 45 308 14 185 28 108 48 146 52 50 27
internal_value=-5.27586e-06 -0.00144107 -0.0163617 -0.0248887 0.000606443 0 0.0192516 0.00558427 0.000820824 -0.00752989 0.0139333 0.00512385 0.0187578
internal_weight=1044.9 834.494 101.454 82.4298 733.04 723.014 19.0244 210.409 135.847 92.1305 74.5619 52.8364 43.7169
internal_count=3942 3477 400 353 3077 3063 47 465 329 254 136 102 75
is_linear=0
shrinkage=0.04


Tree=220
num_leaves=10
num_cat=0
split_feature=23 21 18 2 24 21 23 11 10
split_gain=5.09329 17.8615 19.6493 17.351 16.8494 8.63823 10.2275 11.8083 10.0154
threshold=20.500000000000004 191.50000000000003 0.45268500000000006 241.31000000000003 0.10690523500000002 181.00000000000003 18.500000000000004 -37744.384999999987 20405.635000000006
decision_type=2 2 2 2 2 2 2 2 2
left_child=5 2 3 -2 -4 6 8 -8 -1
right_child=1 -3 4 -5 -6 -7 7 -9 -10
leaf_value=-0.0013361397851038603 -0.03067168243968757 -0.048357920008827028 0.030745138362331528 0.02599939888493295 -0.01382486724573756 0.034217812493654833 0.026167800297654333 -0.032254822746922276 0.025872758074901095
leaf_weight=843.67032691929489 25.994779756292701 7.9945371225476256 68.715542122721672 12.046817723661659 15.884849682450293 10.415415368974207 5.9474306255578986 30.846218094229698 21.679472774267197
leaf_count=3207 243 41 109 24 55 21 11 187 44
internal_value=0 0.00735352 0.0113291 -0.012102 0.0221095 -0.00107653 -0.0015249 -0.0220507 -0.000616834
internal_weight=1043.2 130.637 122.642 38.0416 84.6004 912.559 902.143 36.7936 865.35
internal_count=3942 472 431 267 164 3470 3449 198 3251
is_linear=0
shrinkage=0.04


Tree=221
num_leaves=8
num_cat=0
split_feature=6 6 24 19 6 6 4
split_gain=5.09011 15.9419 16.6459 11.3314 7.69175 11.2521 8.82279
threshold=0.086185000000000025 0.064330000000000012 0.069800625000000019 3.7500000000000004 0.03135000000000001 0.015205000000000002 1.4470000000000003
decision_type=2 2 2 2 2 2 2
left_child=1 4 -3 -2 5 -1 -6
right_child=3 2 -4 -5 6 -7 -8
leaf_value=0.00057878148042403259 -0.01884300917137148 -0.0029071470488905931 -0.086458530110874982 0.031702137993940088 -0.001210450315906412 -0.012434899051184296 0.018640682611853299
leaf_weight=731.27781514031813 9.4739045798778552 9.6295042783021945 6.497469797730445 21.855338081717491 67.920314162969589 123.46085878275335 71.238259427249432
leaf_count=3077 26 22 34 38 160 448 137
internal_value=0 -0.000512516 -0.0393601 0.0157331 0.000117186 -0.00128374 0.00883892
internal_weight=1041.35 1010.02 16.127 31.3292 993.897 854.739 139.159
internal_count=3942 3878 56 64 3822 3525 297
is_linear=0
shrinkage=0.04


Tree=222
num_leaves=7
num_cat=0
split_feature=16 16 8 6 6 22
split_gain=5.06428 6.31428 6.00699 9.25456 9.16462 1.61101
threshold=21.000000000000004 13.500000000000002 0.0055000000000000005 -0.0052349999999999992 0.0055800000000000008 13.950000000000001
decision_type=2 2 2 2 2 2
left_child=1 2 3 -1 -4 -3
right_child=-2 5 4 -5 -6 -7
leaf_value=0.037365791267443021 0.03769502206419327 -0.052326905115408502 -0.012426674053491739 -0.0024061620420446597 0.00068738920476602765 -0.0050500984590852172
leaf_weight=16.70830000191927 5.1658292114734641 4.1164983548223963 93.535190561786294 18.51100739184767 899.25324418535456 3.0867404397577047
leaf_count=31 6 24 386 118 3354 23
internal_value=0 -0.00022447 2.64404e-05 0.016161 -0.000533646 -0.0363069
internal_weight=1040.38 1035.21 1028.01 35.2193 992.788 7.20324
internal_count=3942 3936 3889 149 3740 47
is_linear=0
shrinkage=0.04


Tree=223
num_leaves=8
num_cat=0
split_feature=0 15 11 18 20 10 23
split_gain=5.01026 7.54087 6.98308 6.45945 6.40562 11.3696 9.57698
threshold=0.13250000000000003 0.70150000000000012 -2004.2149999999999 0.46819500000000008 1.5000000000000002 -48.85499999999999 1.0000000180025095e-35
decision_type=2 2 2 2 2 2 2
left_child=2 4 -1 -4 5 -2 -6
right_child=1 -3 3 -5 6 -7 -8
leaf_value=0.038141409421775345 -0.0029808993981627029 -0.040724350601721512 -0.044848984198353772 0.023842939792145079 0.013011960512462686 0.021667486150431965 -0.0024764883366271816
leaf_weight=12.195276118814947 61.073579480871558 6.8720496632158747 3.7013318017125121 3.7832379564642906 68.465254725888371 55.876078117638826 828.04903363948688
leaf_count=18 314 42 28 12 226 157 3145
internal_value=0 -0.000408251 0.0197184 -0.00830358 -9.52061e-05 0.0086674 -0.00126477
internal_weight=1040.02 1020.34 19.6798 7.48457 1013.46 116.95 896.514
internal_count=3942 3884 58 40 3842 471 3371
is_linear=0
shrinkage=0.04


Tree=224
num_leaves=13
num_cat=0
split_feature=5 5 18 11 11 5 10 11 4 5 20 5
split_gain=4.94082 15.9611 35.2645 18.0666 13.6149 22.5462 18.4828 8.78068 9.18001 7.85623 7.93067 3.68661
threshold=56.875000000000007 56.915000000000006 0.25073000000000006 -1619.0549999999998 -14679.659999999998 56.865000000000002 -1192.4599999999998 33944.260000000002 0.84450000000000014 56.855000000000011 14.500000000000002 57.315000000000005
decision_type=2 2 2 2 2 2 2 2 2 2 2 2
left_child=4 2 3 -2 9 6 -6 8 -3 10 -1 -9
right_child=1 7 -4 -5 5 -7 -8 11 -10 -11 -12 -13
leaf_value=-0.024067619867699005 -0.04733417117462322 0.005526483865183591 -0.052164895108421469 0.034045259891777362 -0.046847320711369801 -0.054760286418714124 0.020892950441231854 -0.061129597666091273 -0.0026887511716311395 0.043809804158407316 0.029750873211796317 -0.0031626323817953218
leaf_weight=7.1608835402876165 5.1543456129729774 375.98357857391238 28.210033800452948 17.353541221469641 7.2044581845402709 10.614655298646538 36.436310652643442 4.715150658041237 512.74345905240625 20.527822047472 9.3421718925237638 3.9118676967918873
leaf_count=35 58 1124 220 104 68 87 153 34 2012 18 11 18
internal_value=0 -0.000874555 -0.0225989 0.0139163 0.00884437 -0.00361364 0.00885293 0.000342921 0.000765436 0.027435 0.00520106 -0.0386493
internal_weight=1039.36 948.072 50.7179 22.5079 91.2863 54.2554 43.6408 897.354 888.727 37.0309 16.5031 8.62702
internal_count=3942 3570 382 162 372 308 221 3188 3136 64 46 52
is_linear=0
shrinkage=0.04


Tree=225
num_leaves=12
num_cat=0
split_feature=3 24 5 18 6 3 19 1 19 3 14
split_gain=5.04701 16.3084 12.2499 10.9147 15.4543 9.68919 7.80497 21.1287 10.3198 5.76515 4.54275
threshold=22405.755000000001 0.21567257000000004 57.385000000000012 0.39652000000000004 0.033645000000000008 19845.855000000003 64.250000000000014 2146.2700000000009 54.000000000000007 31425.950000000004 1.0000000180025095e-35
decision_type=2 2 2 2 2 2 2 2 2 2 2
left_child=5 3 -3 9 -5 6 8 -8 -1 -2 -7
right_child=1 2 -4 4 -6 10 7 -9 -10 -11 -12
leaf_value=-0.00025378310803628472 0.042269279446403053 -0.053953440876145953 0.016590459682393019 -0.047104987813090186 0.022948638839989162 -0.005791525129667489 0.020600787956423585 -0.037064470187281963 0.027630691052218385 0.0098091327936930192 -0.065994533533604058
leaf_weight=886.09106241166592 25.964231424033642 9.3858762383460981 5.6612544655799857 7.9133982509374645 11.824304372072218 4.6998037993907928 14.781394924968479 28.477358799427748 21.235192267224193 16.420625591650605 4.8032492864876968
leaf_count=3464 32 70 10 40 19 19 44 129 36 52 27
internal_value=-3.67209e-06 0.00978444 -0.026446 0.0190205 -0.00461945 -0.000815922 -0.000382369 -0.0168931 0.000391657 0.030421 -0.0399978
internal_weight=1037.26 77.1697 15.0471 62.1226 19.7377 960.088 950.585 43.2588 907.326 42.3849 9.50305
internal_count=3942 223 80 143 59 3719 3673 173 3500 84 46
is_linear=0
shrinkage=0.04


Tree=226
num_leaves=14
num_cat=0
split_feature=23 21 18 22 20 4 23 4 20 18 20 10 10
split_gain=4.84428 16.7232 18.6805 12.5925 8.14465 13.5145 11.2707 26.0222 12.3335 7.79739 2.58153 1.95355 0.245486
threshold=20.500000000000004 191.50000000000003 0.15654500000000002 19.750000000000004 1.5000000000000002 5.1455000000000011 2.5000000000000004 0.76350000000000018 9.5000000000000018 0.12494500000000001 12.500000000000002 -31598.004999999997 289.56000000000006
decision_type=2 2 2 2 2 2 2 2 2 2 2 2 2
left_child=4 2 11 -4 5 9 8 -8 -6 -1 -3 -2 -7
right_child=1 10 3 -5 6 12 7 -9 -10 -11 -12 -13 -14
leaf_value=-0.0060719363933796457 0 -0.068796694787498822 0.0092328482157060989 0.043809902012700713 -0.002323553834574851 -0.054083499489982659 -0.018646664692370342 -5.8941477931528192e-05 0.018782456884815685 0.018932360888580389 -0.013067396656343913 -0.042118969409914275 -0.014909892706787732
leaf_weight=24.878991529345512 1.1646258831024159 4.1338378489017478 88.453900061547756 21.289449028670788 106.03870260436088 4.0438632853329173 165.03620135877281 451.04826503898948 73.813786175101995 79.462440088391304 3.7672847807407379 10.055563185364006 2.6440673712641001
leaf_count=216 5 25 220 39 411 29 810 1658 164 160 16 167 22
internal_value=-4.02242e-06 0.00721793 0.0111005 0.0162902 -0.00105559 0.00903038 -0.00249243 -0.00508173 0.00625579 0.0127791 -0.0469646 -0.0364833 -0.0434931
internal_weight=1035.83 128.865 120.964 109.743 906.966 111.029 795.937 616.084 179.852 104.341 7.90112 11.2202 6.68793
internal_count=3942 472 431 259 3470 427 3043 2468 575 376 41 172 51
is_linear=0
shrinkage=0.04


Tree=227
num_leaves=8
num_cat=0
split_feature=11 22 22 22 22 10 14
split_gain=4.88461 5.8367 27.6074 24.7092 17.7414 16.3033 11.1148
threshold=-140281.28999999995 10.15 14.450000000000001 17.950000000000003 9.9500000000000011 -48.85499999999999 1.0000000180025095e-35
decision_type=2 2 2 2 2 2 2
left_child=-1 4 5 -4 6 -3 -2
right_child=1 2 3 -5 -6 -7 -8
leaf_value=0.022406324023701598 0.010361765744189611 -0.010857727037170034 0.017455123344775475 -0.0056087206328535874 0.045092264911632818 -0.045663316362920182 -0.0023099823869148248
leaf_weight=14.7969978377223 151.05361708253622 73.769532641395926 108.33760868757963 232.61302406759933 14.606349058449267 31.643530895933509 407.14242469333112
leaf_count=32 364 330 403 1222 35 260 1296
internal_value=-8.9179e-06 -0.000364801 -0.00380848 0.00167611 0.00228483 -0.021661 0.00108953
internal_weight=1033.96 1019.17 446.364 340.951 572.802 105.413 558.196
internal_count=3942 3910 2215 1625 1695 590 1660
is_linear=0
shrinkage=0.04


Tree=228
num_leaves=10
num_cat=0
split_feature=5 5 21 18 22 22 22 4 10
split_gain=4.88411 14.9705 13.004 30.8666 10.4495 9.67711 14.5856 13.9998 9.55273
threshold=56.875000000000007 56.885000000000012 111.50000000000001 0.73354500000000011 3.3500000000000001 22.450000000000003 21.250000000000004 0.9870000000000001 -6609.3049999999994
decision_type=2 2 2 2 2 2 2 2 2
left_child=2 -2 3 4 -1 6 -3 -7 -5
right_child=1 5 -4 8 -6 7 -8 -9 -10
leaf_value=0.013817708813742715 -0.047763066326097565 -9.391723618697711e-05 0.048285156301051735 0.036625357634697264 -0.045308732437809106 -0.00074466468240968347 0.024543778450713118 -0.032410320293387522 0.0018568245179671949
leaf_weight=5.3201676756143597 10.278534261509774 792.47202638629824 11.211825847625731 27.427930280566216 20.598248163238168 64.922017551027238 39.826334899291396 34.702019654214382 25.546543322503567
leaf_count=14 102 2804 12 30 254 315 115 234 62
internal_value=-7.67523e-06 -0.000879553 0.00884312 0.00271713 -0.0323832 -0.000315672 0.00107503 -0.0120813 0.0204066
internal_weight=1032.31 942.201 90.1047 78.8929 25.9184 931.922 832.298 99.624 52.9745
internal_count=3942 3570 372 360 268 3468 2919 549 92
is_linear=0
shrinkage=0.04


Tree=229
num_leaves=11
num_cat=0
split_feature=3 24 5 5 22 3 19 1 19 14
split_gain=4.83853 15.1188 11.6569 10.4928 18.2149 9.06124 7.24666 19.6892 9.52848 4.31712
threshold=22405.755000000001 0.21567257000000004 57.385000000000012 57.085000000000008 8.7500000000000018 19845.855000000003 64.250000000000014 2146.2700000000009 54.000000000000007 1.0000000180025095e-35
decision_type=2 2 2 2 2 2 2 2 2 2
left_child=5 3 -3 -2 -5 6 8 -8 -1 -7
right_child=1 2 -4 4 -6 9 7 -9 -10 -11
leaf_value=-0.00025220092586625807 0.043226145224574325 -0.053117527799723403 0.016331217032619052 0.026328774933156201 -0.027637280953633936 -0.0055413072283062009 0.01982981557267138 -0.03591831410536097 0.026695898660346846 -0.064529190252505628
leaf_weight=880.84783116914332 18.843968346714973 9.0755301974713785 5.5879774391651145 27.443571509793401 14.878783021122215 4.706243209540844 14.753536090254782 28.268174286931753 20.984132204204798 4.7165397554635984
leaf_count=3464 19 70 10 47 77 19 44 129 36 27
internal_value=-7.16421e-06 0.00966402 -0.0256672 0.0185978 0.00678833 -0.000801273 -0.000380353 -0.0163328 0.000367117 -0.0388468
internal_weight=1030.11 75.8298 14.6635 61.1663 42.3224 954.276 944.854 43.0217 901.832 9.42278
internal_count=3942 223 80 143 124 3719 3673 173 3500 46
is_linear=0
shrinkage=0.04


Tree=230
num_leaves=8
num_cat=0
split_feature=0 15 11 18 3 24 3
split_gain=4.79823 6.80851 6.36078 6.0607 5.49443 14.8444 7.4187
threshold=0.13250000000000003 0.70150000000000012 -2004.2149999999999 0.46819500000000008 22405.755000000001 0.21567257000000004 19845.855000000003
decision_type=2 2 2 2 2 2 2
left_child=2 4 -1 -4 6 -6 -2
right_child=1 -3 3 -5 5 -7 -8
leaf_value=0.037242196494049952 -0.00058701261395014456 -0.039201467409992009 -0.04392903434543826 0.023358473399134605 0.019340160603626505 -0.025021327820986636 -0.036747755819949074
leaf_weight=11.938216857612135 920.32431704830378 6.6906092390418044 3.545450832694768 3.7600874938070774 59.395825212821364 14.326268929988144 8.6982014849781972
leaf_count=18 3586 42 28 12 138 78 40
internal_value=-7.75991e-06 -0.000408946 0.019501 -0.00745671 -0.000110767 0.0103395 -0.000966678
internal_weight=1028.68 1009.44 19.2438 7.30554 1002.74 73.7221 929.023
internal_count=3942 3884 58 40 3842 216 3626
is_linear=0
shrinkage=0.04


Tree=231
num_leaves=8
num_cat=0
split_feature=6 6 24 19 19 6 5
split_gain=4.81491 14.5411 15.5273 10.9824 6.9189 17.9793 13.2827
threshold=0.086185000000000025 0.064330000000000012 0.069800625000000019 3.7500000000000004 4.9500000000000011 0.0055800000000000008 57.055000000000007
decision_type=2 2 2 2 2 2 2
left_child=1 4 -3 -2 6 -6 -1
right_child=3 2 -4 -5 5 -7 -8
leaf_value=0.033617918004408366 -0.018485465909368497 -0.0025541032675184005 -0.083519326327933088 0.031363570790135291 -0.029384007074518027 -0.00041027904066112621 0.0026769548939868108
leaf_weight=24.363458372652531 9.4979104101657885 9.6403734833002108 6.4241296648979178 21.453595072031021 35.65905992127955 689.53613082133234 231.33659047447145
leaf_count=32 26 22 34 38 191 2820 779
internal_value=-9.33745e-06 -0.000514637 -0.0376829 0.0153801 9.2591e-05 -0.00188179 0.00576297
internal_weight=1027.91 996.96 16.0645 30.9515 980.895 725.195 255.7
internal_count=3942 3878 56 64 3822 3011 811
is_linear=0
shrinkage=0.04


Tree=232
num_leaves=12
num_cat=0
split_feature=23 18 2 4 18 10 21 23 4 22 4
split_gain=4.71961 15.9398 18.6555 18.7517 12.0087 21.7047 7.81373 9.2997 11.098 10.015 7.40524
threshold=20.500000000000004 0.48500000000000004 241.31000000000003 0.17950000000000002 0.93500500000000009 23.905000000000005 181.00000000000003 18.500000000000004 0.82250000000000012 2.7500000000000004 5.5965000000000016
decision_type=2 2 2 2 2 2 2 2 2 2 2
left_child=6 2 3 -2 10 -6 7 9 -9 -1 -3
right_child=1 4 -4 -5 5 -7 -8 8 -10 -11 -12
leaf_value=0.011161328123047359 0.032853586764995932 0.01754015614807429 0.024665190168238232 -0.047673236816087101 0.019168845428559459 -0.066921325912973437 0.032910103493560244 0.0018149096383937113 -0.041285130257806557 -0.002221542154712599 0.052134350658523607
leaf_weight=100.86374807544053 5.1008195504546192 53.967977277934551 13.183961648494003 22.616708774119616 12.956601262092592 6.5769076943397513 10.160405471920965 16.557749927043915 19.574646510183811 752.05791940772906 13.25818234682083
leaf_count=257 11 110 26 248 25 38 21 63 135 2994 14
internal_value=-1.07047e-05 0.00715098 -0.0130557 -0.0318257 0.0169265 -0.00976606 -0.00105309 -0.00148199 -0.0212333 -0.00060988 0.0249926
internal_weight=1026.88 127.661 40.9015 27.7175 86.7597 19.5335 899.214 889.054 36.1324 852.922 67.2262
internal_count=3942 472 285 259 187 63 3470 3449 198 3251 124
is_linear=0
shrinkage=0.04


Tree=233
num_leaves=10
num_cat=0
split_feature=5 5 21 18 22 21 22 22 4
split_gain=4.71395 14.1883 12.1288 29.0455 10.0931 9.40511 9.14039 13.4192 13.2038
threshold=56.875000000000007 56.885000000000012 111.50000000000001 0.73354500000000011 3.3500000000000001 69.500000000000014 22.450000000000003 21.250000000000004 1.2155000000000002
decision_type=2 2 2 2 2 2 2 2 2
left_child=2 -2 3 4 -1 -5 7 -3 -8
right_child=1 6 -4 5 -6 -7 8 -9 -10
leaf_value=0.01336314959973193 -0.047164482539274549 -8.6740821634472467e-05 0.047034211809018289 0.036135741599245083 -0.044931721320773797 0.0015084000862642592 -0.0022431361220714512 0.023668820982615021 -0.034941711710129997
leaf_weight=5.3172215521335628 9.9766763225197774 788.01730524376035 11.095574572682379 27.06538887321949 19.896083290223032 25.445154242217541 70.562102162279189 39.394584860652685 27.840556245297194
leaf_count=14 102 2804 12 33 254 59 342 115 207
internal_value=-5.86274e-06 -0.00086291 0.00875426 0.00276817 -0.0318393 0.0199061 -0.00031718 0.00103376 -0.0118265
internal_weight=1024.61 935.791 88.8194 77.7238 25.2133 52.5105 925.815 827.412 98.4027
internal_count=3942 3570 372 360 268 92 3468 2919 549
is_linear=0
shrinkage=0.04


Tree=234
num_leaves=14
num_cat=0
split_feature=24 6 21 14 5 24 24 8 2 20 20 22 3
split_gain=4.7445 10.9185 13.9457 10.4518 24.2409 11.0411 9.66299 25.7993 14.7909 9.47633 12.3843 10.8396 7.18128
threshold=0.021827355000000003 0.0055800000000000008 22.500000000000004 1.0000000180025095e-35 58.065000000000005 0.014187635000000002 0.054121440000000014 0.94450000000000001 220.19500000000002 3.5000000000000004 9.5000000000000018 6.0500000000000007 13807.290000000003
decision_type=2 2 2 2 2 2 2 2 2 2 2 2 2
left_child=1 2 -1 5 -5 -3 7 8 -2 11 -11 -8 -9
right_child=6 3 -4 4 -6 -7 9 12 -10 10 -12 -13 -14
leaf_value=-0.056159511481166671 -0.014379330231128118 -0.0091087915908774023 0.028367550712534148 0.025710001991277584 -0.01980133156066986 0.037631222441585822 0.018802928161641506 -0.053010848568122174 0.022202915942556082 -0.0073315058326078051 0.0046247287552100627 0.00045834020012907196 -0.0056138081589003751
leaf_weight=8.4748283633962256 41.936250507831573 9.5801644772291166 4.0561643354594699 35.220591243356466 38.709856398403645 33.215494491159916 83.249012930318713 23.986492373049263 29.755592793226242 329.79357301350683 236.48206850141287 140.14531854353845 7.8722202461212865
leaf_count=61 181 47 6 80 105 41 262 118 66 1424 744 780 27
internal_value=-5.61316e-06 0.00712201 -0.0272255 0.0110803 0.0016387 0.0267218 -0.00106283 -0.0125275 0.000575654 0.000422211 -0.00230351 0.00741059 -0.0421849
internal_weight=1022.48 129.257 12.531 116.726 73.9304 42.7957 893.221 103.551 71.6918 789.67 566.276 223.394 31.8587
internal_count=3942 340 67 273 185 88 3602 392 247 3210 2168 1042 145
is_linear=0
shrinkage=0.04


Tree=235
num_leaves=14
num_cat=0
split_feature=16 1 22 18 1 18 1 24 14 24 1 23 10
split_gain=4.75235 18.2305 13.1842 16.2081 10.3948 10.2319 14.2257 13.2933 11.7424 9.1699 8.71539 5.41166 4.30705
threshold=6.5000000000000009 11740.020000000002 6.8500000000000005 0.52959500000000015 23843.610000000004 0.081500000000000017 572.43000000000018 10.695887090000001 1.0000000180025095e-35 0.053274075000000011 4510.545000000001 14.500000000000002 2839.4550000000004
decision_type=2 2 2 2 2 2 2 2 2 2 2 2 2
left_child=5 2 3 -2 -3 7 9 -1 -8 -7 -4 -6 -9
right_child=1 4 10 -5 11 6 8 12 -10 -11 -12 -13 -14
leaf_value=-0.042757640099389704 0.0090182506235195331 -0.05709295302575957 0.01143031818921203 -0.049674211390414245 -0.024362286667701204 0.012432200995259948 0.0096406454991801102 -0.01723575998660868 -0.0019987249885124823 -0.05247536865033741 0.038922951612488203 0.026492749494459608 0.030693302174613503
leaf_weight=20.002690961584452 25.701308704912663 9.3446803670376557 57.405171509832144 9.9093822129070741 7.0415557250380498 3.8774375021457699 175.33264641650021 4.2074890378862602 652.8695340519771 12.812145203351973 29.714577799662948 5.4628750272095203 6.6247406415641308
leaf_count=453 68 65 182 41 33 9 460 38 2424 76 51 14 28
internal_value=-4.60188e-06 0.00668122 0.0127982 -0.0072219 -0.0263016 -0.00113442 -0.000277864 -0.0235872 0.000445557 -0.0363091 0.0212043 -0.000442664 0.0103726
internal_weight=1020.31 144.58 122.73 35.6107 21.8491 875.727 844.892 30.8349 828.202 16.6896 87.1197 12.5044 10.8322
internal_count=3942 454 342 109 112 3488 2969 519 2884 85 233 47 66
is_linear=0
shrinkage=0.04


Tree=236
num_leaves=12
num_cat=0
split_feature=1 4 3 2 1 16 1 6 10 21 23
split_gain=4.69587 9.51278 8.1516 16.0092 8.48089 7.72639 15.0414 9.33048 6.06588 3.8637 7.83612
threshold=1207.45 12.799500000000002 2402.5900000000006 44.790000000000006 1689.0400000000002 7.5000000000000009 659.69500000000005 0.016275000000000001 -983.49999999999989 18.500000000000004 16.500000000000004
decision_type=2 2 2 2 2 2 2 2 2 2 2
left_child=5 2 3 -2 -4 6 7 -1 -8 10 -7
right_child=1 -3 4 -5 -6 9 8 -9 -10 -11 -12
leaf_value=-0.046426604786199296 0.01323454974443661 -0.044394949231464781 -0.031434596333214486 -0.026174766258891983 0.0010951684605237392 -0.009025372683971758 0.031124593364623296 0 0.0015193330729510218 0.04495559076153198 0.041364961759067044
leaf_weight=12.638828676193954 23.40514485584572 7.5041674203239372 12.504557840526102 49.813636617735028 820.10223006131127 10.453373033553367 20.542864061892033 15.99145571887493 26.720349743962288 10.560117706656454 7.9523605704307547
leaf_count=102 71 78 56 230 3174 44 28 48 90 12 9
internal_value=-6.17154e-06 -0.000947675 -0.000541383 -0.0133015 0.000564039 0.00797012 0.000939079 -0.0214405 0.0149971 0.0253849 0.0122065
internal_weight=1018.19 913.33 905.826 73.2188 832.607 104.859 75.8935 28.6303 47.2632 28.9659 18.4057
internal_count=3942 3609 3531 301 3230 333 268 150 118 65 53
is_linear=0
shrinkage=0.04


Tree=237
num_leaves=9
num_cat=0
split_feature=5 23 21 18 6 22 6 20
split_gain=4.66998 4.80928 15.0413 16.5068 8.37331 16.2448 15.6596 2.60239
threshold=58.275000000000013 20.500000000000004 191.50000000000003 0.45268500000000006 0.010130000000000002 3.0500000000000003 0.0055800000000000008 12.500000000000002
decision_type=2 2 2 2 2 2 2 2
left_child=1 4 3 -3 6 -6 -1 -4
right_child=-2 2 7 -5 5 -7 -8 -9
leaf_value=-0.0052187000276731907 0.029382839872585151 -0.011323098568956295 -0.067705961013780749 0.020752101412226619 0.011874825523222637 -0.006085776173266888 0.016234675290100805 -0.011677882466711682
leaf_weight=106.89007363235578 8.0665844380855543 36.074055954813957 3.9041096270084372 81.655157256871462 92.594738120213151 575.92112164292485 108.08398880064487 3.7382010892033577
leaf_count=469 17 267 25 164 226 2496 262 16
internal_value=-5.21268e-06 -0.000274445 0.00701575 0.0107483 -0.00133497 -0.00356118 0.00548739 -0.0451564
internal_weight=1016.93 1008.86 125.372 117.729 883.49 668.516 214.974 7.64231
internal_count=3942 3925 472 431 3453 2722 731 41
is_linear=0
shrinkage=0.04


Tree=238
num_leaves=8
num_cat=0
split_feature=6 6 24 19 6 6 21
split_gain=4.65075 13.2875 14.3929 10.3472 6.42964 13.3786 5.23129
threshold=0.086185000000000025 0.064330000000000012 0.069800625000000019 3.7500000000000004 0.030015000000000003 0.015205000000000002 16.500000000000004
decision_type=2 2 2 2 2 2 2
left_child=1 4 -3 -2 5 -1 -6
right_child=3 2 -4 -5 6 -7 -8
leaf_value=0.00058751009402736312 -0.017382904708845525 -0.0021936556631332051 -0.08042319029407026 0.031044831299822974 0.0010447693057241336 -0.01489926262157641 0.016165392989768951
leaf_weight=712.23704929789528 9.5490746796131152 9.6009631603956205 6.3778436183929434 20.98730880022049 90.058741323649883 101.23990223556757 65.088493086397648
leaf_count=3077 26 22 34 38 210 406 129
internal_value=-5.06178e-06 -0.000505052 -0.036125 0.0152205 8.02451e-05 -0.00132327 0.00754833
internal_weight=1015.14 984.603 15.9788 30.5364 968.624 813.477 155.147
internal_count=3942 3878 56 64 3822 3483 339
is_linear=0
shrinkage=0.04


Tree=239
num_leaves=9
num_cat=0
split_feature=0 15 11 18 20 10 23 16
split_gain=4.62163 6.10481 5.56755 5.40426 5.37695 9.95295 8.76194 0.0198967
threshold=0.13250000000000003 0.70150000000000012 -2004.2149999999999 0.46819500000000008 1.5000000000000002 -48.85499999999999 1.0000000180025095e-35 2.5000000000000004
decision_type=2 2 2 2 2 2 2 2
left_child=2 4 -1 -4 5 -2 -6 -3
right_child=1 7 3 -5 6 -7 -8 -9
leaf_value=0.036252934798721624 -0.0029869460141872207 -0.014421805402680335 -0.041946742257430447 0.02315270109260667 0.012549900094506926 0.020426093763808998 -0.0023743293941399699 -0.047423619803973319
leaf_weight=11.561384685337545 59.272296610753983 2.9375305995345107 3.3391829319298258 3.5765514671802521 67.501834738068283 54.041581865400076 808.34279650682583 3.603680957108736
leaf_count=18 314 14 28 12 226 157 3145 28
internal_value=-5.01874e-06 -0.000397204 0.0195289 -0.00629176 -0.000112673 0.00804414 -0.00119478 -0.0375201
internal_weight=1014.18 995.7 18.4771 6.91573 989.159 113.314 875.845 6.54121
internal_count=3942 3884 58 40 3842 471 3371 42
is_linear=0
shrinkage=0.04


Tree=240
num_leaves=10
num_cat=0
split_feature=5 5 11 5 10 22 24 22 21
split_gain=4.69409 13.3573 11.6583 20.8752 16.6035 8.62568 9.91036 9.42905 7.35124
threshold=56.875000000000007 56.885000000000012 -14679.659999999998 56.865000000000002 -1192.4599999999998 0.75000000000000011 18.958058495000007 2.6500000000000008 70.500000000000014
decision_type=2 2 2 2 2 2 2 2 2
left_child=2 -2 8 4 -4 6 -3 -7 -1
right_child=1 5 3 -5 -6 7 -8 -9 -10
leaf_value=0.040930227980999441 -0.046573738937699435 -0.051118974872871217 -0.046022057807487741 -0.054065864737311189 0.020412747387099379 0.012785101398691963 0.024585946157831624 -0.0011792798068292131 0.0021916219525822847
leaf_weight=21.414093153551221 9.6231751190498453 10.073445921763776 6.6211550235748282 9.8794922693632525 35.489172532223165 84.903877019882202 3.0052208304405204 818.45620385697111 14.071951411664484
leaf_count=32 102 81 68 87 153 192 4 3191 32
internal_value=-4.99336e-06 -0.000863062 0.00880488 -0.00293902 0.00908014 -0.000336125 -0.0319858 0.000117406 0.0263681
internal_weight=1013.54 926.062 87.4759 51.9898 42.1103 916.439 13.0787 903.36 35.486
internal_count=3942 3570 372 308 221 3468 85 3383 64
is_linear=0
shrinkage=0.04


Tree=241
num_leaves=7
num_cat=0
split_feature=10 4 4 22 10 8
split_gain=4.56916 5.19712 6.00385 14.9468 10.7853 1.53197
threshold=-141488.20999999996 0.05050000000000001 0.17950000000000002 16.250000000000004 -56385.104999999989 0.96400000000000008
decision_type=2 2 2 2 2 2
left_child=-1 5 3 -3 -4 -2
right_child=1 2 4 -5 -6 -7
leaf_value=0.029663591329722155 -0.042920757856732196 -0.006118048246309753 -0.037857719587033267 0.030742392786406603 -0.00034265704094708286 0
leaf_weight=7.7254943102598181 5.3839639280922702 35.556334001012146 11.952800065279005 32.801274249330163 916.90044897515327 1.4414288913831113
leaf_count=17 86 136 55 62 3576 10
internal_value=-6.43064e-06 -0.000269286 -2.62789e-06 0.0113737 -0.000867042 -0.0338392
internal_weight=1011.76 1004.04 997.211 68.3576 928.853 6.82539
internal_count=3942 3925 3829 198 3631 96
is_linear=0
shrinkage=0.04


Tree=242
num_leaves=12
num_cat=0
split_feature=1 4 14 12 12 16 1 10 22 21 23
split_gain=4.50201 9.0122 8.15075 27.5261 16.1631 7.31763 13.9007 9.10266 6.05599 3.59196 7.39137
threshold=1207.45 12.799500000000002 1.0000000180025095e-35 24.500000000000004 36.000000000000007 7.5000000000000009 659.69500000000005 2620.5700000000006 6.4500000000000011 18.500000000000004 16.500000000000004
decision_type=2 2 2 2 2 2 2 2 2 2 2
left_child=5 2 3 -2 -4 6 7 -1 -8 10 -7
right_child=1 -3 4 -5 -6 9 8 -9 -10 -11 -12
leaf_value=-0.037762844760818537 -0.0048477555461211297 -0.043841805031092702 -0.00040564424604054192 0.024632538391559683 -0.019488876371057142 -0.0082947789970915318 0.029854762337124478 0.0073338442716636342 0.00032600166415737073 0.044219620503513468 0.040880000744554612
leaf_weight=17.909035364165906 132.32695602020249 7.2755627501755944 607.05311323609203 80.739903971552849 80.30017976090312 10.448359405621892 21.63039593398571 10.431495960801838 25.170571520924568 10.254531070590017 7.7839975655078879
leaf_count=117 570 78 2612 116 233 44 37 33 81 12 9
internal_value=-7.27578e-06 -0.000930215 -0.000537143 0.00626142 -0.00267667 0.00785046 0.000979075 -0.020631 0.0145677 0.024956 0.0121627
internal_weight=1011.32 907.696 900.42 213.067 687.353 103.628 75.1415 28.3405 46.801 28.4869 18.2324
internal_count=3942 3609 3531 686 2845 333 268 150 118 65 53
is_linear=0
shrinkage=0.04


Tree=243
num_leaves=14
num_cat=0
split_feature=24 6 21 24 8 2 21 11 11 6 5 6 6
split_gain=4.48299 9.95612 13.2251 9.38247 23.7626 13.8876 9.69928 21.699 15.7213 9.21855 19.959 6.97206 1.42842
threshold=0.021827355000000003 0.0055800000000000008 22.500000000000004 0.054121440000000014 0.94450000000000001 244.07000000000002 19.500000000000004 -15530.194999999998 -5704.6599999999989 0.009955000000000002 57.355000000000011 0.036470000000000009 0.0087350000000000014
decision_type=2 2 2 2 2 2 2 2 2 2 2 2 2
left_child=1 2 -1 4 5 -2 8 -8 -5 12 -11 -6 -3
right_child=3 9 -4 6 11 -7 7 -9 -10 10 -12 -13 -14
leaf_value=-0.054917926111564104 -0.013002144244985097 0.01910351341934614 0.02801461788770003 -0.010485700756334508 -0.053694526356051445 0.023481495354721101 0.010023071203092719 -0.011213401238286529 0.0084253659646125328 0.026668078560984187 -0.011793660901674771 -0.0095217152604549857 0.042734773685150655
leaf_weight=8.2370773525908572 44.506939617916942 15.465862220153214 4.0078907348215571 87.387385270558298 21.722205592319373 26.007323153316975 111.57604890316725 241.58282914664596 340.04238330805674 36.396608473733068 50.910503447055817 9.6475009545683843 12.189952939748762
leaf_count=61 197 32 6 374 118 50 273 1164 1399 86 143 27 12
internal_value=-4.71722e-06 0.00698011 -0.02617 -0.00103761 -0.0124296 0.000242837 0.000430691 -0.00444277 0.00450456 0.0107822 0.00407306 -0.0410996 0.0308038
internal_weight=1009.68 127.208 12.245 882.473 101.884 70.5143 780.589 353.159 427.43 114.963 87.3071 31.3697 27.6558
internal_count=3942 340 67 3602 392 247 3210 1437 1773 273 229 145 44
is_linear=0
shrinkage=0.04


Tree=244
num_leaves=11
num_cat=0
split_feature=8 0 0 0 0 1 6 19 19 23
split_gain=4.47285 8.60373 11.9506 6.69288 17.5293 11.6736 10.4427 13.8353 1.99823 1.29264
threshold=0.0055000000000000005 1.5585000000000002 0.90650000000000019 1.8855000000000002 1.6865000000000003 11982.170000000002 0.031515000000000008 59.500000000000007 -1.0000000180025095e-35 8.5000000000000018
decision_type=2 2 2 2 2 2 2 2 2 2
left_child=1 2 9 4 5 -2 7 -5 -4 -1
right_child=3 -3 8 6 -6 -7 -8 -9 -10 -11
leaf_value=0.032798370648629609 0.00074557324278250474 0.042374189257850754 -0.045842813696087364 -0.055618955477030933 0.039062991742772155 -0.014787318261103544 0.0057374252957597804 0.023149224679644444 0 0.0057724259519389785
leaf_weight=7.6852027429267791 836.67409695638344 10.997790509834884 6.7780760284513217 14.671307077631356 17.614886866882443 84.666969027370214 14.989443853497503 3.9475778527557841 1.6909801457077263 8.0826551765203458
leaf_count=16 3296 19 84 105 27 306 33 12 13 31
internal_value=-3.74209e-06 0.0138746 0 -0.000533962 7.70714e-05 -0.000667378 -0.0179424 -0.0377038 -0.0367271 0.0207774
internal_weight=1007.8 35.2347 24.2369 972.564 938.956 921.341 33.6083 18.6189 8.46906 15.7679
internal_count=3942 163 144 3779 3629 3602 150 117 97 47
is_linear=0
shrinkage=0.04


Tree=245
num_leaves=7
num_cat=0
split_feature=16 16 2 4 18 19
split_gain=4.39448 5.44896 5.50383 16.2471 10.2761 1.53301
threshold=21.000000000000004 13.500000000000002 42.035000000000004 1.8080000000000003 0.081500000000000017 2.9500000000000006
decision_type=2 2 2 2 2 2
left_child=1 2 3 -1 -4 -3
right_child=-2 5 4 -5 -6 -7
leaf_value=0.018735700803735069 0.035569072711383327 -0.0026416102267693424 -0.022597700934738913 -0.030832250807979175 0 -0.04989104481236465
leaf_weight=63.113742165733129 5.0209786891937247 2.813195437192916 32.891850490588695 11.977667978033422 887.00352919613943 3.9971655756235123
leaf_count=178 6 22 526 86 3099 25
internal_value=0 -0.000214806 1.79022e-05 0.010413 -0.00081412 -0.0346249
internal_weight=1006.82 1001.8 994.987 75.0914 919.895 6.81036
internal_count=3942 3936 3889 264 3625 47
is_linear=0
shrinkage=0.04


Tree=246
num_leaves=8
num_cat=0
split_feature=6 6 24 19 6 6 10
split_gain=4.38779 12.2361 13.6502 9.81553 6.27391 13.0264 5.94749
threshold=0.086185000000000025 0.064330000000000012 0.069800625000000019 3.7500000000000004 0.029725000000000005 0.026475000000000002 240.82000000000002
decision_type=2 2 2 2 2 2 2
left_child=1 4 -3 -2 5 -1 -6
right_child=3 2 -4 -5 6 -7 -8
leaf_value=-0.00072870773571840058 -0.016661577820535275 -0.0018306453492715846 -0.07826248354205001 0.030552494646520569 0.0015787655859895158 -0.046211550533065582 0.018236602525313485
leaf_weight=793.36112729553133 9.5906858891248721 9.6241083294153196 6.2937296628952017 20.594646081328392 103.63290826976299 9.7312406077980977 53.238727778196335
leaf_count=3427 26 22 34 38 246 50 99
internal_value=-7.36623e-07 -0.00048865 -0.0347322 0.0148725 7.61289e-05 -0.00133313 0.00739913
internal_weight=1006.07 975.882 15.9178 30.1853 959.964 803.092 156.872
internal_count=3942 3878 56 64 3822 3477 345
is_linear=0
shrinkage=0.04


Tree=247
num_leaves=12
num_cat=0
split_feature=5 5 18 11 21 18 21 21 11 18 2
split_gain=4.37993 12.7207 33.1733 17.0901 11.4772 26.4039 9.21419 8.60592 8.06286 8.97936 3.26345
threshold=56.875000000000007 56.915000000000006 0.25073000000000006 -1619.0549999999998 111.50000000000001 0.73354500000000011 3.5000000000000004 69.500000000000014 33944.260000000002 1.7255800000000001 698.38000000000022
decision_type=2 2 2 2 2 2 2 2 2 2 2
left_child=4 2 3 -2 5 6 -1 -7 9 -3 -10
right_child=1 8 -4 -5 -6 7 -8 -9 10 -11 -12
leaf_value=0.0091407761385746897 -0.046890966402183126 -0.00076357475797445451 -0.050805093538183889 0.034171644223597503 0.045990335629147776 0.034872857624261899 -0.045280230690058237 0.0013669333770240958 -0.056685285706033518 0.012123344881505215 0
leaf_weight=5.8171016718260971 4.824859417043629 765.46190919028595 26.279687927570194 17.078302202746272 10.951457574963568 26.151669204235077 18.171423817519099 25.214132759720087 5.0383629109710437 96.819234635680914 3.2294695824384689
leaf_count=55 58 2903 220 104 12 33 213 59 42 233 10
internal_value=-3.08819e-06 -0.000833988 -0.0207373 0.0147743 0.00856536 0.00259532 -0.0313495 0.018983 0.000255927 0.000666409 -0.0378703
internal_weight=1005.04 918.732 48.1828 21.9032 86.3058 75.3543 23.9885 51.3658 870.549 862.281 8.26783
internal_count=3942 3570 382 162 372 360 268 92 3188 3136 52
is_linear=0
shrinkage=0.04


Tree=248
num_leaves=11
num_cat=0
split_feature=21 4 20 21 4 10 11 23 4 4
split_gain=4.37456 11.3394 8.57552 7.15795 13.3844 5.96739 10.6645 10.0747 2.70946 1.30725
threshold=170.50000000000003 1.3495000000000001 5.5000000000000009 144.50000000000003 1.8950000000000002 20405.635000000006 10673.875000000002 8.5000000000000018 0.69050000000000011 0.26350000000000007
decision_type=2 2 2 2 2 2 2 2 2 2
left_child=3 8 -3 5 9 6 -1 -7 -2 -5
right_child=1 2 -4 4 -6 7 -8 -9 -10 -11
leaf_value=2.6730699849604206e-05 0.010309311852159558 0.025910391683689846 -0.044560854671482311 -0.011903831083142729 0.0242049166711223 0.044300674606594023 -0.031067953608851215 -0.0078485292094712771 0.040279470560240345 -0.056004196295433809
leaf_weight=909.70292767696083 11.123848535120489 3.5414856970310193 7.1387459635734558 2.971259560436013 5.2505243830382815 12.107317194342615 17.472533693071455 9.9139089677482826 14.1708348095417 9.5036195777356607
leaf_count=3576 30 5 56 17 13 18 105 40 15 67
internal_value=-4.52555e-06 0.0135736 -0.0192905 -0.000537134 -0.0253698 -3.92343e-05 -0.000554116 0.0202821 0.0283302 -0.0479053
internal_weight=1002.9 35.9749 10.6802 966.922 17.7254 949.197 927.175 22.0212 25.2947 12.4749
internal_count=3942 106 61 3836 97 3739 3681 58 45 84
is_linear=0
shrinkage=0.04


Tree=249
num_leaves=14
num_cat=0
split_feature=16 1 22 18 18 24 1 14 2 1 1 23 10
split_gain=4.31099 16.0061 11.915 14.4445 9.47035 12.1206 11.7915 10.033 9.52121 9.4139 8.42135 4.9487 3.75134
threshold=6.5000000000000009 11740.020000000002 6.8500000000000005 0.52959500000000015 0.081500000000000017 10.695887090000001 572.43000000000018 1.0000000180025095e-35 316.04500000000002 23843.610000000004 4510.545000000001 14.500000000000002 2839.4550000000004
decision_type=2 2 2 2 2 2 2 2 2 2 2 2 2
left_child=4 2 3 -2 5 -1 8 -8 -6 -3 -4 -11 -7
right_child=1 9 10 -5 6 12 7 -9 -10 11 -12 -13 -14
leaf_value=-0.042294427652356352 0.008534525590445638 -0.055048177168392914 0.010568831135657007 -0.047239166407174821 -0.050410060175049565 -0.016156537756860365 0.0089788429110356522 -0.0018813258281481986 0.016451697744896941 -0.023270663279980494 0.037881163453349596 0.025880530214583058 0.029393352713341377
leaf_weight=18.775383823551241 25.291607076302171 8.9178442023694533 55.665988152846694 9.7718236632645112 12.435743711888792 4.0501072611659747 171.86446043290198 643.49434955511242 3.8107611238956443 6.9172903858125192 29.1795739158988 5.3249288164079189 6.2534263003617525
leaf_count=453 68 65 182 41 77 38 460 2424 8 33 51 14 28
internal_value=-2.84093e-06 0.00644565 0.0122316 -0.00689228 -0.00108612 -0.0233359 -0.000270521 0.000387408 -0.0335098 -0.024944 0.0203632 -0.000145424 0.00971829
internal_weight=1001.75 141.069 119.909 35.0634 860.684 29.0789 831.605 815.359 16.2465 21.1601 84.8456 12.2422 10.3035
internal_count=3942 454 342 109 3488 519 2969 2884 85 112 233 47 66
is_linear=0
shrinkage=0.04


Tree=250
num_leaves=14
num_cat=0
split_feature=23 21 18 22 20 4 23 10 18 18 20 24 19
split_gain=4.30419 14.0884 15.72 11.2524 7.09271 11.1587 9.41838 15.5362 12.1333 6.75516 2.56035 1.91564 0.325598
threshold=20.500000000000004 191.50000000000003 0.15654500000000002 19.750000000000004 1.5000000000000002 5.1455000000000011 1.0000000180025095e-35 88.660000000000011 2.5526250000000004 0.12494500000000001 12.500000000000002 0.65425271500000015 11.750000000000002
decision_type=2 2 2 2 2 2 2 2 2 2 2 2 2
left_child=4 2 11 -4 5 9 7 -6 -8 -1 -3 -2 -7
right_child=1 10 3 -5 6 12 8 -9 -10 -11 -12 -13 -14
leaf_value=-0.0061105049071741207 -0.041448768899411251 -0.067258389882639338 0.0085022697402476338 0.041828913224855269 0.023064505502026017 -0.051262607113290781 -0.0031727031436941154 -0.020628959482906915 -0.054040776410707515 0.01782127313787497 -0.010852017870254421 0 -0.012269978281420679
leaf_weight=23.205414511263371 8.9921956695616228 3.7273769229650489 84.854924630373716 20.513521376997232 50.313572349026799 3.7397992867045096 696.23603108292446 16.623733418062329 7.1460609738714984 76.983566500246525 3.6311000883579254 1.1547614224255074 2.5998260900378227
leaf_count=216 163 25 220 39 115 27 2763 112 53 160 16 9 24
internal_value=-4.32825e-06 0.00697097 0.0105951 0.0153462 -0.001008 0.00860168 -0.0023676 0.0118443 -0.00375594 0.0120768 -0.0444307 -0.0352674 -0.0402621
internal_weight=999.722 122.874 115.515 105.368 876.848 106.529 770.319 66.9373 703.382 100.189 7.35848 10.147 6.33963
internal_count=3942 472 431 259 3470 427 3043 227 2816 376 41 172 51
is_linear=0
shrinkage=0.04


Tree=251
num_leaves=10
num_cat=0
split_feature=5 5 21 18 22 10 22 18 22
split_gain=4.33827 11.8676 10.6906 24.7649 9.08994 8.39102 7.92955 12.6763 11.3002
threshold=56.875000000000007 56.885000000000012 111.50000000000001 0.73354500000000011 3.3500000000000001 -6609.3049999999994 22.450000000000003 1.8876250000000001 21.250000000000004
decision_type=2 2 2 2 2 2 2 2 2
left_child=2 -2 3 4 -1 -5 8 -8 -3
right_child=1 6 -4 5 -6 -7 7 -9 -10
leaf_value=0.01209894831812953 -0.045249000586024331 -0.00011032053140701362 0.044889643935256747 0.034426944218955001 -0.044097629148304902 0.0012275534840387639 -0.0035674562499451142 -0.040084509688894883 0.022073192240265497
leaf_weight=5.2055520638823536 9.033751995302735 770.17120567755774 10.834624886512755 25.777145817875862 18.085317868273705 25.21369282156229 76.430238067172468 19.050427636131644 37.997040952555835
leaf_count=14 102 2804 12 30 254 62 455 94 115
internal_value=-1.03164e-05 -0.000837484 0.0085787 0.00275026 -0.0307066 0.0185704 -0.000346605 -0.0112326 0.000920936
internal_weight=997.799 912.683 85.1163 74.2817 23.2909 50.9908 903.649 95.4807 808.168
internal_count=3942 3570 372 360 268 92 3468 549 2919
is_linear=0
shrinkage=0.04


Tree=252
num_leaves=10
num_cat=0
split_feature=1 4 4 1 18 5 23 6 14
split_gain=4.29495 8.39595 7.80914 12.463 11.1271 6.89108 7.67321 12.1962 4.59459
threshold=1207.45 12.799500000000002 4.2170000000000014 1884.7850000000001 0.83097500000000013 57.085000000000008 3.5000000000000004 0.014885000000000002 1.0000000180025095e-35
decision_type=2 2 2 2 2 2 2 2 2
left_child=5 2 3 -2 -4 -1 8 -8 -7
right_child=1 -3 4 -5 -6 6 7 -9 -10
leaf_value=0.036990291471220627 -0.030517810037046421 -0.043189426818745956 0.019797232731756608 -0.00083976683641426991 -0.015777032704728581 0 -0.026888845860135274 0.010106874215166841 0.029646497913868534
leaf_weight=11.093246318399904 22.893740598112345 6.967012637294828 60.027986005879939 787.14297933178023 17.298228591680527 11.512120034545658 23.530593253672123 33.74011767283082 21.747070953249931
leaf_count=15 121 78 153 3197 60 35 157 86 40
internal_value=-9.85076e-06 -0.000916794 -0.000538235 -0.00172153 0.0115319 0.00774123 0.00375395 -0.00484838 0.0190116
internal_weight=995.953 894.33 887.363 810.037 77.3262 101.623 90.5299 57.2707 33.2592
internal_count=3942 3609 3531 3318 213 333 318 243 75
is_linear=0
shrinkage=0.04


Tree=253
num_leaves=8
num_cat=0
split_feature=10 8 0 0 8 24 2
split_gain=4.28463 4.42749 8.05242 10.9045 6.60428 16.3281 11.4121
threshold=-141488.20999999996 0.0055000000000000005 1.5585000000000002 0.90650000000000019 0.75050000000000006 0.012134855000000002 42.035000000000004
decision_type=2 2 2 2 2 2 2
left_child=-1 2 3 -2 5 -3 -6
right_child=1 4 -4 -5 6 -7 -8
leaf_value=0.02911902334685073 0.01999092368705211 0.042351589557649588 0.041450290605824697 -0.035710943594463189 0.018573302705977904 -0.012036716847381624 -0.0006276429102284437
leaf_weight=7.5023528859019271 15.476909710094334 8.8075804803520423 10.808492301031945 8.1743918759748322 52.441156044602394 139.65491377562284 751.6664145658724
leaf_count=17 47 13 19 97 131 527 3091
internal_value=-1.02816e-05 -0.000266575 0.0136832 0 -0.000799116 -0.00854453 0.000610484
internal_weight=994.532 987.03 34.4598 23.6513 952.57 148.462 804.108
internal_count=3942 3925 163 144 3762 540 3222
is_linear=0
shrinkage=0.04


Tree=254
num_leaves=7
num_cat=0
split_feature=5 5 5 21 18 22
split_gain=4.1534 4.40646 11.132 9.97793 23.3652 7.32166
threshold=58.275000000000013 56.875000000000007 56.885000000000012 111.50000000000001 0.73354500000000011 0.75000000000000011
decision_type=2 2 2 2 2 2
left_child=1 3 -3 4 -1 -4
right_child=-2 2 5 -5 -6 -7
leaf_value=-0.030230302926583012 0.028495434460138178 -0.044736724698720289 -0.030373386536857418 0.043735314675444358 0.018117219914182504 -0.00015721966771828501
leaf_weight=22.691690206993371 7.6024221926927558 8.7693662857636792 12.547944352030752 10.70604072511196 50.537167157977819 880.94617149373516
leaf_count=268 17 102 85 12 92 3366
internal_value=-5.05933e-06 -0.000259362 -0.00109616 0.00845219 0.00276092 -0.000620687
internal_weight=993.801 986.198 902.263 83.9349 73.2289 893.494
internal_count=3942 3925 3553 372 360 3451
is_linear=0
shrinkage=0.04


Tree=255
num_leaves=11
num_cat=0
split_feature=3 24 5 5 22 3 6 6 19 23
split_gain=4.14326 13.0291 10.5551 9.64534 15.6512 7.67722 5.91384 9.29929 8.48694 3.92591
threshold=22405.755000000001 0.21567257000000004 57.385000000000012 57.085000000000008 8.7500000000000018 19845.855000000003 0.086185000000000025 0.064330000000000012 3.7500000000000004 15.500000000000002
decision_type=2 2 2 2 2 2 2 2 2 2
left_child=5 3 -3 -2 -5 6 7 -1 -8 -7
right_child=1 2 -4 4 -6 9 8 -9 -10 -11
leaf_value=-0.0004013477240853386 0.041705207199164346 -0.051566431425574821 0.015799952573897293 0.024715156610316157 -0.026268891426588267 -0.059663699505513999 -0.012558275070039194 -0.03235305486203021 0.032289925588189806 -0.0022492867957622613
leaf_weight=868.05526750255376 18.062308967113495 8.5385711155831796 5.4028277546167365 26.101382247172296 14.388052528724073 4.8225710839033109 9.0885251611471194 14.361804351210592 19.475849330425262 4.2324982509016991
leaf_count=3563 19 70 10 47 77 32 24 51 35 14
internal_value=-5.37341e-06 0.00914726 -0.0244313 0.0176203 0.00601044 -0.000752847 -0.000356358 -0.000962058 0.0173616 -0.0364423
internal_weight=992.53 72.4931 13.9414 58.5517 40.4894 920.037 910.981 882.417 28.5644 9.05507
internal_count=3942 223 80 143 124 3719 3673 3614 59 46
is_linear=0
shrinkage=0.04


Tree=256
num_leaves=9
num_cat=0
split_feature=0 15 11 18 20 0 23 16
split_gain=4.15917 5.4915 4.97006 4.9935 4.69243 8.54215 8.06828 0.0228871
threshold=0.13250000000000003 0.70150000000000012 -2004.2149999999999 0.46819500000000008 1.5000000000000002 1.1725000000000001 20.500000000000004 2.5000000000000004
decision_type=2 2 2 2 2 2 2 2
left_child=2 4 -1 -4 5 -2 -6 -3
right_child=1 7 3 -5 6 -7 -8 -9
leaf_value=0.035069297833675975 0.012195510374212156 -0.013204805425645354 -0.040947997406844697 0.022952314567508906 -0.0026445034370608782 -0.019338895154711374 0.0089036526866735164 -0.046104295924292049
leaf_weight=11.061885070055725 95.174656076356769 2.8160541057586661 3.1887273117899886 3.3919876962900162 746.6749520865269 15.170036254450677 110.26207412127405 3.4399681910872459
leaf_count=18 407 14 28 12 2982 64 389 28
internal_value=-7.70975e-06 -0.000381296 0.0189472 -0.00589148 -0.000109487 0.00761209 -0.00113095 -0.0363287
internal_weight=991.18 973.538 17.6426 6.58072 967.282 110.345 856.937 6.25602
internal_count=3942 3884 58 40 3842 471 3371 42
is_linear=0
shrinkage=0.04


Tree=257
num_leaves=7
num_cat=0
split_feature=10 4 4 22 4 21
split_gain=4.03062 4.74142 5.31203 13.271 11.857 1.48172
threshold=-141488.20999999996 0.05050000000000001 0.18750000000000003 16.250000000000004 0.24250000000000002 171.50000000000003
decision_type=2 2 2 2 2 2
left_child=-1 5 3 -3 -4 -2
right_child=1 2 4 -5 -6 -7
leaf_value=0.028449130641439117 -0.042226609610012567 -0.0063290377413430365 -0.035441459904308539 0.027793691378389884 -0.00021915325079643463 0
leaf_weight=7.3880761563777915 5.1205027783289543 35.394907875917852 15.086977090686558 35.286520225927234 890.71831364743412 1.4270679950714109
leaf_count=17 88 139 62 72 3556 8
internal_value=-8.15475e-06 -0.000256717 -2.85922e-07 0.0105008 -0.000847108 -0.032949
internal_weight=990.422 983.034 976.487 70.6814 905.805 6.54757
internal_count=3942 3925 3829 211 3618 96
is_linear=0
shrinkage=0.04


Tree=258
num_leaves=13
num_cat=0
split_feature=8 0 0 6 24 6 18 18 23 4 1 23
split_gain=4.06165 7.46619 10.3529 6.60816 23.0232 17.3245 16.0937 14.5981 9.70999 8.9722 2.11367 1.18877
threshold=0.0055000000000000005 1.5585000000000002 0.90650000000000019 0.0055800000000000008 0.18626825500000002 0.0080700000000000025 1.5330200000000003 0.57343500000000003 14.500000000000002 0.18750000000000003 17562.495000000003 8.5000000000000018
decision_type=2 2 2 2 2 2 2 2 2 2 2 2
left_child=1 2 11 4 6 8 -2 -6 -5 -7 -4 -1
right_child=3 -3 10 5 7 9 -8 -9 -10 -11 -12 -13
leaf_value=0.031580596505081916 -0.038476868678944086 0.04042032598952406 -0.044824634349311887 0.026898340799444278 0.0190309279176318 0.012509948543483043 0.028958442615077861 -0.049885554857301381 -0.012034466286103412 -0.0024219313099127795 0 0.0052417421525356609
leaf_weight=7.2965466156601932 42.344993932172656 10.634180104359983 6.3873230237513772 55.964305605739355 38.203507605940104 69.900962977902964 5.8073484897613517 5.0351700112223616 11.436310373246668 727.40044401492923 1.5689451079815624 8.0325454995036107
leaf_count=16 221 19 83 103 123 247 7 45 48 2985 14 31
internal_value=-8.96755e-06 0.01347 0 -0.000514864 -0.0107241 0.00054662 -0.0297188 0.0100698 0.0199578 -0.00108074 -0.0351644 0.0196439
internal_weight=990.013 33.9195 23.2854 956.093 91.391 864.702 48.1523 43.2387 67.4006 797.301 7.95627 15.3291
internal_count=3942 163 144 3779 396 3383 228 168 151 3232 97 47
is_linear=0
shrinkage=0.04


Tree=259
num_leaves=14
num_cat=0
split_feature=24 24 8 2 21 11 5 6 21 14 5 24 4
split_gain=4.12714 8.83621 21.9189 13.1197 8.77018 18.4108 15.6958 8.45227 12.2745 8.635 21.0106 9.69263 6.76876
threshold=0.021827355000000003 0.054121440000000014 0.94450000000000001 220.19500000000002 19.500000000000004 -15530.194999999998 57.215000000000011 0.0055800000000000008 22.500000000000004 1.0000000180025095e-35 58.065000000000005 0.014187635000000002 1.7865000000000002
decision_type=2 2 2 2 2 2 2 2 2 2 2 2 2
left_child=7 2 3 -2 6 -6 -3 8 -1 11 -11 -9 -4
right_child=1 4 12 -5 5 -7 -8 9 -10 10 -12 -13 -14
leaf_value=-0.053021780542370424 -0.014163401466400136 0.013443215714633916 -0.057553840512730298 0.02105831256467006 0.0092797113839643529 -0.010544081496604296 -0.0021744480762896788 -0.0091274708056007237 0.027700144565025831 0.024696688954562292 -0.018104235089646818 0.035554165643219719 -0.016636919893244943
leaf_weight=7.8533013411797565 40.355205377563834 175.75938958255574 16.631337921135131 28.357761738821864 108.20007286407053 236.74293934646994 243.21513240132481 9.1766996756196004 3.9642866998910904 33.916896371170878 38.635230012238026 31.374009799212217 14.067116435617207
leaf_count=61 181 766 87 66 273 1164 1007 47 6 80 105 41 58
internal_value=-5.44238e-06 -0.00101008 -0.0122036 0.000130714 0.000427441 -0.00426352 0.00433768 0.00675452 -0.0242942 0.0102673 0.00166279 0.0249674 -0.0400124
internal_weight=988.249 863.329 99.4114 68.713 763.918 344.943 418.975 124.92 11.8176 113.103 72.5521 40.5507 30.6985
internal_count=3942 3602 392 247 3210 1437 1773 340 67 273 185 88 145
is_linear=0
shrinkage=0.04


Tree=260
num_leaves=15
num_cat=0
split_feature=22 22 22 20 10 4 4 4 10 10 18 24 8 21
split_gain=4.12446 18.4535 25.9621 17.8335 20.4203 17.0855 26.3767 16.3124 13.6493 22.8793 12.8456 12.6111 11.4441 5.64533
threshold=17.950000000000003 14.450000000000001 12.450000000000001 11.500000000000002 -203.83999999999997 0.9870000000000001 3.8720000000000003 4.5610000000000008 -26774.254999999997 782.36500000000012 0.12257500000000002 0.020143480000000002 0.98250000000000004 135.50000000000003
decision_type=2 2 2 2 2 2 2 2 2 2 2 2 2 2
left_child=1 2 10 4 -3 8 11 -8 13 -10 -1 -7 -4 -2
right_child=5 3 12 -5 -6 6 7 -9 9 -11 -12 -13 -14 -15
leaf_value=-0.023806526412159201 0.0086015951742709779 0.037366665573945891 -0.044438662098902397 -0.042019074488811946 0 0.02430294748248267 0.048102860326503044 -0.01529043338646875 -0.017222944048914231 0.019060622505675154 0.0023102486084903046 -0.045618978063763915 0.0038265295729405695 0.041250816165922397
leaf_weight=31.208598997443914 22.132564069703221 55.636651592329144 29.831818157806993 6.9128084369003764 40.508411433547735 3.8730741888284674 10.637208998203279 14.530761226080356 76.565242615994066 42.713328343816102 584.19901275262237 41.827052375301719 9.5151730654761177 16.09245203435421
leaf_count=419 57 149 221 43 211 9 14 102 518 154 1621 366 36 22
internal_value=-6.63997e-06 0.00139345 -0.0010586 0.017095 0.0217477 -0.00473288 -0.021 0.0111386 0.00250318 -0.0040376 0.000935089 -0.0390613 -0.0323633 0.0232183
internal_weight=986.184 757.812 654.755 103.058 96.1451 228.372 70.8681 25.168 157.504 119.279 615.408 45.7001 39.347 38.225
internal_count=3942 2700 2297 403 360 1242 491 116 751 672 2040 375 257 79
is_linear=0
shrinkage=0.04


Tree=261
num_leaves=12
num_cat=0
split_feature=5 5 18 11 21 18 21 21 4 4 4
split_gain=4.03355 10.5941 31.0425 15.9324 9.08588 21.7777 8.92084 8.21706 7.51551 17.6334 17.5916
threshold=56.875000000000007 56.915000000000006 0.25073000000000006 -1619.0549999999998 111.50000000000001 0.73354500000000011 3.5000000000000004 69.500000000000014 0.84450000000000014 0.76350000000000018 0.8640000000000001
decision_type=2 2 2 2 2 2 2 2 2 2 2
left_child=4 2 3 -2 5 6 -1 -7 9 -3 -10
right_child=1 8 -4 -5 -6 7 -8 -9 10 -11 -12
leaf_value=0.010316826781964111 -0.046271324763450972 -0.00048946484556839753 -0.049790723364014314 0.033325630456558508 0.042383558081769794 0.033602663879108263 -0.044312184520525058 0.00049906812923897431 -0.059012326154688689 0.019652807533569079 -0.0019570769854121788
leaf_weight=5.6949661569669869 4.5954861007630852 273.31598358228803 24.638431007508188 16.99620596319437 10.517186358571051 25.218047499656677 16.397010181797668 24.875903472304344 8.3446158207952958 91.952395033091307 479.97123018465936
leaf_count=55 58 973 220 104 12 33 213 59 49 175 1991
internal_value=-4.80403e-06 -0.000803828 -0.0193529 0.0148154 0.00840084 0.00291705 -0.0294278 0.0177266 0.000188114 0.00454639 -0.00303235
internal_weight=982.517 899.814 46.2301 21.5917 82.7031 72.1859 22.092 50.094 853.584 365.268 488.316
internal_count=3942 3570 382 162 372 360 268 92 3188 1148 2040
is_linear=0
shrinkage=0.04


Tree=262
num_leaves=14
num_cat=0
split_feature=16 1 22 4 1 18 24 1 14 2 1 23 10
split_gain=4.01729 14.5403 10.6959 13.1747 8.63937 8.6173 11.1801 10.628 8.99312 8.84838 7.49986 4.58259 3.48674
threshold=6.5000000000000009 11740.020000000002 6.8500000000000005 1.3755000000000002 23843.610000000004 0.081500000000000017 10.695887090000001 572.43000000000018 1.0000000180025095e-35 316.04500000000002 4510.545000000001 14.500000000000002 2839.4550000000004
decision_type=2 2 2 2 2 2 2 2 2 2 2 2 2
left_child=5 2 3 -2 -3 6 -1 9 -9 -7 -4 -6 -8
right_child=1 4 10 -5 11 7 12 8 -10 -11 -12 -13 -14
leaf_value=-0.041865314863619142 -0.03399784086841507 -0.053847910945793498 0.010337697838800156 0.014657323557280442 -0.022734029754762179 -0.048789191808357779 -0.016029030055559026 0.0085570566739981858 -0.0018281056942573138 0.016225215432366213 0.036575896946317001 0.025050232860047265 0.028489863864534799
leaf_weight=17.581315714865926 15.221604498103259 8.4762483388185519 54.351294282823801 19.504556883126497 6.7620677128434163 12.112853493541477 3.9283471480011922 168.4768890645355 630.49993454571813 3.7288990169763556 28.201124141924083 5.2038292773067951 6.0426973178982735
leaf_count=453 63 65 182 46 33 77 38 460 2424 8 51 14 28
internal_value=-6.0732e-06 0.00629393 0.0118487 -0.0062819 -0.0241411 -0.00106292 -0.0228701 -0.000287429 0.000340736 -0.0322338 0.0197081 -0.000177589 0.0091126
internal_weight=980.092 137.721 117.279 34.7262 20.4421 842.371 27.5524 814.819 798.977 15.8418 82.5524 11.9659 9.97104
internal_count=3942 454 342 109 112 3488 519 2969 2884 85 233 47 66
is_linear=0
shrinkage=0.04


Tree=263
num_leaves=11
num_cat=0
split_feature=1 4 4 4 18 16 1 6 22 2
split_gain=3.99678 7.76853 7.17093 12.0739 10.4591 6.40482 10.9408 7.91255 6.07211 3.68805
threshold=1207.45 12.799500000000002 4.2170000000000014 2.6505000000000005 0.83097500000000013 7.5000000000000009 659.69500000000005 0.016275000000000001 6.4500000000000011 100.14000000000001
decision_type=2 2 2 2 2 2 2 2 2 2
left_child=5 2 3 -2 -4 6 7 -1 -8 -7
right_child=1 -3 4 -5 -6 9 8 -9 -10 -11
leaf_value=-0.043002318961257176 -0.00058754023671344648 -0.042527749438842306 0.019255996000480464 -0.024673411898620455 -0.015463132413268847 0.0015755255421847822 0.028862124217982243 0 0 0.034682988386274101
leaf_weight=11.498314723372461 761.75913727632724 6.6231097737327209 58.900654471479356 34.448601301759481 17.074998177587986 9.6120974440127629 20.823426403105259 15.671150632202623 24.066817980259657 17.585540782660246
leaf_count=102 3140 78 153 178 60 32 37 48 81 33
internal_value=-7.04259e-06 -0.000888239 -0.000524938 -0.00166957 0.0111415 0.00755978 0.000977824 -0.0185559 0.0133153 0.023944
internal_weight=978.064 878.807 872.183 796.208 75.9757 99.2573 72.0597 27.1695 44.8902 27.1976
internal_count=3942 3609 3531 3318 213 333 268 150 118 65
is_linear=0
shrinkage=0.04


Tree=264
num_leaves=10
num_cat=0
split_feature=5 5 11 5 10 11 21 21 2
split_gain=3.94757 9.9921 8.6559 19.0888 14.3022 7.00854 6.53814 6.28013 3.16608
threshold=56.875000000000007 56.885000000000012 -14679.659999999998 56.865000000000002 -1192.4599999999998 33944.260000000002 70.500000000000014 20.500000000000004 745.93000000000018
decision_type=2 2 2 2 2 2 2 2 2
left_child=2 -2 6 4 -4 7 -1 -3 -7
right_child=1 5 3 -5 -6 8 -8 -9 -10
leaf_value=0.038697919224734964 -0.043506671962388069 0.0025495206698271508 -0.04484190938328432 -0.053393757228452778 0.020086001994761953 -0.055058605467696017 0.0009842046896971783 -0.0044725450000717461 0
leaf_weight=19.43115445971489 8.1878583915531618 558.80241361213848 5.8294927333481601 8.9720964657608402 33.927591826301068 4.9074378777295342 13.476339615881441 320.0767340133898 3.0109502859413624
leaf_count=32 102 2147 68 87 153 43 32 1269 9
internal_value=-7.80553e-06 -0.000798016 0.00836393 -0.001992 0.00963026 -0.00035685 0.0240979 0 -0.0366806
internal_weight=976.622 894.985 81.6367 48.7292 39.7571 886.798 32.9075 878.879 7.91839
internal_count=3942 3570 372 308 221 3468 64 3416 52
is_linear=0
shrinkage=0.04


Tree=265
num_leaves=13
num_cat=0
split_feature=8 0 0 6 24 6 18 18 23 23 1 23
split_gain=3.89741 6.87717 9.69522 6.2278 20.7238 15.8516 14.3405 13.3393 9.02619 8.12653 1.99827 1.09383
threshold=0.0055000000000000005 1.5585000000000002 0.90650000000000019 0.0055800000000000008 0.18626825500000002 0.0080700000000000025 1.5330200000000003 0.57343500000000003 14.500000000000002 16.500000000000004 17562.495000000003 8.5000000000000018
decision_type=2 2 2 2 2 2 2 2 2 2 2 2
left_child=1 2 11 4 6 8 -2 -6 -5 -7 -4 -1
right_child=3 -3 10 5 7 9 -8 -9 -10 -11 -12 -13
leaf_value=0.030873907982802904 -0.037177713648364599 0.03940981288656295 -0.044203142827476512 0.025990287903808015 0.017934528398000998 -0.0034745409988261068 0.027534579347477016 -0.048941587138567909 -0.011730335031178568 0.0057681514223909981 0 0.0051790576753439265
leaf_weight=7.14125729724765 41.279443614184856 10.442373663187025 6.127425584010779 55.10043653100729 37.533572549000382 581.97799432370812 5.5736898034811011 4.859096839092671 11.306030329316853 204.65337256528437 1.5123262722045181 7.9497306738048792
leaf_count=16 221 19 83 103 123 2430 7 45 48 802 14 31
internal_value=-1.12024e-05 0.0133391 0 -0.000509238 -0.0105431 0.000522642 -0.0288477 0.00932167 0.0192296 -0.00104238 -0.0346135 0.0192212
internal_weight=975.457 33.1731 22.7307 942.284 89.2458 853.038 46.8531 42.3927 66.4065 786.631 7.63975 15.091
internal_count=3942 163 144 3779 396 3383 228 168 151 3232 97 47
is_linear=0
shrinkage=0.04


Tree=266
num_leaves=8
num_cat=0
split_feature=5 22 22 22 22 10 4
split_gain=3.90098 4.43495 21.4082 19.8516 16.2436 14.9032 8.43732
threshold=58.275000000000013 10.15 14.450000000000001 17.950000000000003 9.9500000000000011 -48.85499999999999 0.76350000000000018
decision_type=2 2 2 2 2 2 2
left_child=1 4 5 -4 6 -3 -1
right_child=-2 2 3 -5 -6 -7 -8
leaf_value=-0.0073476704180212432 0.02800931799912083 -0.0092685479551818748 0.016425742631580659 -0.0049881419691938577 0.043810673769683069 -0.043959463573511187 0.0040044589837437113
leaf_weight=142.30488375946879 7.3747878782451144 71.477636645548046 99.890636871568859 221.45954670105129 14.062763014808295 28.384278988931328 388.61581514775753
leaf_count=514 17 333 399 1237 35 260 1147
internal_value=-7.75463e-06 -0.000256669 -0.00335547 0.00162133 0.00210257 -0.0194981 0.000920015
internal_weight=973.57 966.196 421.212 321.35 544.983 99.8619 530.921
internal_count=3942 3925 2229 1636 1696 593 1661
is_linear=0
shrinkage=0.04


Tree=267
num_leaves=6
num_cat=0
split_feature=10 4 3 23 8
split_gain=3.88282 4.48194 4.961 4.93062 1.52167
threshold=-141488.20999999996 0.05050000000000001 61.100000000000009 20.500000000000004 0.99550000000000016
decision_type=2 2 2 2 2
left_child=-1 4 -3 -4 -2
right_child=1 2 3 -5 -6
leaf_value=0.028252256335333726 -0.041765190018117702 0.020830735827283453 -0.0015376030052912805 0.0071698810966497528 0
leaf_weight=7.2060112357139579 5.0422196870204052 17.412710122764111 822.7977981287986 118.30567306932062 1.3391303941607473
leaf_count=17 89 35 3331 463 7
internal_value=-6.50876e-06 -0.00025279 -9.88186e-07 -0.000418523 -0.0324202
internal_weight=972.104 964.898 958.516 941.103 6.38135
internal_count=3942 3925 3829 3794 96
is_linear=0
shrinkage=0.04


Tree=268
num_leaves=9
num_cat=0
split_feature=5 5 21 21 18 11 22 16
split_gain=3.87804 9.45184 8.28941 20.8201 17.6319 6.60105 5.90895 3.20531
threshold=56.875000000000007 56.885000000000012 111.50000000000001 83.500000000000014 0.73354500000000011 33944.260000000002 0.75000000000000011 5.5000000000000009
decision_type=2 2 2 2 2 2 2 2
left_child=2 -2 3 4 -1 6 -3 -7
right_child=1 5 -4 -5 -6 7 -8 -9
leaf_value=-0.022755269027725941 -0.043005910482865957 -0.027510324906038053 0.041105306591518315 -0.051643739937698128 0.024778612059057434 -0.054134346585057259 0.0003672460296546385 0
leaf_weight=16.358175532426685 7.9128134967759243 11.838277811184524 10.315473049879072 9.0401657596230489 45.08900485932827 4.8935876283794633 863.28890029666945 2.9101595059037209
leaf_count=224 102 77 12 65 71 44 3339 8
internal_value=-3.9797e-06 -0.000787319 0.00833801 0.00300518 0.01172 -0.000362192 -2.52046e-06 -0.0358591
internal_weight=971.647 890.844 80.8028 70.4873 61.4472 882.931 875.127 7.80375
internal_count=3942 3570 372 360 295 3468 3416 52
is_linear=0
shrinkage=0.04


Tree=269
num_leaves=11
num_cat=0
split_feature=10 10 10 5 0 12 19 4 18 22
split_gain=3.88226 9.31027 15.5382 17.798 11.8135 15.2364 11.4282 8.15303 12.3061 1.25559
threshold=17659.830000000005 3804.7300000000005 1749.2100000000003 57.215000000000011 1.0015000000000003 22.000000000000004 64.250000000000014 0.92850000000000021 0.41446000000000005 16.450000000000003
decision_type=2 2 2 2 2 2 2 2 2 2
left_child=1 2 6 -4 5 -3 -1 -2 -9 -6
right_child=7 4 3 -5 9 -7 -8 8 -10 -11
leaf_value=-6.6243578950669885e-05 0.032386244032535684 -0.027747873960691224 0.034617149179067136 -0.0011154304362924758 -0.059952024722494626 0.014880709441699936 -0.023075235564744393 0.027461000316428934 -0.054568489650931661 -0.015186956054266981
leaf_weight=757.19010413531214 16.390384621918205 26.370431251823902 43.356645481660962 43.198493292555213 8.6084331236779672 25.770661551505327 35.783282808959484 5.4120273143053037 5.0657136216759682 3.1019925773143759
leaf_count=3092 38 165 124 158 55 78 164 14 35 19
internal_value=-8.01222e-06 -0.000459202 0.000593176 0.0166498 -0.0151581 -0.0063576 -0.00114363 0.0148221 -0.0110553 -0.0508395
internal_weight=970.248 943.38 879.529 86.5551 63.8515 52.1411 792.973 26.8681 10.4777 11.7104
internal_count=3942 3855 3538 282 317 243 3256 87 49 74
is_linear=0
shrinkage=0.04


Tree=270
num_leaves=10
num_cat=0
split_feature=21 4 20 21 4 21 21 4 4
split_gain=3.79396 9.57799 7.47248 6.56304 12.5581 5.707 12.1783 2.66939 1.03688
threshold=170.50000000000003 1.3495000000000001 5.5000000000000009 144.50000000000003 1.8950000000000002 135.50000000000003 122.50000000000001 0.69050000000000011 0.26350000000000007
decision_type=2 2 2 2 2 2 2 2 2
left_child=3 7 -3 5 8 6 -1 -2 -5
right_child=1 2 -4 4 -6 -7 -8 -9 -10
leaf_value=0.00013145183149109851 0.0086707121498048791 0.024340585236977123 -0.043168072609065397 -0.011860494580245707 0.023560048510817992 0.029918951757531561 -0.040701940504089047 0.039125638771497648 -0.054739431672605268
leaf_weight=897.57568175741471 10.464996993541719 3.3728807866573316 6.5336799584329128 2.7929969616234329 5.1306348796933881 9.5565173150971514 11.330828022211788 13.318148642778395 9.1471496941521746
leaf_count=3623 30 5 56 17 13 35 81 15 67
internal_value=-1.10604e-05 0.0130553 -0.0181964 -0.000509684 -0.0247273 -2.45968e-05 -0.000377701 0.027003 -0.0471969
internal_weight=969.224 33.6897 9.90656 935.534 17.0708 918.463 908.907 23.7831 11.9401
internal_count=3942 106 61 3836 97 3739 3704 45 84
is_linear=0
shrinkage=0.04


Tree=271
num_leaves=11
num_cat=0
split_feature=3 24 5 5 22 3 5 20 18 23
split_gain=3.79949 11.5092 10.0981 8.74332 14.2741 6.95172 5.68032 5.5334 4.38613 3.80218
threshold=22405.755000000001 0.21567257000000004 57.385000000000012 57.085000000000008 8.7500000000000018 19845.855000000003 58.215000000000011 17.500000000000004 0.76838000000000017 15.500000000000002
decision_type=2 2 2 2 2 2 2 2 2 2
left_child=5 3 -3 -2 -5 6 7 -1 -8 -7
right_child=1 2 -4 4 -6 9 8 -9 -10 -11
leaf_value=-0.00044457666243111037 0.040481903319294091 -0.0504046436438901 0.016173096064468432 0.023792680638566061 -0.025706254420895441 -0.058396433627076284 0 -0.023753645817684944 0.033540215487883704 -0.0013617328690154621
leaf_weight=848.14111646031961 17.318695098161697 8.1928514614701253 5.3474512100219718 25.517707753926516 13.805807777680455 4.6524619739502651 11.571326632052662 16.184441141784191 13.266317352652548 4.162453681230545
leaf_count=3556 19 70 10 47 77 32 30 67 20 14
internal_value=-8.86573e-06 0.00889935 -0.0230471 0.017021 0.00580768 -0.000731922 -0.000348876 -0.000917644 0.0182819 -0.0351302
internal_weight=968.161 70.1825 13.5403 56.6422 39.3235 897.978 889.163 864.326 24.8376 8.81492
internal_count=3942 223 80 143 124 3719 3673 3623 50 46
is_linear=0
shrinkage=0.04


Tree=272
num_leaves=11
num_cat=0
split_feature=8 6 2 6 0 1 6 23 4 5
split_gain=3.70598 6.5097 7.80205 5.75275 19.0353 17.6179 14.7231 8.48505 8.23001 1.86353
threshold=0.0055000000000000005 -0.0052349999999999992 80.88000000000001 0.0055800000000000008 1.1700000000000002 8640.6750000000011 0.0080700000000000025 14.500000000000002 0.18750000000000003 57.165000000000006
decision_type=2 2 2 2 2 2 2 2 2 2
left_child=1 -1 -3 4 5 -2 7 -5 -8 -4
right_child=3 2 9 6 -6 -7 8 -9 -10 -11
leaf_value=0.031059063172281621 0.0049418512400931855 -0.046260546713738936 0.029555323747713746 0.025248286268176851 -0.054341237035308909 -0.053012270971611257 0.012081896105880799 -0.011341857542064071 -0.002320366952655902 0
leaf_weight=15.996700422838328 65.979736736044288 4.5354032069444683 5.0988244116306287 54.431052677333355 12.8251034328714 9.0716359801590425 68.95923629659228 11.298075202852486 711.75793426530436 6.8820585468783975
leaf_count=35 237 76 8 103 95 64 247 48 2985 44
internal_value=-9.91645e-06 0.0131399 -0.00344277 -0.000495689 -0.0102175 -0.00210296 0.00049543 0.0186187 -0.00101572 0.0123675
internal_weight=966.836 32.513 16.5163 934.323 87.8765 75.0514 846.446 65.7291 780.717 11.9809
internal_count=3942 163 128 3779 396 301 3383 151 3232 52
is_linear=0
shrinkage=0.04


Tree=273
num_leaves=15
num_cat=0
split_feature=22 6 0 6 17 6 10 20 11 11 2 21 14 2
split_gain=3.68971 19.2923 20.8877 16.9858 17.9458 13.1313 13.1435 23.7345 22.5099 11.4689 13.5384 8.1398 7.96942 6.0203
threshold=8.4500000000000011 0.0055800000000000008 0.86950000000000005 0.0085100000000000019 2.5000000000000004 -0.0011649999999999998 2128.1950000000002 13.500000000000002 -113.33499999999999 1146.5800000000002 95.805000000000021 3.5000000000000004 1.0000000180025095e-35 126.325
decision_type=2 2 2 2 2 2 2 2 2 2 2 2 2 2
left_child=1 2 11 12 -5 9 8 -8 -7 13 -11 -1 -3 -2
right_child=5 3 -4 4 -6 6 7 -9 -10 10 -12 -13 -14 -15
leaf_value=0.029397182807872988 0.0057059572440914062 0.034305294007069193 -0.053729763582832359 0.004502153608950522 -0.030841753874390331 -0.0018140706293757716 -0.00028118466660086931 0.054609428582276437 -0.023985032057328666 0.038309495675412635 -0.049148167367282156 -0.020190232308819219 0 0.041753075864872084
leaf_weight=9.954555273056032 13.385196017101405 42.110773637890816 18.800871158018708 316.87761506903917 24.210417898371816 311.41613496048376 58.909790927544236 15.293163827620445 96.341822496149689 3.8452279567718488 7.0847611501812935 9.9756533522158843 15.138444453477858 22.118589108809829
leaf_count=17 75 55 127 917 125 1354 306 23 764 9 48 47 41 34
internal_value=-1.07855e-05 0.00268555 -0.0239913 0.00535636 0.00189342 -0.00227934 -0.00427567 0.0110538 -0.0071244 0.0178403 -0.0163004 0.00371159 0.025447 0.0289865
internal_weight=965.463 437.068 38.7311 398.337 341.088 528.395 481.961 74.203 407.758 46.4338 10.93 19.9302 57.2492 35.5038
internal_count=3942 1329 191 1138 1042 2613 2447 329 2118 166 57 64 96 109
is_linear=0
shrinkage=0.04


Tree=274
num_leaves=15
num_cat=0
split_feature=24 23 2 2 24 2 11 8 21 17 18 5 11 18
split_gain=3.81898 9.33759 7.11241 11.0289 6.96831 21.9386 16.0345 9.72989 7.36505 17.9763 17.1423 5.85323 5.79896 5.33623
threshold=0.020938225000000001 4.5000000000000009 112.87000000000002 70.300000000000026 0.066341060000000021 237.32000000000002 -1392.9099999999996 0.9165000000000002 19.500000000000004 11.500000000000002 0.28300000000000008 58.155000000000008 -4478.5949999999984 0.18028000000000002
decision_type=2 2 2 2 2 2 2 2 2 2 2 2 2 2
left_child=1 11 3 -3 5 6 -2 -7 9 -6 -10 13 -4 -1
right_child=4 2 12 -5 8 7 -8 -9 10 -11 -12 -13 -14 -15
leaf_value=0.0050924120318336305 -0.039738915015749707 0.011447135704632709 0.0050138027631958229 -0.039026785710344666 0.0056019612754149494 0.027428269199842838 -0.005741487321099057 -0.018665054287510946 -0.029818865061180838 -0.05061431356530105 -0.00051846277029671251 0.0037274939156229383 0.034360909379368837 -0.051118453460604354
leaf_weight=2.8899200600571957 37.937110431492329 30.280059250071645 20.03657646663487 8.437707129865883 389.30778494221158 28.905604884028435 56.99586249422282 8.8331295922398549 35.693075775168836 8.7650267314165813 286.12655610730872 10.912249803543089 29.0903998054564 8.3651713132858259
leaf_count=32 162 70 53 36 1681 54 242 30 339 58 1068 22 47 48
internal_value=-8.75819e-06 0.00696649 0.0129408 0 -0.000935822 -0.00935048 -0.0196741 0.0160136 0.000592599 0.00425203 -0.00387144 -0.0155895 0.0229657 -0.0353813
internal_weight=962.576 110.012 87.8447 38.7178 852.564 132.672 94.933 37.7387 719.892 398.073 321.82 22.1673 49.127 11.2551
internal_count=3942 308 206 106 3634 488 404 84 3146 1739 1407 102 100 80
is_linear=0
shrinkage=0.04


Tree=275
num_leaves=13
num_cat=0
split_feature=2 4 20 8 10 20 3 10 21 22 11 4
split_gain=3.7338 12.901 9.53509 8.39557 6.73693 6.31561 14.9081 15.0391 12.1014 19.9225 17.7267 10.3535
threshold=42.035000000000004 1.8080000000000003 7.5000000000000009 0.77050000000000007 192.36000000000004 9.5000000000000018 1200.3050000000003 -102.77999999999999 17.500000000000004 26.050000000000004 -6640.3749999999991 3.8720000000000003
decision_type=2 2 2 2 2 2 2 2 2 2 2 2
left_child=1 2 3 -1 -3 6 7 -2 10 -10 -7 -8
right_child=5 4 -4 -5 -6 8 11 -9 9 -11 -12 -13
leaf_value=-0.0039364852191674767 -0.0068860054804050054 -0.049250509777624088 -0.022162828019667999 0.031535530047215397 0.011346213115928908 -0.01954524890358245 -0.003805255150910407 -0.062852517267410257 0.002859946604824169 -0.052188517391280109 0.032853079156785828 0.010432775781967264
leaf_weight=13.049089213833211 21.622015064582229 7.8461601957678777 8.0664750933647138 40.12613270431757 3.5649469848722219 12.588873513042925 493.51295741321519 12.443148294463752 196.49411037890241 10.611849598586558 43.842727936804295 97.011448016390204
leaf_count=91 99 69 30 71 21 50 2314 97 628 62 85 325
internal_value=-1.1316e-05 0.0086537 0.0161637 0.0225026 -0.0289588 -0.000747131 -0.00295697 -0.0285213 0.00441017 0 0.0207437 -0.00142554
internal_weight=960.78 72.6528 61.2417 53.1752 11.4111 888.127 624.59 34.0652 263.538 207.106 56.4316 590.524
internal_count=3942 282 192 162 90 3660 2835 196 825 690 135 2639
is_linear=0
shrinkage=0.04


Tree=276
num_leaves=15
num_cat=0
split_feature=23 18 2 4 24 20 22 6 10 22 19 6 18 20
split_gain=3.75369 12.755 15.8159 15.9207 10.3845 8.08736 6.41282 17.5662 15.4995 14.1175 16.6576 12.1071 4.16006 4.09801
threshold=20.500000000000004 0.48500000000000004 241.31000000000003 0.17950000000000002 0.11018442000000002 9.5000000000000018 3.0500000000000003 0.0057850000000000011 -632.43999999999994 4.0500000000000007 12.15 0.009955000000000002 0.18445000000000003 8.5000000000000018
decision_type=2 2 2 2 2 2 2 2 2 2 2 2 2 2
left_child=6 2 3 -2 5 -3 7 12 -9 10 -8 -11 -1 -6
right_child=1 4 -4 -5 13 -7 9 8 -10 11 -12 -13 -14 -15
leaf_value=0 0.0293280185990199 0.029008251696496741 0.023372995871183019 -0.046423186669678047 -0.045359158600967293 -0.00098857967152013513 -0.069103737296898296 -0.0056901864937409707 0.025543394504581884 0.0078787105044477411 0 -0.0043287310979843062 -0.059492716526408251 0.0015752139641162005
leaf_weight=3.0075702071189863 4.9341630078852203 52.805530488491058 12.339898973703383 20.274563817307353 4.9232567548751813 17.915510419756174 10.395884146913888 41.256523419171572 61.654251161962748 170.35711577301845 11.147738188505171 536.70017560501583 6.4571857899427414 4.8366342410445213
leaf_count=28 11 95 26 248 23 52 67 136 121 609 31 2440 38 17
internal_value=-1.53948e-05 0.00662759 -0.0122197 -0.0305363 0.015689 0.0211749 -0.000974878 0.00785722 0.0128616 -0.00236898 -0.0339311 -0.00135574 -0.0424636 -0.0212076
internal_weight=959.006 118.03 37.5486 25.2087 80.4809 70.721 840.976 112.376 102.911 728.601 21.5436 707.057 9.46476 9.75989
internal_count=3942 472 285 259 187 147 3470 323 257 3147 98 3049 66 40
is_linear=0
shrinkage=0.04


Tree=277
num_leaves=10
num_cat=0
split_feature=5 5 11 5 10 21 22 4 22
split_gain=3.78695 8.79454 8.10433 18.0799 12.8146 6.028 5.99717 11.4171 10.3808
threshold=56.875000000000007 56.885000000000012 -14679.659999999998 56.865000000000002 -1192.4599999999998 70.500000000000014 22.450000000000003 1.2155000000000002 22.250000000000004
decision_type=2 2 2 2 2 2 2 2 2
left_child=2 -2 5 4 -4 -1 8 -8 -3
right_child=1 6 3 -5 -6 -7 7 -9 -10
leaf_value=0.037939952828105548 -0.042353130204942399 0.00017128292687790221 -0.043693428726233066 -0.052879491678129935 0.019336365203880983 0.0012731742796085704 -0.0010994178019994099 -0.033133465009156753 0.041085497859132944
leaf_weight=18.897853164002299 7.5829405635595313 768.83964653499424 5.470580803230404 8.6359948241151852 33.342621305957437 13.298811368644236 66.544189925771207 24.552084634080529 9.5693924352526647
leaf_count=32 102 2899 68 87 153 32 342 207 20
internal_value=-1.74416e-05 -0.000798357 0.00828406 -0.00186841 0.00950109 0.0236575 -0.000388838 -0.0100853 0.000725991
internal_weight=956.734 877.088 79.6459 47.4492 38.8132 32.1967 869.505 91.0963 778.409
internal_count=3942 3570 372 308 221 64 3468 549 2919
is_linear=0
shrinkage=0.04


Tree=278
num_leaves=9
num_cat=0
split_feature=21 4 11 21 11 21 21 4
split_gain=3.75892 8.66901 9.5916 5.81511 12.1826 5.50592 11.1395 2.58613
threshold=170.50000000000003 1.3495000000000001 -62086.794999999991 144.50000000000003 -103100.20499999999 135.50000000000003 122.50000000000001 0.69050000000000011
decision_type=2 2 2 2 2 2 2 2
left_child=3 7 -3 5 -5 6 -1 -2
right_child=1 2 -4 4 -6 -7 -8 -9
leaf_value=7.9864687595768849e-05 0.0083433418195015801 0.03754806621868078 -0.043186123995114255 0.01538426250344419 -0.050975074489566133 0.029571905385239201 -0.039523326191307773 0.038610503667817972
leaf_weight=885.29867430962622 10.334146268665792 2.7938280105590803 6.8067176006734371 6.7005712240934399 10.019705452024935 9.4082521619275195 11.00067727267742 12.981787770986555
leaf_count=3623 30 2 59 13 84 35 81 15
internal_value=-1.79974e-05 0.013139 -0.0170161 -0.000516034 -0.0235459 -5.60524e-05 -0.000405666 0.026492
internal_weight=955.344 32.9165 9.60055 922.428 16.7203 905.708 896.299 23.3159
internal_count=3942 106 61 3836 97 3739 3704 45
is_linear=0
shrinkage=0.04


Tree=279
num_leaves=8
num_cat=0
split_feature=6 6 24 19 6 6 21
split_gain=3.69521 10.1366 12.2535 9.1649 5.3896 12.1111 5.10033
threshold=0.086185000000000025 0.064330000000000012 0.069800625000000019 3.7500000000000004 0.030015000000000003 0.015205000000000002 16.500000000000004
decision_type=2 2 2 2 2 2 2
left_child=1 4 -3 -2 5 -1 -6
right_child=3 2 -4 -5 6 -7 -8
leaf_value=0.00060633409295250142 -0.016440313096178449 -0.00083598861969789789 -0.074369230431989342 0.029869500008543409 0.00049310478674511368 -0.014543685073325291 0.015727588303955126
leaf_weight=665.21993598015979 9.4413060992956179 9.4925267547368986 6.0136138051748267 19.314653113484383 86.636816769838333 95.89698806591332 62.198242008686066
leaf_count=3077 26 22 34 38 210 406 129
internal_value=-1.42551e-05 -0.000477371 -0.0320356 0.0139601 5.57316e-05 -0.00128453 0.00702487
internal_weight=954.214 925.458 15.5061 28.756 909.952 761.117 148.835
internal_count=3942 3878 56 64 3822 3483 339
is_linear=0
shrinkage=0.04


Tree=280
num_leaves=10
num_cat=0
split_feature=23 18 21 18 18 18 1 18 24
split_gain=3.63614 14.2944 12.6414 10.279 15.7674 14.9523 7.83057 9.34902 1.4829
threshold=1.0000000180025095e-35 2.5526250000000004 3.5000000000000004 1.7255800000000001 1.8096650000000001 1.6150750000000003 5901.1000000000013 2.6178700000000004 0.031257075000000009
decision_type=2 2 2 2 2 2 2 2 2
left_child=2 3 8 5 -5 -2 7 -4 -1
right_child=1 -3 6 4 -6 -7 -8 -9 -10
leaf_value=0 -0.0013114684271092348 -0.053336696363491524 -0.0020558012314321038 0.035874931026147153 0.0015458778184958949 -0.061481982218031507 0.036394220237815196 0.051977402438573142 -0.045727797070777981
leaf_weight=2.167912879958747 762.28968149609864 7.6899656453169873 36.463022090494633 29.69438511505723 78.41871421597898 6.1868693865835658 19.063444301486015 5.359399586915969 5.9743062732741237
leaf_count=14 3294 59 158 42 245 41 26 4 59
internal_value=-1.38096e-05 -0.00072685 0.00877243 -0.00021238 0.0112806 -0.00186156 0.0153222 0.00492807 -0.0359437
internal_weight=953.308 884.28 69.0281 876.59 108.113 768.477 60.8859 41.8224 8.14222
internal_count=3942 3681 261 3622 287 3335 188 162 73
is_linear=0
shrinkage=0.04


Tree=281
num_leaves=11
num_cat=0
split_feature=23 21 18 5 24 21 23 24 22 20
split_gain=3.5833 11.8936 13.5132 13.8659 12.5264 6.10307 8.30293 9.73775 8.68043 2.80093
threshold=20.500000000000004 191.50000000000003 0.45268500000000006 57.32500000000001 0.10811099500000002 181.00000000000003 18.500000000000004 0.020938225000000001 2.7500000000000004 12.500000000000002
decision_type=2 2 2 2 2 2 2 2 2 2
left_child=5 2 3 -2 -4 6 8 -8 -1 -3
right_child=1 9 4 -5 -6 -7 7 -9 -10 -11
leaf_value=0.010807146006334116 -0.041909989847405252 -0.067193772449251898 0.026402744159651992 0.0094735804523708063 -0.016548394082259509 0.030706355164270584 0.023586420977298503 -0.031110355401053079 -0.002060942202703182 -0.0077158385411826647
leaf_weight=94.639290105551481 13.348612215369938 3.3586674965918055 64.151866368949413 19.958224749192595 12.102023988962172 9.0796527490019781 5.6039410755038253 27.153420416638255 699.31312635238282 3.4106981195509434
leaf_count=257 195 25 117 72 47 21 11 187 2994 16
internal_value=-1.4553e-05 0.00652579 0.00992053 -0.0108434 0.0192621 -0.000952148 -0.00134238 -0.0209378 -0.000496053 -0.0425694
internal_weight=952.12 116.33 109.561 33.3068 76.2539 835.789 826.71 32.7574 793.952 6.76937
internal_count=3942 472 431 267 164 3470 3449 198 3251 41
is_linear=0
shrinkage=0.04


Tree=282
num_leaves=13
num_cat=0
split_feature=16 1 5 1 18 24 24 2 14 1 12 10
split_gain=3.60069 12.9553 10.0518 8.21427 7.78164 10.3163 9.45475 15.3954 10.142 7.62631 4.27816 2.90353
threshold=6.5000000000000009 11740.020000000002 57.155000000000008 5147.8650000000007 0.081500000000000017 10.695887090000001 8.1278079350000016 656.41500000000008 1.0000000180025095e-35 23843.610000000004 22.000000000000004 2839.4550000000004
decision_type=2 2 2 2 2 2 2 2 2 2 2 2
left_child=4 2 -2 -4 5 -1 8 -8 -6 -3 -11 -7
right_child=1 9 3 -5 6 11 7 -9 -10 10 -12 -13
leaf_value=-0.041494519610486391 0.037542941477496837 -0.0524677173451829 -0.0022898897552531346 0.022537909424870189 0.0098111090077251644 -0.014158265792753538 -0.034205090207363335 0.02841034633191988 -0.0016794744971613488 0.024448320934575413 -0.022303125323733523 0.026859657698031319
leaf_weight=16.348655908368531 19.211568273603916 7.8878505863249329 63.618597965687513 30.673198895528913 153.55042012780905 3.8401240445673448 27.892446732148528 7.3128351867198935 602.63222787319683 4.9593844674527627 6.7096306942403316 5.7705717273056507
leaf_count=453 27 65 245 70 392 38 203 10 2364 14 33 28
internal_value=-1.52718e-05 0.00605246 0.0113662 0.0056519 -0.00103062 -0.0223796 -0.00029138 -0.0204228 0.000632313 -0.0233045 -0.000601899 0.00860245
internal_weight=950.408 133.06 113.503 94.2918 817.347 25.9594 791.388 35.2053 756.183 19.5569 11.669 9.6107
internal_count=3942 454 342 315 3488 519 2969 213 2756 112 47 66
is_linear=0
shrinkage=0.04


Tree=283
num_leaves=9
num_cat=0
split_feature=5 5 21 21 18 22 24 22
split_gain=3.67039 8.23206 7.87877 18.896 15.5972 6.02337 9.49814 8.34561
threshold=56.875000000000007 56.885000000000012 111.50000000000001 83.500000000000014 0.73354500000000011 0.75000000000000011 18.958058495000007 2.6500000000000008
decision_type=2 2 2 2 2 2 2 2
left_child=2 -2 3 4 -1 6 -3 -7
right_child=1 5 -4 -5 -6 7 -8 -9
leaf_value=-0.021710557638801538 -0.041776750456719844 -0.049256394925569415 0.04035041104016248 -0.050326644777897764 0.023633633559863983 0.012222655079245984 0.025860643286502009 -0.0012753065299868579
leaf_weight=15.817912105238063 7.2788947476074091 8.8162445779889804 10.163472503423689 8.6438980773091298 44.108926385641098 80.495551705360413 3.0366851836442939 769.77368245320395
leaf_count=224 102 81 12 65 71 192 4 3191
internal_value=-1.5455e-05 -0.000787164 0.00820471 0.00289295 0.0112533 -0.00039389 -0.0281248 0
internal_weight=948.135 869.401 78.7342 68.5707 59.9268 862.122 11.8529 850.269
internal_count=3942 3570 372 360 295 3468 85 3383
is_linear=0
shrinkage=0.04


Tree=284
num_leaves=11
num_cat=0
split_feature=21 4 20 10 6 23 18 21 18 4
split_gain=3.59669 8.03991 6.71496 5.59628 10.308 15.2884 9.70454 16.6266 15.134 2.50835
threshold=170.50000000000003 1.3495000000000001 5.5000000000000009 -17790.264999999996 0.010425000000000002 5.5000000000000009 1.7255800000000001 117.50000000000001 1.8512550000000003 0.69050000000000011
decision_type=2 2 2 2 2 2 2 2 2 2
left_child=3 9 -3 4 -1 -6 7 -5 -8 -2
right_child=1 2 -4 6 5 -7 8 -9 -10 -11
leaf_value=0.022472549802086093 0.0079083196161626752 0.024118783157282865 -0.04160950840862844 -0.00011753237451541591 -0.044768094989506485 -0.0044720442620058438 0.035947714300170588 -0.046001423128989256 0.00061858985642410775 0.038069989409793267
leaf_weight=12.641522265970705 10.116850212216383 3.2093747407197935 6.0030480250716209 723.21050563734025 20.501287084072828 58.811278792098165 29.900219406932592 12.378896163310854 56.982334326487035 12.654232218861578
leaf_count=28 30 5 56 3103 101 216 43 146 199 15
internal_value=-1.64931e-05 0.0130411 -0.0165894 -0.000501939 -0.00984388 -0.0153539 0.000523553 -0.000947585 0.0131419 0.0259869
internal_weight=946.41 31.9835 9.21242 914.426 91.9541 79.3126 822.472 735.589 86.8826 22.7711
internal_count=3942 106 61 3836 345 317 3491 3249 242 45
is_linear=0
shrinkage=0.04


Tree=285
num_leaves=12
num_cat=0
split_feature=1 4 3 2 1 14 21 5 6 10 1
split_gain=3.58201 7.1038 6.55477 12.4642 6.94099 6.49284 9.11363 6.16693 14.7902 6.60821 4.24304
threshold=1207.45 12.799500000000002 2402.5900000000006 38.805000000000007 1689.0400000000002 1.0000000180025095e-35 18.500000000000004 57.445000000000007 0.030685 -203.83999999999997 659.69500000000005
decision_type=2 2 2 2 2 2 2 2 2 2 2
left_child=5 2 3 -2 -4 6 10 9 -9 -7 -1
right_child=1 -3 4 -5 -6 7 -8 8 -10 -11 -12
leaf_value=-0.055859086177118586 0.015001438000238031 -0.041788107251927269 -0.029866414814153905 -0.022561854134813774 0.0010178617957820736 0.032909831513737199 0.015195579520892009 -0.048857782045963603 0.023209592128981198 0.0034772997326917993 -0.0076330678477931025
leaf_weight=6.0593748539686221 18.430551409255713 6.2454623822122803 11.30060003697872 50.933304195292294 762.09207523521036 29.634031981229782 11.527657281607388 7.2496318817138699 10.292148262262343 23.529013015329838 7.6682827528566122
leaf_count=53 57 78 56 244 3174 60 37 33 16 94 40
internal_value=-1.41969e-05 -0.000864687 -0.000513098 -0.0122588 0.000521741 0.00726861 -0.00955075 0.0135821 -0.00599433 0.02041 -0.0315407
internal_weight=944.962 849.002 842.757 69.3639 773.393 95.9601 25.2553 70.7048 17.5418 53.163 13.7277
internal_count=3942 3609 3531 301 3230 333 130 203 49 154 93
is_linear=0
shrinkage=0.04


Tree=286
num_leaves=9
num_cat=0
split_feature=5 23 23 22 20 5 4 18
split_gain=3.57653 4.18298 22.7253 29.1862 15.7948 14.2453 38.3314 12.3656
threshold=58.275000000000013 5.5000000000000009 2.5000000000000004 5.6500000000000012 15.500000000000002 57.065000000000005 0.82250000000000012 0.12257500000000002
decision_type=2 2 2 2 2 2 2 2
left_child=1 2 4 -4 -1 6 -3 -7
right_child=-2 5 3 -5 -6 7 -8 -9
leaf_value=0.006119282732028236 0.027366318846714411 -0.027566926537241087 0.0077571114524167773 -0.037270097843414805 -0.058679344342275008 -0.024982094916815054 0.020316363481589338 -0.00021172846614215304
leaf_weight=176.14705456793308 7.0584032014012328 32.192712098592892 36.050233483314514 59.648634565528482 5.6933528035879126 34.381339042447507 141.6401430722326 451.01257997564971
leaf_count=621 17 291 116 377 32 481 502 1505
internal_value=-1.51621e-05 -0.000257305 -0.00439035 -0.0201481 0.00382544 0.00145443 0.0112803 -0.00203132
internal_weight=943.824 936.766 277.539 95.6989 181.84 659.227 173.833 485.394
internal_count=3942 3925 1146 493 653 2779 793 1986
is_linear=0
shrinkage=0.04


Tree=287
num_leaves=8
num_cat=0
split_feature=6 6 24 19 23 5 21
split_gain=3.48702 9.31051 11.3491 8.59105 4.97401 18.699 13.0361
threshold=0.086185000000000025 0.064330000000000012 0.069800625000000019 3.7500000000000004 5.5000000000000009 56.915000000000006 6.5000000000000009
decision_type=2 2 2 2 2 2 2
left_child=1 4 -3 -2 5 -1 -6
right_child=3 2 -4 -5 6 -7 -8
leaf_value=-0.04845960390639914 -0.015545022014542111 -0.00076855052799137014 -0.072046341842896877 0.029397736086053144 0.012110905982379634 -0.0018783011456178433 -0.0012217520458477008
leaf_weight=14.197886250913141 9.4684885293245333 9.4427280724048597 5.9056586250662795 18.840259820222855 153.74661486176774 247.81659774063155 482.3066963753663
leaf_count=136 26 22 34 38 710 974 2002
internal_value=-1.69993e-05 -0.000470083 -0.0308641 0.0136625 4.39912e-05 -0.0045661 0.00197658
internal_weight=941.725 913.416 15.3484 28.3087 898.068 262.014 636.053
internal_count=3942 3878 56 64 3822 1110 2712
is_linear=0
shrinkage=0.04


Tree=288
num_leaves=8
num_cat=0
split_feature=0 15 20 10 23 11 18
split_gain=3.45694 4.68425 4.34134 7.99927 7.1228 4.06038 4.68773
threshold=0.13250000000000003 0.70150000000000012 1.5000000000000002 -48.85499999999999 1.0000000180025095e-35 -2004.2149999999999 0.51953500000000019
decision_type=2 2 2 2 2 2 2
left_child=5 2 3 -2 -4 -1 -7
right_child=1 -3 4 -5 -6 6 -8
leaf_value=0.033058434623466193 -0.0026435220128848366 -0.034677054740040271 0.011697879468846251 0.019138970912523947 -0.0022299588735419217 -0.039173537178865722 0.024915748860269447
leaf_weight=10.235399805009367 55.320052924565971 5.8280790606513611 62.962789150886238 49.575958022847772 750.71571606118232 3.0853008832782498 2.9927930030971766
leaf_count=18 314 42 226 157 3145 30 10
internal_value=-2.11708e-05 -0.000369118 -0.000110937 0.00750352 -0.00112113 0.0179304 -0.00508101
internal_weight=940.716 924.403 918.575 104.896 813.679 16.3135 6.07809
internal_count=3942 3884 3842 471 3371 58 40
is_linear=0
shrinkage=0.04


Tree=289
num_leaves=12
num_cat=0
split_feature=23 21 22 18 11 10 20 20 5 17 20
split_gain=3.49928 11.2059 12.9517 12.4716 5.80795 8.33746 10.6465 6.32238 4.55902 3.52322 2.74727
threshold=20.500000000000004 191.50000000000003 3.2500000000000004 0.15654500000000002 -103100.20499999999 -42843.509999999987 14.500000000000002 17.500000000000004 57.105000000000011 1.5000000000000002 12.500000000000002
decision_type=2 2 2 2 2 2 2 2 2 2 2
left_child=4 2 9 -4 8 6 -6 -7 -1 -2 -3
right_child=1 10 3 -5 5 7 -8 -9 -10 -11 -12
leaf_value=0 -0.061096876993275366 -0.066654530942648255 -0.03254114963003487 0.018033831104808062 -0.048205119980994873 -0.00035068164722370387 0.020019888825460925 -0.026401435636373247 0.037231873968783996 -0.0001000013118276197 -0.006986231007259037
leaf_weight=9.0700627192854899 4.217740597203373 3.2323084212839595 7.8010930605232707 92.738686267286539 12.262155244126918 774.49012359115295 4.3225222975015631 14.751942276954649 10.687591657042502 3.2367129381746054 3.3248107843101025
leaf_count=32 43 25 146 229 68 3283 7 66 14 13 16
internal_value=-1.91068e-05 0.00649462 0.00979509 0.0137701 -0.000950492 -0.00150448 -0.0291873 -0.000879335 0.0201364 -0.0387975 -0.0418721
internal_weight=940.136 114.551 107.994 100.54 825.584 805.827 16.5847 789.242 19.7577 7.45445 6.55712
internal_count=3942 472 431 375 3470 3424 75 3349 46 56 41
is_linear=0
shrinkage=0.04


Tree=290
num_leaves=11
num_cat=0
split_feature=21 21 12 21 4 21 21 20 11 4
split_gain=3.45982 7.61983 8.39705 5.05606 10.9846 5.4034 10.0731 2.65725 1.3547 1.13993
threshold=170.50000000000003 191.50000000000003 18.500000000000004 144.50000000000003 1.8950000000000002 135.50000000000003 122.50000000000001 12.500000000000002 -42178.724999999999 0.26350000000000007
decision_type=2 2 2 2 2 2 2 2 2 2
left_child=3 8 7 5 9 6 -1 -3 -2 -5
right_child=1 2 -4 4 -6 -7 -8 -9 -10 -11
leaf_value=3.8289586520746493e-05 0.038982566668393094 -0.065819874313898158 0.021073062441557627 -0.0083060454722383627 0.023024604710990961 0.029448690272974237 -0.038220433320863431 -0.0067489104326056062 0.01103115687458308 -0.052415598086062144
leaf_weight=871.88554736925289 10.985758632421495 3.1503707282245141 6.1010466367006302 2.578520279377698 4.9362124577164641 9.2933164611458761 10.639602858573197 3.3217028677463531 7.5660974532365826 8.4601215096190554
leaf_count=3623 17 25 19 17 13 35 81 16 29 67
internal_value=-2.58063e-05 0.0129571 -0.00971115 -0.00049985 -0.0224617 -7.16749e-05 -0.000421684 -0.0410293 0.0292214 -0.0446517
internal_weight=938.918 31.125 12.5731 907.793 15.9749 891.818 882.525 6.47207 18.5519 11.0386
internal_count=3942 106 60 3836 97 3739 3704 41 46 84
is_linear=0
shrinkage=0.04


Tree=291
num_leaves=9
num_cat=0
split_feature=5 4 20 20 23 17 10 22
split_gain=3.42625 6.15492 4.91751 7.27434 16.2149 11.8725 6.93221 1.51545
threshold=58.215000000000011 0.95800000000000007 17.500000000000004 14.500000000000002 7.5000000000000009 11.500000000000002 -8970.034999999998 4.5500000000000007
decision_type=2 2 2 2 2 2 2 2
left_child=2 -2 3 5 -5 -1 -4 -8
right_child=1 -3 6 4 -6 -7 7 -9
leaf_value=-0.00022457091800972374 0.030627644835590218 -0.0077584819798253478 0.010163309479273812 0.025637927118159411 -0.031612463009326894 -0.033964194340111609 -0.0093201203738640156 -0.051928578818572976
leaf_weight=829.68636742932722 14.950981337577106 10.308253228664396 5.8099040985107449 41.041049040853977 9.0550301987677795 16.563281858339906 3.4801225513219816 7.1289939694106579
leaf_count=3593 30 25 13 89 39 96 11 46
internal_value=-2.42562e-05 0.0143394 -0.000451278 -2.56543e-05 0.0146843 -0.000928228 -0.0218174 -0.0408005
internal_weight=938.024 25.2592 912.765 896.346 50.0961 846.25 16.419 10.6091
internal_count=3942 55 3887 3817 128 3689 70 57
is_linear=0
shrinkage=0.04


Tree=292
num_leaves=11
num_cat=0
split_feature=3 5 22 4 3 3 0 0 0 11
split_gain=3.37084 10.6226 13.4845 14.08 6.9105 6.40644 5.26577 15.3842 13.642 3.77918
threshold=22405.755000000001 57.07500000000001 8.7500000000000018 5.6565000000000012 30741.855000000003 19845.855000000003 1.8335000000000001 1.6865000000000003 5.089500000000001 -9531.8349999999973
decision_type=2 2 2 2 2 2 2 2 2 2
left_child=5 -2 4 -4 -3 6 7 -1 -8 -7
right_child=1 2 3 -5 -6 9 8 -9 -10 -11
leaf_value=-0.00045243383080774879 0.035116120421999165 0.03018686315460006 -0.056749319164703903 0.0077112829099703637 -0.0079272373302016908 0 -0.042579309920881929 0.042272351226758861 0.010305861596859915 -0.055459446203335733
leaf_weight=818.23985317000188 17.283415779471397 19.370355222374204 10.601760444231333 9.4688760526478273 10.933793067000805 3.6416029036045074 15.361117592081429 13.204933874309061 14.138699658215044 4.9117039628326875
leaf_count=3514 22 39 82 40 40 11 96 19 44 35
internal_value=-2.64595e-05 0.00851732 -0.000470945 -0.0259177 0.0158805 -0.000718778 -0.000343118 0.000227075 -0.0168165 -0.0342149
internal_weight=937.156 67.6582 50.3748 20.0706 30.3041 869.498 860.945 831.445 29.4998 8.55331
internal_count=3942 223 201 122 79 3719 3673 3533 140 46
is_linear=0
shrinkage=0.04


Tree=293
num_leaves=15
num_cat=0
split_feature=24 24 8 2 20 20 22 2 2 19 23 14 22 22
split_gain=3.34764 8.09002 19.4957 11.3601 7.6748 10.4808 9.15042 7.27613 9.98217 9.16004 7.5379 9.12799 7.31904 7.10547
threshold=0.021827355000000003 0.054121440000000014 0.94450000000000001 220.19500000000002 3.5000000000000004 9.5000000000000018 6.0500000000000007 105.74000000000001 74.27500000000002 63.350000000000009 4.5000000000000009 1.0000000180025095e-35 6.8500000000000005 2.7500000000000004
decision_type=2 2 2 2 2 2 2 2 2 2 2 2 2 2
left_child=7 2 3 -2 6 -6 -3 8 12 -10 11 -9 -1 -4
right_child=1 4 13 -5 5 -7 -8 10 9 -11 -12 -13 -14 -15
leaf_value=0.026959836810578508 -0.01351284047796839 0.017991349276380537 0.0079783666787967729 0.020153403992589265 -0.0068943233244402333 0.0046052287191318628 0.00030058797440293925 0.022010730307289075 -0.057642522746472087 0.010036343883024228 0.0204621852603862 -0.039420218582218308 -0.0099456869730782469 -0.046196475439151313
leaf_weight=14.129848292097448 38.552930288016796 76.056286850944161 3.6759717166423824 26.694154964759946 304.08323237253353 214.94609448313713 126.44292605156079 6.3375102989375591 8.7966863345354778 3.9889728575944892 59.0701899304986 7.8874552398920041 19.505114840343595 25.670437397435308
leaf_count=22 181 262 8 66 1424 744 780 21 55 9 125 34 74 137
internal_value=-2.57518e-05 -0.00096438 -0.011939 5.15269e-06 0.000453987 -0.00209366 0.0070715 0.00618406 -0.00586902 -0.0354391 0.0140768 -0.0108752 0.00514 -0.0387204
internal_weight=935.838 816.122 94.5935 65.2471 721.529 519.029 202.499 119.716 46.4206 12.7857 73.2952 14.225 33.635 29.3464
internal_count=3942 3602 392 247 3210 2168 1042 340 160 64 180 55 96 145
is_linear=0
shrinkage=0.04


Tree=294
num_leaves=13
num_cat=0
split_feature=8 0 0 6 24 11 6 24 4 4 19 23
split_gain=3.33557 5.92501 8.55569 5.37905 17.5695 12.9647 12.4226 11.1514 7.78429 7.64771 1.68898 0.890804
threshold=0.0055000000000000005 1.5585000000000002 0.90650000000000019 0.0055800000000000008 0.18626825500000002 24.575000000000006 0.0080700000000000025 0.29717336000000005 1.2595000000000003 0.18750000000000003 -1.0000000180025095e-35 8.5000000000000018
decision_type=2 2 2 2 2 2 2 2 2 2 2 2
left_child=1 2 11 4 5 -2 8 -6 -5 -8 -4 -1
right_child=3 -3 10 6 7 -7 9 -9 -10 -11 -12 -13
leaf_value=0.029073619928303752 -0.0072561736007490385 0.037534201105306871 -0.04346383193537226 0.026571765867669517 0.032878845969935719 -0.051914405930236079 0.011876703031120227 -0.0089469920858781509 -0.0030743220010661003 -0.0022111751818979447 0 0.0048143868586772139
leaf_weight=6.7660429170355254 25.091441322118044 9.8628624025732261 5.5801831278950003 44.373006233945489 17.146289486438036 19.186222085729241 66.988493151497096 22.671314294449985 18.907538708299398 688.34341659233905 1.395974353887137 7.647710582241416
leaf_count=16 90 19 84 92 29 138 247 139 59 2985 13 31
internal_value=-2.20039e-05 0.0126975 0 -0.000491295 -0.0101048 -0.0274176 0.00047744 0.00875241 0.0174456 -0.000928265 -0.0342768 0.018136
internal_weight=933.96 31.2528 21.3899 902.708 84.0953 44.2777 818.612 39.8176 63.2805 755.332 6.97616 14.4138
internal_count=3942 163 144 3779 396 228 3383 168 151 3232 97 47
is_linear=0
shrinkage=0.04


Tree=295
num_leaves=12
num_cat=0
split_feature=21 4 10 4 4 5 22 4 5 14 4
split_gain=3.29873 7.27772 8.01522 5.131 25.421 13.0754 11.8046 11.4939 16.2545 10.7741 1.44901
threshold=170.50000000000003 1.3495000000000001 -45428.914999999994 1.4470000000000003 1.5210000000000001 57.055000000000007 22.350000000000005 1.2655000000000001 57.095000000000006 1.0000000180025095e-35 0.73150000000000015
decision_type=2 2 2 2 2 2 2 2 2 2 2
left_child=3 10 -3 7 5 -5 -6 9 -9 -1 -2
right_child=1 2 -4 4 6 -7 -8 8 -10 -11 -12
leaf_value=0.0077720626815924211 0.011481140218823998 0.035120328545617807 -0.041476677640432148 0.074341395501481472 0.0025299566657598993 0.015929018973260732 -0.030086249972710553 0.023380353144457737 -0.041153896246825097 -0.0043705351775087291 0.03656416056578371
leaf_weight=157.37591265747324 11.115536786615854 2.5568492412567156 6.1621703878045047 10.670425958931448 219.93269252986647 17.012797383591533 18.807056422811002 7.4872045544907442 24.918151169084013 445.49895351636223 10.78906127810478
leaf_count=553 32 2 59 13 833 44 161 24 149 2059 13
internal_value=-1.94918e-05 0.012761 -0.0161587 -0.000482541 0.00414425 0.040073 -1.33413e-05 -0.00245611 -0.0255069 -0.00116384 0.0252687
internal_weight=932.327 30.6236 8.71902 901.703 266.423 27.6832 238.74 635.28 32.4054 602.875 21.9046
internal_count=3942 106 61 3836 1051 57 994 2785 173 2612 45
is_linear=0
shrinkage=0.04


Tree=296
num_leaves=14
num_cat=0
split_feature=23 22 21 18 20 4 23 10 5 18 17 20 2
split_gain=3.33297 10.6775 11.6508 12.0033 5.35314 9.06495 7.84386 12.6879 8.81946 5.73573 3.40891 2.59033 0.973598
threshold=20.500000000000004 3.2500000000000004 191.50000000000003 0.45268500000000006 1.5000000000000002 5.1455000000000011 1.0000000180025095e-35 88.660000000000011 57.065000000000005 0.12494500000000001 1.5000000000000002 12.500000000000002 141.07000000000002
decision_type=2 2 2 2 2 2 2 2 2 2 2 2 2
left_child=4 10 3 -3 5 9 7 -6 -8 -1 -2 -4 -7
right_child=1 2 11 -5 6 12 8 -9 -10 -11 -12 -13 -14
leaf_value=-0.0066088723111047609 -0.060298509843821416 -0.0071433548031308381 -0.065393672079742893 0.022627936232593116 0.021707730879727789 -0.0011924985885315967 0.0028588078169276359 -0.019112051277418676 -0.0068375642163054397 0.016395818093239117 0 -0.0061051920815913888 -0.049693191820779456
leaf_weight=21.05795207247138 4.1404998106881967 29.92372384108603 3.0096300914883605 69.01426325365901 47.177702562883496 1.8669608118943859 226.59727594442666 15.445745023898779 430.01845761854202 72.081667896360159 3.2157483622431755 3.2276357226073742 3.8456457071006298
leaf_count=216 43 235 25 140 115 17 1045 112 1771 160 13 16 34
internal_value=-1.24536e-05 0.0064041 0.00987337 0.0134319 -0.000922879 0.00773803 -0.00214557 0.0112513 -0.00346129 0.0109736 -0.0381233 -0.0404119 -0.0384334
internal_weight=930.623 112.532 105.175 98.938 818.091 98.8522 719.239 62.6234 656.616 93.1396 7.35625 6.23727 5.71261
internal_count=3942 472 416 375 3470 427 3043 227 2816 376 56 41 51
is_linear=0
shrinkage=0.04


Tree=297
num_leaves=8
num_cat=0
split_feature=0 15 3 24 4 11 18
split_gain=3.35572 4.23563 3.80727 10.2276 5.51965 3.75944 4.43112
threshold=0.13250000000000003 0.70150000000000012 22405.755000000001 0.21567257000000004 1.8080000000000003 -2004.2149999999999 0.51953500000000019
decision_type=2 2 2 2 2 2 2
left_child=5 2 4 -4 -2 -1 -7
right_child=1 -3 3 -5 -6 6 -8
leaf_value=0.032490877097499031 0.00063943679955380311 -0.033279469102537235 0.017109892546610585 -0.021830320276965902 -0.0077315164057387802 -0.038389954962099987 0.024570385392858229
leaf_weight=10.049682226032017 688.94530411832966 5.7171343434602013 52.61445899028331 12.705808140337465 152.98729186574928 2.9796499591320744 2.9593640845268965
leaf_count=18 2890 42 138 78 736 30 10
internal_value=-1.94278e-05 -0.000363712 -0.000116042 0.00912326 -0.000861592 0.0178415 -0.00443945
internal_weight=928.959 912.97 907.253 65.3203 841.933 15.9887 5.93901
internal_count=3942 3884 3842 216 3626 58 40
is_linear=0
shrinkage=0.04


Tree=298
num_leaves=9
num_cat=0
split_feature=6 6 20 19 6 6 21 1
split_gain=3.31887 8.62479 11.3046 8.26552 4.73619 10.9831 4.94822 3.96985
threshold=0.086185000000000025 0.064330000000000012 9.5000000000000018 3.7500000000000004 0.030015000000000003 0.015205000000000002 16.500000000000004 6742.3450000000003
decision_type=2 2 2 2 2 2 2 2
left_child=1 4 7 -2 5 -1 -6 -3
right_child=3 2 -4 -5 6 -7 -8 -9
leaf_value=0.00058040271085515701 -0.015158373147727543 -0.076044393492145548 0.012436232398305921 0.029078633807605957 0.00012902695645434145 -0.01405877935298951 0.015289378622439969 -0.0139086175303336
leaf_weight=646.57195059233345 9.4449283033609408 5.8420938923954946 5.4863992035388938 18.488398671150208 84.70948038995266 93.096510699018836 60.887949343770742 3.7981451451778412
leaf_count=3077 26 32 9 38 210 406 129 15
internal_value=-1.82148e-05 -0.000464346 -0.0299241 0.0134141 3.30647e-05 -0.00124335 0.00663652 -0.0554289
internal_weight=928.326 900.393 15.1266 27.9333 885.266 739.668 145.597 9.64024
internal_count=3942 3878 56 64 3822 3483 339 47
is_linear=0
shrinkage=0.04


Tree=299
num_leaves=10
num_cat=0
split_feature=4 4 22 3 4 18 22 22 8
split_gain=3.3426 4.29024 11.5968 14.3621 9.67544 19.1823 9.04172 3.38783 2.24282
threshold=0.05050000000000001 0.18750000000000003 16.250000000000004 4622.1000000000013 0.24250000000000002 0.25562500000000005 17.950000000000003 20.450000000000003 0.99850000000000005
decision_type=2 2 2 2 2 2 2 2 2
left_child=8 2 3 -2 5 -3 -6 -4 -1
right_child=1 4 7 -5 6 -7 -8 -9 -10
leaf_value=-0.041215077028135212 0.0073590429280026414 0.029498307416342608 0.041628219187959593 -0.052989971644270557 0.0021000330447284062 -0.064077948796478879 -0.0081529864347951141 0.013431300987652226 0.0031678073453730612
leaf_weight=4.7341368657071135 26.278864225372672 4.6304038520902386 14.267853766679762 7.6429453492164603 666.09926907531917 9.7286384180188161 172.91275054356083 19.720709657296538 1.5037495791912077
leaf_count=90 78 12 19 61 2449 50 1122 54 7
internal_value=-1.6701e-05 0.000166937 0.00982194 -0.00622941 -0.000583277 -0.0325789 0 0.0262797 -0.0281064
internal_weight=927.519 921.281 67.9104 33.9218 853.371 14.359 839.012 33.9886 6.23789
internal_count=3942 3845 212 139 3633 62 3571 73 97
is_linear=0
shrinkage=0.04


end of trees

feature_importances:
f_book_imbalance_10=301
f_ret_24h=295
f_signals_24h=260
f_btc_dom_pct=258
f_spread_bps=227
f_btc_rel_ret_5m=222
f_cvd_60s=165
f_vwap_300s=163
f_utc_hour=160
f_signals_1h=141
f_cvd_30s=135
f_ask_depth_trend=121
f_ask_depth_usd=108
f_candle_close_str_1m=102
f_avg_trade_size_60s=89
f_secs_since_onset=77
f_fear_greed=68
f_bid_depth_usd=59
f_market_breadth_5m=51
f_higher_lows_3m=45
f_large_trade_pct_60s=21
f_rank_60s=8
f_cg_trending=4

parameters:
[boosting: gbdt]
[objective: binary]
[metric: binary_logloss]
[tree_learner: serial]
[device_type: cpu]
[data_sample_strategy: bagging]
[data: ]
[valid: ]
[num_iterations: 300]
[learning_rate: 0.04]
[num_leaves: 15]
[num_threads: 0]
[seed: 0]
[deterministic: 0]
[force_col_wise: 0]
[force_row_wise: 0]
[histogram_pool_size: -1]
[max_depth: 4]
[min_data_in_leaf: 20]
[min_sum_hessian_in_leaf: 0.001]
[bagging_fraction: 1]
[pos_bagging_fraction: 1]
[neg_bagging_fraction: 1]
[bagging_freq: 0]
[bagging_seed: 3]
[bagging_by_query: 0]
[feature_fraction: 1]
[feature_fraction_bynode: 1]
[feature_fraction_seed: 2]
[extra_trees: 0]
[extra_seed: 6]
[early_stopping_round: 0]
[early_stopping_min_delta: 0]
[first_metric_only: 0]
[max_delta_step: 0]
[lambda_l1: 0.5]
[lambda_l2: 0.5]
[linear_lambda: 0]
[min_gain_to_split: 0]
[drop_rate: 0.1]
[max_drop: 50]
[skip_drop: 0.5]
[xgboost_dart_mode: 0]
[uniform_drop: 0]
[drop_seed: 4]
[top_rate: 0.2]
[other_rate: 0.1]
[min_data_per_group: 100]
[max_cat_threshold: 32]
[cat_l2: 10]
[cat_smooth: 10]
[max_cat_to_onehot: 4]
[top_k: 20]
[monotone_constraints: ]
[monotone_constraints_method: basic]
[monotone_penalty: 0]
[feature_contri: ]
[forcedsplits_filename: ]
[refit_decay_rate: 0.9]
[cegb_tradeoff: 1]
[cegb_penalty_split: 0]
[cegb_penalty_feature_lazy: ]
[cegb_penalty_feature_coupled: ]
[path_smooth: 0]
[interaction_constraints: ]
[verbosity: -1]
[saved_feature_importance_type: 0]
[use_quantized_grad: 0]
[num_grad_quant_bins: 4]
[quant_train_renew_leaf: 0]
[stochastic_rounding: 1]
[linear_tree: 0]
[max_bin: 255]
[max_bin_by_feature: ]
[min_data_in_bin: 3]
[bin_construct_sample_cnt: 200000]
[data_random_seed: 1]
[is_enable_sparse: 1]
[enable_bundle: 1]
[use_missing: 1]
[zero_as_missing: 0]
[feature_pre_filter: 1]
[pre_partition: 0]
[two_round: 0]
[header: 0]
[label_column: ]
[weight_column: ]
[group_column: ]
[ignore_column: ]
[categorical_feature: ]
[forcedbins_filename: ]
[precise_float_parser: 0]
[parser_config_file: ]
[objective_seed: 5]
[num_class: 1]
[is_unbalance: 0]
[scale_pos_weight: 1]
[sigmoid: 1]
[boost_from_average: 1]
[reg_sqrt: 0]
[alpha: 0.9]
[fair_c: 1]
[poisson_max_delta_step: 0.7]
[tweedie_variance_power: 1.5]
[lambdarank_truncation_level: 30]
[lambdarank_norm: 1]
[label_gain: ]
[lambdarank_position_bias_regularization: 0]
[eval_at: ]
[multi_error_top_k: 1]
[auc_mu_weights: ]
[num_machines: 1]
[local_listen_port: 12400]
[time_out: 120]
[machine_list_filename: ]
[machines: ]
[gpu_platform_id: -1]
[gpu_device_id: -1]
[gpu_use_dp: 0]
[num_gpu: 1]

end of parameters

pandas_categorical:null
